t_sec,angle,delta,jump
0.0002,276.943359,0.000000,0
0.0205,276.943359,0.000000,0
0.0408,276.943359,0.000000,0
0.0610,276.943359,0.000000,0
0.0812,276.943359,0.000000,0
0.1014,276.943359,0.000000,0
0.1216,276.943359,0.000000,0
0.1418,276.943359,0.000000,0
0.1629,276.943359,0.000000,0
0.1830,276.943359,0.000000,0
0.2033,276.943359,0.000000,0
0.2235,276.943359,0.000000,0
0.2477,276.943359,0.000000,0
0.2679,276.943359,0.000000,0
0.2881,276.943359,0.000000,0
0.3084,276.943359,0.000000,0
0.3287,276.943359,0.000000,0
0.3489,276.943359,0.000000,0
0.3691,276.943359,0.000000,0
0.3893,276.943359,0.000000,0
0.4095,276.943359,0.000000,0
0.4298,276.943359,0.000000,0
0.4500,276.943359,0.000000,0
0.4702,276.943359,0.000000,0
0.4906,276.855469,-0.087891,0
0.5108,276.855469,0.000000,0
0.5310,276.855469,0.000000,0
0.5512,276.855469,0.000000,0
0.5714,276.855469,0.000000,0
0.5917,276.855469,0.000000,0
0.6119,276.767578,-0.087891,0
0.6327,276.767578,0.000000,0
0.6530,276.767578,0.000000,0
0.6732,276.767578,0.000000,0
0.6934,276.767578,0.000000,0
0.7137,276.767578,0.000000,0
0.7340,276.767578,0.000000,0
0.7542,276.767578,0.000000,0
0.7744,276.767578,0.000000,0
0.7947,276.679688,-0.087891,0
0.8150,276.679688,0.000000,0
0.8352,276.679688,0.000000,0
0.8556,276.679688,0.000000,0
0.8759,276.679688,0.000000,0
0.8962,276.679688,0.000000,0
0.9164,276.679688,0.000000,0
0.9366,276.679688,0.000000,0
0.9569,276.679688,0.000000,0
0.9771,276.679688,0.000000,0
0.9973,276.679688,0.000000,0
1.0176,276.679688,0.000000,0
1.0378,276.679688,0.000000,0
1.0580,276.679688,0.000000,0
1.0782,276.591797,-0.087891,0
1.0985,276.591797,0.000000,0
1.1187,276.591797,0.000000,0
1.1389,276.591797,0.000000,0
1.1591,276.591797,0.000000,0
1.1793,276.591797,0.000000,0
1.1996,276.591797,0.000000,0
1.2199,276.591797,0.000000,0
1.2401,276.591797,0.000000,0
1.2603,276.591797,0.000000,0
1.2806,276.591797,0.000000,0
1.3008,276.591797,0.000000,0
1.3211,276.591797,0.000000,0
1.3413,276.591797,0.000000,0
1.3615,276.591797,0.000000,0
1.3819,276.591797,0.000000,0
1.4021,276.591797,0.000000,0
1.4223,276.591797,0.000000,0
1.4425,276.591797,0.000000,0
1.4627,276.591797,0.000000,0
1.4830,276.591797,0.000000,0
1.5032,276.591797,0.000000,0
1.5234,276.591797,0.000000,0
1.5437,276.591797,0.000000,0
1.5639,276.591797,0.000000,0
1.5850,276.591797,0.000000,0
1.6053,276.591797,0.000000,0
1.6255,276.591797,0.000000,0
1.6458,276.591797,0.000000,0
1.6660,276.591797,0.000000,0
1.6863,276.591797,0.000000,0
1.7065,276.503906,-0.087891,0
1.7267,276.503906,0.000000,0
1.7470,276.503906,0.000000,0
1.7672,276.503906,0.000000,0
1.7875,276.503906,0.000000,0
1.8078,276.503906,0.000000,0
1.8281,276.503906,0.000000,0
1.8485,276.503906,0.000000,0
1.8687,276.503906,0.000000,0
1.8889,276.503906,0.000000,0
1.9092,276.503906,0.000000,0
1.9294,276.503906,0.000000,0
1.9496,276.503906,0.000000,0
1.9699,276.503906,0.000000,0
1.9901,276.503906,0.000000,0
2.0103,276.503906,0.000000,0
2.0306,276.503906,0.000000,0
2.0508,276.503906,0.000000,0
2.0711,276.503906,0.000000,0
2.0913,276.503906,0.000000,0
2.1115,276.503906,0.000000,0
2.1317,276.503906,0.000000,0
2.1520,276.503906,0.000000,0
2.1724,276.503906,0.000000,0
2.1927,276.503906,0.000000,0
2.2129,276.503906,0.000000,0
2.2332,276.503906,0.000000,0
2.2534,276.503906,0.000000,0
2.2736,276.503906,0.000000,0
2.2939,276.503906,0.000000,0
2.3141,276.503906,0.000000,0
2.3342,276.503906,0.000000,0
2.3545,276.503906,0.000000,0
2.3748,276.503906,0.000000,0
2.3950,276.503906,0.000000,0
2.4152,276.503906,0.000000,0
2.4355,276.503906,0.000000,0
2.4557,276.503906,0.000000,0
2.4760,276.503906,0.000000,0
2.4962,276.503906,0.000000,0
2.5164,276.503906,0.000000,0
2.5366,276.503906,0.000000,0
2.5579,276.503906,0.000000,0
2.5782,276.503906,0.000000,0
2.5984,276.503906,0.000000,0
2.6188,276.503906,0.000000,0
2.6392,276.503906,0.000000,0
2.6595,276.503906,0.000000,0
2.6797,276.503906,0.000000,0
2.7000,276.503906,0.000000,0
2.7203,276.503906,0.000000,0
2.7413,276.503906,0.000000,0
2.7615,276.503906,0.000000,0
2.7818,276.503906,0.000000,0
2.8020,276.503906,0.000000,0
2.8222,276.503906,0.000000,0
2.8426,276.503906,0.000000,0
2.8628,276.503906,0.000000,0
2.8831,276.503906,0.000000,0
2.9033,276.503906,0.000000,0
2.9235,276.503906,0.000000,0
2.9437,276.503906,0.000000,0
2.9639,276.503906,0.000000,0
2.9841,276.503906,0.000000,0
3.0043,276.503906,0.000000,0
3.0246,276.503906,0.000000,0
3.0448,276.503906,0.000000,0
3.0651,276.503906,0.000000,0
3.0853,276.503906,0.000000,0
3.1056,276.503906,0.000000,0
3.1259,276.503906,0.000000,0
3.1461,276.503906,0.000000,0
3.1664,276.503906,0.000000,0
3.1866,276.503906,0.000000,0
3.2068,276.503906,0.000000,0
3.2270,276.503906,0.000000,0
3.2472,276.503906,0.000000,0
3.2675,276.503906,0.000000,0
3.2877,276.503906,0.000000,0
3.3079,276.503906,0.000000,0
3.3282,276.503906,0.000000,0
3.3485,276.503906,0.000000,0
3.3687,276.503906,0.000000,0
3.3891,276.503906,0.000000,0
3.4093,276.503906,0.000000,0
3.4295,276.503906,0.000000,0
3.4497,276.503906,0.000000,0
3.4700,276.503906,0.000000,0
3.4902,276.503906,0.000000,0
3.5105,276.503906,0.000000,0
3.5307,276.503906,0.000000,0
3.5509,276.503906,0.000000,0
3.5712,276.503906,0.000000,0
3.5914,276.503906,0.000000,0
3.6116,276.503906,0.000000,0
3.6320,276.503906,0.000000,0
3.6522,276.503906,0.000000,0
3.6724,276.503906,0.000000,0
3.6926,276.503906,0.000000,0
3.7129,276.503906,0.000000,0
3.7332,276.503906,0.000000,0
3.7534,276.503906,0.000000,0
3.7737,276.503906,0.000000,0
3.7939,276.503906,0.000000,0
3.8141,276.503906,0.000000,0
3.8343,276.503906,0.000000,0
3.8545,276.503906,0.000000,0
3.8747,276.503906,0.000000,0
3.8949,276.503906,0.000000,0
3.9152,276.503906,0.000000,0
3.9354,276.503906,0.000000,0
3.9556,276.503906,0.000000,0
3.9759,276.503906,0.000000,0
3.9961,276.503906,0.000000,0
4.0164,276.503906,0.000000,0
4.0366,276.503906,0.000000,0
4.0570,276.503906,0.000000,0
4.0772,276.503906,0.000000,0
4.0974,276.503906,0.000000,0
4.1176,276.503906,0.000000,0
4.1378,276.503906,0.000000,0
4.1580,276.503906,0.000000,0
4.1783,276.503906,0.000000,0
4.1986,276.503906,0.000000,0
4.2190,276.503906,0.000000,0
4.2393,276.503906,0.000000,0
4.2596,276.503906,0.000000,0
4.2799,276.503906,0.000000,0
4.3002,276.503906,0.000000,0
4.3205,276.591797,0.087891,0
4.3407,276.503906,-0.087891,0
4.3610,276.503906,0.000000,0
4.3814,276.503906,0.000000,0
4.4017,276.503906,0.000000,0
4.4219,276.503906,0.000000,0
4.4422,276.503906,0.000000,0
4.4624,276.591797,0.087891,0
4.4827,276.503906,-0.087891,0
4.5030,276.503906,0.000000,0
4.5233,276.503906,0.000000,0
4.5436,276.503906,0.000000,0
4.5639,276.503906,0.000000,0
4.5849,276.591797,0.087891,0
4.6052,276.503906,-0.087891,0
4.6256,276.503906,0.000000,0
4.6458,276.503906,0.000000,0
4.6661,276.503906,0.000000,0
4.6864,276.503906,0.000000,0
4.7067,276.503906,0.000000,0
4.7269,276.503906,0.000000,0
4.7473,276.503906,0.000000,0
4.7675,276.503906,0.000000,0
4.7879,276.503906,0.000000,0
4.8081,276.503906,0.000000,0
4.8284,276.503906,0.000000,0
4.8487,276.503906,0.000000,0
4.8690,276.503906,0.000000,0
4.8893,276.503906,0.000000,0
4.9096,276.503906,0.000000,0
4.9299,276.503906,0.000000,0
4.9501,276.503906,0.000000,0
4.9704,276.503906,0.000000,0
4.9908,276.503906,0.000000,0
5.0110,276.503906,0.000000,0
5.0313,276.503906,0.000000,0
5.0516,276.503906,0.000000,0
5.0719,276.503906,0.000000,0
5.0922,276.503906,0.000000,0
5.1125,276.503906,0.000000,0
5.1329,276.503906,0.000000,0
5.1531,276.591797,0.087891,0
5.1735,276.503906,-0.087891,0
5.1938,276.591797,0.087891,0
5.2146,276.503906,-0.087891,0
5.2350,276.503906,0.000000,0
5.2553,276.503906,0.000000,0
5.2757,276.591797,0.087891,0
5.2963,276.503906,-0.087891,0
5.3166,276.591797,0.087891,0
5.3370,276.503906,-0.087891,0
5.3573,276.503906,0.000000,0
5.3776,276.503906,0.000000,0
5.3979,276.503906,0.000000,0
5.4181,276.591797,0.087891,0
5.4384,276.591797,0.000000,0
5.4590,276.503906,-0.087891,0
5.4794,276.503906,0.000000,0
5.4998,276.503906,0.000000,0
5.5203,276.503906,0.000000,0
5.5406,276.591797,0.087891,0
5.5609,276.591797,0.000000,0
5.5811,276.503906,-0.087891,0
5.6014,276.503906,0.000000,0
5.6217,276.591797,0.087891,0
5.6419,276.503906,-0.087891,0
5.6622,276.591797,0.087891,0
5.6824,276.503906,-0.087891,0
5.7027,276.503906,0.000000,0
5.7230,276.503906,0.000000,0
5.7432,276.503906,0.000000,0
5.7635,276.503906,0.000000,0
5.7837,276.591797,0.087891,0
5.8040,276.503906,-0.087891,0
5.8243,276.503906,0.000000,0
5.8445,276.503906,0.000000,0
5.8647,276.503906,0.000000,0
5.8850,276.503906,0.000000,0
5.9052,276.503906,0.000000,0
5.9254,276.591797,0.087891,0
5.9456,276.503906,-0.087891,0
5.9658,276.503906,0.000000,0
5.9860,276.503906,0.000000,0
6.0063,276.503906,0.000000,0
6.0265,276.591797,0.087891,0
6.0467,276.503906,-0.087891,0
6.0669,276.503906,0.000000,0
6.0871,276.503906,0.000000,0
6.1073,276.503906,0.000000,0
6.1275,276.503906,0.000000,0
6.1478,276.503906,0.000000,0
6.1680,276.503906,0.000000,0
6.1883,276.591797,0.087891,0
6.2086,276.503906,-0.087891,0
6.2290,276.503906,0.000000,0
6.2492,276.503906,0.000000,0
6.2699,276.503906,0.000000,0
6.2902,276.503906,0.000000,0
6.3104,276.503906,0.000000,0
6.3307,276.591797,0.087891,0
6.3510,276.503906,-0.087891,0
6.3712,276.503906,0.000000,0
6.3915,276.503906,0.000000,0
6.4117,276.591797,0.087891,0
6.4320,276.591797,0.000000,0
6.4522,276.591797,0.000000,0
6.4726,276.503906,-0.087891,0
6.4928,276.503906,0.000000,0
6.5131,276.503906,0.000000,0
6.5333,276.503906,0.000000,0
6.5536,276.503906,0.000000,0
6.5738,276.503906,0.000000,0
6.5940,276.503906,0.000000,0
6.6142,276.503906,0.000000,0
6.6345,276.591797,0.087891,0
6.6547,276.503906,-0.087891,0
6.6749,276.591797,0.087891,0
6.6951,276.591797,0.000000,0
6.7153,276.503906,-0.087891,0
6.7355,276.591797,0.087891,0
6.7558,276.503906,-0.087891,0
6.7761,276.503906,0.000000,0
6.7963,276.503906,0.000000,0
6.8166,276.503906,0.000000,0
6.8368,276.503906,0.000000,0
6.8570,276.503906,0.000000,0
6.8773,276.503906,0.000000,0
6.8976,276.503906,0.000000,0
6.9179,276.591797,0.087891,0
6.9382,276.503906,-0.087891,0
6.9584,276.503906,0.000000,0
6.9787,276.503906,0.000000,0
6.9990,276.503906,0.000000,0
7.0193,276.503906,0.000000,0
7.0395,276.503906,0.000000,0
7.0597,276.503906,0.000000,0
7.0799,276.503906,0.000000,0
7.1001,276.503906,0.000000,0
7.1203,276.503906,0.000000,0
7.1406,276.503906,0.000000,0
7.1608,276.591797,0.087891,0
7.1810,276.503906,-0.087891,0
7.2012,276.503906,0.000000,0
7.2215,276.503906,0.000000,0
7.2418,276.503906,0.000000,0
7.2620,276.503906,0.000000,0
7.2822,276.591797,0.087891,0
7.3025,276.503906,-0.087891,0
7.3228,276.503906,0.000000,0
7.3430,276.591797,0.087891,0
7.3633,276.503906,-0.087891,0
7.3835,276.591797,0.087891,0
7.4039,276.503906,-0.087891,0
7.4241,276.503906,0.000000,0
7.4443,276.503906,0.000000,0
7.4645,276.591797,0.087891,0
7.4848,276.503906,-0.087891,0
7.5050,276.591797,0.087891,0
7.5252,276.503906,-0.087891,0
7.5454,276.591797,0.087891,0
7.5657,276.591797,0.000000,0
7.5859,276.503906,-0.087891,0
7.6062,276.591797,0.087891,0
7.6264,276.591797,0.000000,0
7.6467,276.503906,-0.087891,0
7.6669,276.503906,0.000000,0
7.6872,276.503906,0.000000,0
7.7075,276.591797,0.087891,0
7.7277,276.503906,-0.087891,0
7.7480,276.503906,0.000000,0
7.7682,276.503906,0.000000,0
7.7884,276.591797,0.087891,0
7.8086,276.503906,-0.087891,0
7.8288,276.591797,0.087891,0
7.8490,276.503906,-0.087891,0
7.8693,276.591797,0.087891,0
7.8895,276.591797,0.000000,0
7.9097,276.503906,-0.087891,0
7.9299,276.503906,0.000000,0
7.9501,276.503906,0.000000,0
7.9704,276.503906,0.000000,0
7.9906,276.591797,0.087891,0
8.0108,276.503906,-0.087891,0
8.0311,276.503906,0.000000,0
8.0512,276.591797,0.087891,0
8.0714,276.503906,-0.087891,0
8.0917,276.503906,0.000000,0
8.1120,276.503906,0.000000,0
8.1332,276.503906,0.000000,0
8.1536,276.591797,0.087891,0
8.1740,276.591797,0.000000,0
8.1943,276.503906,-0.087891,0
8.2145,276.591797,0.087891,0
8.2347,276.503906,-0.087891,0
8.2549,276.503906,0.000000,0
8.2751,276.503906,0.000000,0
8.2953,276.503906,0.000000,0
8.3157,276.503906,0.000000,0
8.3359,276.503906,0.000000,0
8.3562,276.503906,0.000000,0
8.3764,276.503906,0.000000,0
8.3966,276.591797,0.087891,0
8.4169,276.591797,0.000000,0
8.4372,276.591797,0.000000,0
8.4575,276.503906,-0.087891,0
8.4777,276.503906,0.000000,0
8.4979,276.591797,0.087891,0
8.5182,276.503906,-0.087891,0
8.5385,276.503906,0.000000,0
8.5591,276.503906,0.000000,0
8.5794,276.503906,0.000000,0
8.5997,276.591797,0.087891,0
8.6200,276.591797,0.000000,0
8.6408,276.503906,-0.087891,0
8.6611,276.503906,0.000000,0
8.6813,276.503906,0.000000,0
8.7015,276.591797,0.087891,0
8.7217,276.503906,-0.087891,0
8.7420,276.503906,0.000000,0
8.7623,276.591797,0.087891,0
8.7826,276.503906,-0.087891,0
8.8028,276.503906,0.000000,0
8.8230,276.591797,0.087891,0
8.8432,276.591797,0.000000,0
8.8635,276.503906,-0.087891,0
8.8837,276.503906,0.000000,0
8.9039,276.503906,0.000000,0
8.9242,276.503906,0.000000,0
8.9444,276.503906,0.000000,0
8.9647,276.503906,0.000000,0
8.9851,276.503906,0.000000,0
9.0053,276.503906,0.000000,0
9.0256,276.503906,0.000000,0
9.0458,276.591797,0.087891,0
9.0662,276.503906,-0.087891,0
9.0864,276.591797,0.087891,0
9.1066,276.503906,-0.087891,0
9.1269,276.503906,0.000000,0
9.1472,276.591797,0.087891,0
9.1674,276.591797,0.000000,0
9.1879,276.503906,-0.087891,0
9.2082,276.503906,0.000000,0
9.2284,276.503906,0.000000,0
9.2486,276.591797,0.087891,0
9.2689,276.503906,-0.087891,0
9.2892,276.503906,0.000000,0
9.3095,276.503906,0.000000,0
9.3297,276.503906,0.000000,0
9.3499,276.503906,0.000000,0
9.3701,276.503906,0.000000,0
9.3903,276.591797,0.087891,0
9.4105,276.503906,-0.087891,0
9.4307,276.591797,0.087891,0
9.4509,276.591797,0.000000,0
9.4712,276.503906,-0.087891,0
9.4914,276.503906,0.000000,0
9.5115,276.503906,0.000000,0
9.5318,276.503906,0.000000,0
9.5520,276.503906,0.000000,0
9.5723,276.503906,0.000000,0
9.5925,276.503906,0.000000,0
9.6127,276.503906,0.000000,0
9.6329,276.591797,0.087891,0
9.6531,276.503906,-0.087891,0
9.6733,276.503906,0.000000,0
9.6936,276.503906,0.000000,0
9.7138,276.591797,0.087891,0
9.7340,276.503906,-0.087891,0
9.7542,276.503906,0.000000,0
9.7745,276.503906,0.000000,0
9.7948,276.591797,0.087891,0
9.8150,276.591797,0.000000,0
9.8353,276.503906,-0.087891,0
9.8555,276.503906,0.000000,0
9.8758,276.503906,0.000000,0
9.8960,276.591797,0.087891,0
9.9162,276.503906,-0.087891,0
9.9365,276.503906,0.000000,0
9.9567,276.503906,0.000000,0
9.9770,276.503906,0.000000,0
9.9972,276.591797,0.087891,0
10.0175,276.591797,0.000000,0
10.0378,276.591797,0.000000,0
10.0580,276.591797,0.000000,0
10.0782,276.591797,0.000000,0
10.0985,276.503906,-0.087891,0
10.1190,276.503906,0.000000,0
10.1394,276.503906,0.000000,0
10.1597,276.503906,0.000000,0
10.1799,276.591797,0.087891,0
10.2002,276.591797,0.000000,0
10.2204,276.591797,0.000000,0
10.2407,276.503906,-0.087891,0
10.2609,276.503906,0.000000,0
10.2813,276.503906,0.000000,0
10.3015,276.503906,0.000000,0
10.3217,276.416016,-0.087891,0
10.3419,276.240234,-0.175781,0
10.3621,276.064453,-0.175781,0
10.3824,275.800781,-0.263672,0
10.4031,275.625000,-0.175781,0
10.4234,275.361328,-0.263672,0
10.4437,275.097656,-0.263672,0
10.4639,274.746094,-0.351562,0
10.4841,274.482422,-0.263672,0
10.5043,273.955078,-0.527344,0
10.5245,273.603516,-0.351562,0
10.5447,273.076172,-0.527344,0
10.5650,272.636719,-0.439453,0
10.5852,272.285156,-0.351562,0
10.6056,271.845703,-0.439453,0
10.6259,271.318359,-0.527344,0
10.6461,270.791016,-0.527344,0
10.6663,270.263672,-0.527344,0
10.6866,269.648438,-0.615234,0
10.7070,268.857422,-0.791016,0
10.7273,268.417969,-0.439453,0
10.7475,267.714844,-0.703125,0
10.7677,266.923828,-0.791016,0
10.7880,266.308594,-0.615234,0
10.8084,265.429688,-0.878906,0
10.8286,264.726562,-0.703125,0
10.8488,264.023438,-0.703125,0
10.8692,263.320312,-0.703125,0
10.8894,262.529297,-0.791016,0
10.9097,261.738281,-0.791016,0
10.9300,260.683594,-1.054688,0
10.9503,259.804688,-0.878906,0
10.9705,259.013672,-0.791016,0
10.9907,257.958984,-1.054688,0
11.0110,257.080078,-0.878906,0
11.0312,256.025391,-1.054688,0
11.0515,255.234375,-0.791016,0
11.0717,254.355469,-0.878906,0
11.0919,253.125000,-1.230469,0
11.1121,252.333984,-0.791016,0
11.1324,251.103516,-1.230469,0
11.1527,250.048828,-1.054688,0
11.1730,248.642578,-1.406250,0
11.1932,247.763672,-0.878906,0
11.2134,246.884766,-0.878906,0
11.2336,245.478516,-1.406250,0
11.2538,244.423828,-1.054688,0
11.2740,243.105469,-1.318359,0
11.2942,242.050781,-1.054688,0
11.3144,240.820312,-1.230469,0
11.3347,239.765625,-1.054688,0
11.3550,238.271484,-1.494141,0
11.3752,237.304688,-0.966797,0
11.3955,235.898438,-1.406250,0
11.4157,234.580078,-1.318359,0
11.4359,233.525391,-1.054688,0
11.4562,231.767578,-1.757812,0
11.4764,230.712891,-1.054688,0
11.4966,229.218750,-1.494141,0
11.5170,227.988281,-1.230469,0
11.5372,226.494141,-1.494141,0
11.5575,225.351562,-1.142578,0
11.5777,223.769531,-1.582031,0
11.5979,222.539062,-1.230469,0
11.6181,220.869141,-1.669922,0
11.6384,219.023438,-1.845703,0
11.6586,217.792969,-1.230469,0
11.6788,216.562500,-1.230469,0
11.6990,213.574219,-2.988281,0
11.7193,211.992188,-1.582031,0
11.7395,210.498047,-1.494141,0
11.7598,208.740234,-1.757812,0
11.7800,207.070312,-1.669922,0
11.8002,205.664062,-1.406250,0
11.8204,203.994141,-1.669922,0
11.8406,202.675781,-1.318359,0
11.8609,200.742188,-1.933594,0
11.8811,199.335938,-1.406250,0
11.9014,198.017578,-1.318359,0
11.9216,196.699219,-1.318359,0
11.9418,194.677734,-2.021484,0
11.9620,193.359375,-1.318359,0
11.9822,191.865234,-1.494141,0
12.0025,190.019531,-1.845703,0
12.0227,188.789062,-1.230469,0
12.0430,186.679688,-2.109375,0
12.0633,185.537109,-1.142578,0
12.0836,183.867188,-1.669922,0
12.1039,182.109375,-1.757812,0
12.1241,180.527344,-1.582031,0
12.1443,179.208984,-1.318359,0
12.1645,177.275391,-1.933594,0
12.1871,175.957031,-1.318359,0
12.2075,174.111328,-1.845703,0
12.2280,172.705078,-1.406250,0
12.2482,170.859375,-1.845703,0
12.2685,169.013672,-1.845703,0
12.2887,167.607422,-1.406250,0
12.3089,165.761719,-1.845703,0
12.3291,164.355469,-1.406250,0
12.3493,162.421875,-1.933594,0
12.3695,161.015625,-1.406250,0
12.3897,158.994141,-2.021484,0
12.4099,157.587891,-1.406250,0
12.4302,155.566406,-2.021484,0
12.4503,154.160156,-1.406250,0
12.4706,151.875000,-2.285156,0
12.4908,150.205078,-1.669922,0
12.5110,148.623047,-1.582031,0
12.5312,146.601562,-2.021484,0
12.5515,145.107422,-1.494141,0
12.5717,143.085938,-2.021484,0
12.5920,141.503906,-1.582031,0
12.6122,139.482422,-2.021484,0
12.6325,137.373047,-2.109375,0
12.6527,135.878906,-1.494141,0
12.6729,134.121094,-1.757812,0
12.6931,131.835938,-2.285156,0
12.7134,130.166016,-1.669922,0
12.7337,128.496094,-1.669922,0
12.7539,126.210938,-2.285156,0
12.7741,124.804688,-1.406250,0
12.7944,122.519531,-2.285156,0
12.8146,121.113281,-1.406250,0
12.8348,118.828125,-2.285156,0
12.8550,117.333984,-1.494141,0
12.8752,115.136719,-2.197266,0
12.8954,113.027344,-2.109375,0
12.9157,111.445312,-1.582031,0
12.9362,109.335938,-2.109375,0
12.9565,107.753906,-1.582031,0
12.9768,105.644531,-2.109375,0
12.9970,104.062500,-1.582031,0
13.0171,101.865234,-2.197266,0
13.0374,100.371094,-1.494141,0
13.0576,98.261719,-2.109375,0
13.0778,96.767578,-1.494141,0
13.0980,94.570312,-2.197266,0
13.1190,90.966797,-3.603516,1
13.1393,89.121094,-1.845703,0
13.1597,87.011719,-2.109375,0
13.1799,85.605469,-1.406250,0
13.2002,83.496094,-2.109375,0
13.2204,82.089844,-1.406250,0
13.2406,79.980469,-2.109375,0
13.2608,78.574219,-1.406250,0
13.2811,76.464844,-2.109375,0
13.3014,75.146484,-1.318359,0
13.3217,72.861328,-2.285156,0
13.3419,71.455078,-1.406250,0
13.3621,69.433594,-2.021484,0
13.3824,68.115234,-1.318359,0
13.4026,66.093750,-2.021484,0
13.4228,64.775391,-1.318359,0
13.4430,62.753906,-2.021484,0
13.4632,61.435547,-1.318359,0
13.4834,59.501953,-1.933594,0
13.5036,58.183594,-1.318359,0
13.5238,56.250000,-1.933594,0
13.5440,54.492188,-1.757812,0
13.5643,53.085938,-1.406250,0
13.5845,51.328125,-1.757812,0
13.6047,49.658203,-1.669922,0
13.6249,48.515625,-1.142578,0
13.6451,46.933594,-1.582031,0
13.6653,45.175781,-1.757812,0
13.6855,43.769531,-1.406250,0
13.7058,42.099609,-1.669922,0
13.7260,40.517578,-1.582031,0
13.7464,38.759766,-1.757812,0
13.7666,37.441406,-1.318359,0
13.7868,35.771484,-1.669922,0
13.8071,34.453125,-1.318359,0
13.8273,32.695312,-1.757812,0
13.8476,31.464844,-1.230469,0
13.8678,29.707031,-1.757812,0
13.8881,27.949219,-1.757812,0
13.9083,26.455078,-1.494141,0
13.9285,24.873047,-1.582031,0
13.9488,23.642578,-1.230469,0
13.9690,21.796875,-1.845703,0
13.9892,20.478516,-1.318359,0
14.0094,18.720703,-1.757812,0
14.0297,17.402344,-1.318359,0
14.0499,15.732422,-1.669922,0
14.0701,14.326172,-1.406250,0
14.0904,12.656250,-1.669922,0
14.1107,11.250000,-1.406250,0
14.1309,9.492188,-1.757812,0
14.1512,7.646484,-1.845703,0
14.1721,6.328125,-1.318359,0
14.1923,4.482422,-1.845703,0
14.2125,3.076172,-1.406250,0
14.2327,1.230469,-1.845703,0
14.2530,0.000000,-1.230469,0
14.2733,357.802734,357.802734,1
14.2935,356.484375,-1.318359,0
14.3137,354.462891,-2.021484,0
14.3339,353.144531,-1.318359,0
14.3542,351.123047,-2.021484,0
14.3744,349.716797,-1.406250,0
14.3946,347.607422,-2.109375,0
14.4149,345.673828,-1.933594,0
14.4352,344.091797,-1.582031,0
14.4554,342.070312,-2.021484,0
14.4756,340.576172,-1.494141,0
14.4959,338.466797,-2.109375,0
14.5161,336.708984,-1.757812,0
14.5364,335.214844,-1.494141,0
14.5566,333.017578,-2.197266,0
14.5768,331.435547,-1.582031,0
14.5971,328.535156,-2.900391,0
14.6174,327.041016,-1.494141,0
14.6377,325.371094,-1.669922,0
14.6579,323.173828,-2.197266,0
14.6782,321.416016,-1.757812,0
14.6984,318.867188,-2.548828,0
14.7188,317.109375,-1.757812,0
14.7391,312.978516,-4.130859,1
14.7593,310.781250,-2.197266,0
14.7795,309.023438,-1.757812,0
14.7999,307.089844,-1.933594,0
14.8200,304.980469,-2.109375,0
14.8402,303.222656,-1.757812,0
14.8604,301.289062,-1.933594,0
14.8806,299.882812,-1.406250,0
14.9009,297.949219,-1.933594,0
14.9212,296.367188,-1.582031,0
14.9414,294.521484,-1.845703,0
14.9616,293.203125,-1.318359,0
14.9818,292.060547,-1.142578,0
15.0021,290.390625,-1.669922,0
15.0223,289.423828,-0.966797,0
15.0426,288.017578,-1.406250,0
15.0628,287.050781,-0.966797,0
15.0830,285.820312,-1.230469,0
15.1032,285.029297,-0.791016,0
15.1234,284.238281,-0.791016,0
15.1437,283.183594,-1.054688,0
15.1639,282.480469,-0.703125,0
15.1841,281.425781,-1.054688,0
15.2043,280.810547,-0.615234,0
15.2245,280.283203,-0.527344,0
15.2447,279.492188,-0.791016,0
15.2649,278.789062,-0.703125,0
15.2851,278.261719,-0.527344,0
15.3054,277.558594,-0.703125,0
15.3256,277.207031,-0.351562,0
15.3458,276.767578,-0.439453,0
15.3661,276.328125,-0.439453,0
15.3863,275.976562,-0.351562,0
15.4066,275.537109,-0.439453,0
15.4273,275.273438,-0.263672,0
15.4482,275.009766,-0.263672,0
15.4684,274.746094,-0.263672,0
15.4886,274.482422,-0.263672,0
15.5088,274.218750,-0.263672,0
15.5291,274.042969,-0.175781,0
15.5493,273.867188,-0.175781,0
15.5695,273.779297,-0.087891,0
15.5897,273.691406,-0.087891,0
15.6099,273.603516,-0.087891,0
15.6301,273.603516,0.000000,0
15.6503,273.603516,0.000000,0
15.6705,273.603516,0.000000,0
15.6907,273.603516,0.000000,0
15.7109,273.603516,0.000000,0
15.7311,273.603516,0.000000,0
15.7513,273.603516,0.000000,0
15.7715,273.691406,0.087891,0
15.7918,273.691406,0.000000,0
15.8120,273.603516,-0.087891,0
15.8322,273.691406,0.087891,0
15.8524,273.691406,0.000000,0
15.8726,273.691406,0.000000,0
15.8930,273.691406,0.000000,0
15.9132,273.691406,0.000000,0
15.9334,273.691406,0.000000,0
15.9536,273.691406,0.000000,0
15.9740,273.691406,0.000000,0
15.9942,273.691406,0.000000,0
16.0144,273.691406,0.000000,0
16.0346,273.691406,0.000000,0
16.0548,273.691406,0.000000,0
16.0750,273.691406,0.000000,0
16.0954,273.691406,0.000000,0
16.1156,273.691406,0.000000,0
16.1359,273.691406,0.000000,0
16.1561,273.691406,0.000000,0
16.1763,273.691406,0.000000,0
16.1965,273.691406,0.000000,0
16.2167,273.603516,-0.087891,0
16.2369,273.339844,-0.263672,0
16.2575,273.164062,-0.175781,0
16.2778,272.988281,-0.175781,0
16.2980,272.636719,-0.351562,0
16.3182,272.460938,-0.175781,0
16.3385,272.197266,-0.263672,0
16.3587,271.933594,-0.263672,0
16.3789,271.142578,-0.791016,0
16.3992,270.878906,-0.263672,0
16.4195,270.263672,-0.615234,0
16.4397,269.648438,-0.615234,0
16.4599,269.208984,-0.439453,0
16.4802,268.681641,-0.527344,0
16.5004,268.242188,-0.439453,0
16.5206,267.626953,-0.615234,0
16.5409,267.187500,-0.439453,0
16.5611,266.484375,-0.703125,0
16.5813,265.957031,-0.527344,0
16.6016,265.078125,-0.878906,0
16.6218,264.550781,-0.527344,0
16.6420,263.847656,-0.703125,0
16.6622,263.056641,-0.791016,0
16.6824,262.441406,-0.615234,0
16.7026,261.386719,-1.054688,0
16.7228,260.683594,-0.703125,0
16.7431,259.980469,-0.703125,0
16.7633,259.365234,-0.615234,0
16.7835,258.310547,-1.054688,0
16.8037,257.080078,-1.230469,0
16.8240,256.464844,-0.615234,0
16.8442,255.761719,-0.703125,0
16.8644,254.707031,-1.054688,0
16.8846,253.916016,-0.791016,0
16.9049,252.773438,-1.142578,0
16.9252,251.982422,-0.791016,0
16.9455,250.927734,-1.054688,0
16.9658,249.785156,-1.142578,0
16.9860,248.642578,-1.142578,0
17.0062,247.763672,-0.878906,0
17.0264,246.533203,-1.230469,0
17.0466,245.566406,-0.966797,0
17.0668,244.335938,-1.230469,0
17.0871,243.457031,-0.878906,0
17.1073,242.050781,-1.406250,0
17.1275,241.171875,-0.878906,0
17.1477,239.941406,-1.230469,0
17.1679,238.447266,-1.494141,0
17.1882,237.480469,-0.966797,0
17.2084,235.986328,-1.494141,0
17.2286,234.931641,-1.054688,0
17.2488,233.525391,-1.406250,0
17.2690,232.470703,-1.054688,0
17.2893,230.976562,-1.494141,0
17.3095,229.921875,-1.054688,0
17.3297,228.339844,-1.582031,0
17.3500,227.197266,-1.142578,0
17.3702,225.615234,-1.582031,0
17.3905,224.384766,-1.230469,0
17.4107,222.890625,-1.494141,0
17.4309,221.660156,-1.230469,0
17.4512,220.078125,-1.582031,0
17.4714,218.935547,-1.142578,0
17.4917,217.265625,-1.669922,0
17.5119,215.771484,-1.494141,0
17.5322,214.541016,-1.230469,0
17.5524,212.783203,-1.757812,0
17.5726,211.025391,-1.757812,0
17.5929,209.794922,-1.230469,0
17.6130,207.861328,-1.933594,0
17.6332,206.542969,-1.318359,0
17.6535,204.960938,-1.582031,0
17.6737,203.730469,-1.230469,0
17.6939,201.708984,-2.021484,0
17.7140,200.478516,-1.230469,0
17.7342,198.984375,-1.494141,0
17.7544,197.490234,-1.494141,0
17.7746,195.644531,-1.845703,0
17.7949,194.414062,-1.230469,0
17.8151,192.392578,-2.021484,0
17.8353,191.162109,-1.230469,0
17.8556,189.492188,-1.669922,0
17.8759,187.998047,-1.494141,0
17.8961,186.152344,-1.845703,0
17.9164,184.921875,-1.230469,0
17.9366,183.339844,-1.582031,0
17.9568,181.582031,-1.757812,0
17.9770,180.175781,-1.406250,0
17.9973,178.417969,-1.757812,0
18.0175,176.484375,-1.933594,0
18.0378,174.990234,-1.494141,0
18.0580,173.583984,-1.406250,0
18.0782,171.738281,-1.845703,0
18.0984,170.332031,-1.406250,0
18.1191,167.080078,-3.251953,1
18.1393,165.234375,-1.845703,0
18.1595,163.740234,-1.494141,0
18.1797,161.894531,-1.845703,0
18.1999,159.697266,-2.197266,0
18.2202,158.378906,-1.318359,0
18.2405,156.357422,-2.021484,0
18.2607,154.951172,-1.406250,0
18.2809,152.929688,-2.021484,0
18.3012,151.523438,-1.406250,0
18.3214,149.501953,-2.021484,0
18.3416,148.007812,-1.494141,0
18.3619,145.986328,-2.021484,0
18.3822,143.964844,-2.021484,0
18.4025,142.470703,-1.494141,0
18.4227,140.449219,-2.021484,0
18.4430,138.867188,-1.582031,0
18.4632,136.845703,-2.021484,0
18.4834,135.351562,-1.494141,0
18.5036,133.154297,-2.197266,0
18.5240,131.660156,-1.494141,0
18.5442,129.375000,-2.285156,0
18.5645,127.705078,-1.669922,0
18.5847,125.507812,-2.197266,0
18.6049,123.925781,-1.582031,0
18.6251,121.992188,-1.933594,0
18.6453,119.970703,-2.021484,0
18.6656,118.300781,-1.669922,0
18.6858,116.191406,-2.109375,0
18.7061,114.257812,-1.933594,0
18.7263,112.236328,-2.021484,0
18.7466,110.566406,-1.669922,0
18.7669,108.544922,-2.021484,0
18.7872,106.611328,-1.933594,0
18.8074,105.205078,-1.406250,0
18.8277,102.919922,-2.285156,0
18.8480,101.425781,-1.494141,0
18.8682,99.228516,-2.197266,0
18.8884,97.470703,-1.757812,0
18.9086,95.361328,-2.109375,0
18.9288,93.955078,-1.406250,0
18.9491,91.757812,-2.197266,0
18.9694,90.351562,-1.406250,0
18.9897,88.066406,-2.285156,0
19.0100,86.748047,-1.318359,0
19.0302,84.638672,-2.109375,0
19.0504,83.232422,-1.406250,0
19.0706,81.123047,-2.109375,0
19.0909,79.101562,-2.021484,0
19.1112,77.695312,-1.406250,0
19.1315,75.673828,-2.021484,0
19.1517,74.179688,-1.494141,0
19.1719,72.246094,-1.933594,0
19.1921,70.839844,-1.406250,0
19.2123,68.906250,-1.933594,0
19.2325,67.236328,-1.669922,0
19.2528,65.830078,-1.406250,0
19.2730,63.896484,-1.933594,0
19.2932,61.962891,-1.933594,0
19.3134,60.644531,-1.318359,0
19.3336,58.710938,-1.933594,0
19.3538,57.392578,-1.318359,0
19.3740,55.458984,-1.933594,0
19.3942,54.228516,-1.230469,0
19.4145,52.646484,-1.582031,0
19.4348,50.888672,-1.757812,0
19.4550,48.955078,-1.933594,0
19.4752,47.548828,-1.406250,0
19.4954,46.142578,-1.406250,0
19.5156,44.384766,-1.757812,0
19.5359,42.802734,-1.582031,0
19.5561,41.484375,-1.318359,0
19.5763,39.990234,-1.494141,0
19.5965,38.232422,-1.757812,0
19.6167,36.210938,-2.021484,0
19.6369,34.804688,-1.406250,0
19.6572,33.486328,-1.318359,0
19.6775,32.080078,-1.406250,0
19.6977,30.673828,-1.406250,0
19.7179,29.003906,-1.669922,0
19.7381,27.685547,-1.318359,0
19.7583,25.927734,-1.757812,0
19.7786,24.433594,-1.494141,0
19.7988,21.445312,-2.988281,0
19.8190,19.687500,-1.757812,0
19.8393,18.457031,-1.230469,0
19.8597,16.611328,-1.845703,0
19.8799,15.292969,-1.318359,0
19.9001,13.271484,-2.021484,0
19.9203,11.689453,-1.582031,0
19.9406,10.458984,-1.230469,0
19.9608,8.613281,-1.845703,0
19.9810,7.294922,-1.318359,0
20.0012,5.449219,-1.845703,0
20.0214,3.955078,-1.494141,0
20.0416,2.548828,-1.406250,0
20.0618,0.615234,-1.933594,0
20.0820,358.681641,358.066406,1
20.1022,357.363281,-1.318359,0
20.1225,355.429688,-1.933594,0
20.1427,354.023438,-1.406250,0
20.1630,352.001953,-2.021484,0
20.1832,350.595703,-1.406250,0
20.2035,348.310547,-2.285156,0
20.2237,346.904297,-1.406250,0
20.2439,344.882812,-2.021484,0
20.2641,343.388672,-1.494141,0
20.2843,341.367188,-2.021484,0
20.3046,339.785156,-1.582031,0
20.3248,337.763672,-2.021484,0
20.3452,336.093750,-1.669922,0
20.3654,334.423828,-1.669922,0
20.3856,332.138672,-2.285156,0
20.4060,330.029297,-2.109375,0
20.4263,328.095703,-1.933594,0
20.4465,326.513672,-1.582031,0
20.4667,324.404297,-2.109375,0
20.4870,322.294922,-2.109375,0
20.5074,320.273438,-2.021484,0
20.5277,318.691406,-1.582031,0
20.5479,315.966797,-2.724609,0
20.5681,313.945312,-2.021484,0
20.5883,311.923828,-2.021484,0
20.6086,310.253906,-1.669922,0
20.6288,308.144531,-2.109375,0
20.6490,305.947266,-2.197266,0
20.6692,304.277344,-1.669922,0
20.6893,302.167969,-2.109375,0
20.7096,299.970703,-2.197266,0
20.7298,298.564453,-1.406250,0
20.7501,296.367188,-2.197266,0
20.7703,294.873047,-1.494141,0
20.7906,293.642578,-1.230469,0
20.8108,292.236328,-1.406250,0
20.8311,290.742188,-1.494141,0
20.8514,289.072266,-1.669922,0
20.8716,288.017578,-1.054688,0
20.8918,286.611328,-1.406250,0
20.9120,285.556641,-1.054688,0
20.9322,284.414062,-1.142578,0
20.9524,283.623047,-0.791016,0
20.9726,282.480469,-1.142578,0
20.9928,281.601562,-0.878906,0
21.0131,280.546875,-1.054688,0
21.0335,279.931641,-0.615234,0
21.0537,279.052734,-0.878906,0
21.0739,278.261719,-0.791016,0
21.0941,277.382812,-0.878906,0
21.1144,276.943359,-0.439453,0
21.1347,276.240234,-0.703125,0
21.1550,275.800781,-0.439453,0
21.1752,275.185547,-0.615234,0
21.1954,274.833984,-0.351562,0
21.2157,274.218750,-0.615234,0
21.2359,273.691406,-0.527344,0
21.2561,273.251953,-0.439453,0
21.2764,272.900391,-0.351562,0
21.2966,272.548828,-0.351562,0
21.3169,272.460938,-0.087891,0
21.3371,272.109375,-0.351562,0
21.3574,271.933594,-0.175781,0
21.3777,271.757812,-0.175781,0
21.3980,271.494141,-0.263672,0
21.4183,271.406250,-0.087891,0
21.4385,271.318359,-0.087891,0
21.4587,271.142578,-0.175781,0
21.4790,271.142578,0.000000,0
21.4992,271.142578,0.000000,0
21.5194,271.142578,0.000000,0
21.5398,271.142578,0.000000,0
21.5600,271.142578,0.000000,0
21.5803,271.054688,-0.087891,0
21.6006,271.142578,0.087891,0
21.6208,271.142578,0.000000,0
21.6410,271.142578,0.000000,0
21.6612,271.142578,0.000000,0
21.6814,271.142578,0.000000,0
21.7017,271.142578,0.000000,0
21.7219,271.142578,0.000000,0
21.7421,271.142578,0.000000,0
21.7623,271.142578,0.000000,0
21.7825,271.142578,0.000000,0
21.8027,271.142578,0.000000,0
21.8229,271.142578,0.000000,0
21.8432,271.142578,0.000000,0
21.8635,271.142578,0.000000,0
21.8838,271.142578,0.000000,0
21.9041,271.142578,0.000000,0
21.9243,271.142578,0.000000,0
21.9445,271.142578,0.000000,0
21.9650,271.142578,0.000000,0
21.9852,271.142578,0.000000,0
22.0054,271.142578,0.000000,0
22.0256,271.054688,-0.087891,0
22.0458,270.966797,-0.087891,0
22.0660,270.878906,-0.087891,0
22.0862,270.791016,-0.087891,0
22.1065,270.439453,-0.351562,0
22.1267,270.263672,-0.175781,0
22.1472,269.912109,-0.351562,0
22.1674,269.648438,-0.263672,0
22.1876,269.208984,-0.439453,0
22.2079,268.945312,-0.263672,0
22.2281,268.593750,-0.351562,0
22.2483,268.242188,-0.351562,0
22.2685,267.802734,-0.439453,0
22.2888,267.451172,-0.351562,0
22.3090,267.011719,-0.439453,0
22.3292,266.572266,-0.439453,0
22.3495,265.957031,-0.615234,0
22.3697,265.429688,-0.527344,0
22.3899,264.726562,-0.703125,0
22.4102,264.199219,-0.527344,0
22.4304,263.583984,-0.615234,0
22.4508,263.056641,-0.527344,0
22.4711,262.265625,-0.791016,0
22.4913,261.650391,-0.615234,0
22.5115,260.859375,-0.791016,0
22.5317,260.332031,-0.527344,0
22.5519,259.541016,-0.791016,0
22.5721,258.574219,-0.966797,0
22.5924,257.871094,-0.703125,0
22.6126,257.080078,-0.791016,0
22.6328,256.201172,-0.878906,0
22.6531,255.585938,-0.615234,0
22.6734,254.619141,-0.966797,0
22.6944,253.828125,-0.791016,0
22.7146,252.773438,-1.054688,0
22.7349,251.982422,-0.791016,0
22.7551,251.015625,-0.966797,0
22.7753,249.785156,-1.230469,0
22.7955,248.994141,-0.791016,0
22.8157,247.851562,-1.142578,0
22.8359,247.060547,-0.791016,0
22.8561,245.742188,-1.318359,0
22.8763,244.951172,-0.791016,0
22.8965,243.720703,-1.230469,0
22.9168,242.753906,-0.966797,0
22.9370,241.347656,-1.406250,0
22.9576,240.468750,-0.878906,0
22.9778,239.150391,-1.318359,0
22.9981,238.183594,-0.966797,0
23.0183,237.041016,-1.142578,0
23.0385,235.722656,-1.318359,0
23.0587,234.667969,-1.054688,0
23.0790,231.855469,-2.812500,0
23.0992,230.888672,-0.966797,0
23.1194,229.394531,-1.494141,0
23.1397,228.251953,-1.142578,0
23.1599,226.845703,-1.406250,0
23.1801,225.703125,-1.142578,0
23.2004,224.384766,-1.318359,0
23.2206,222.890625,-1.494141,0
23.2408,221.484375,-1.406250,0
23.2610,219.990234,-1.494141,0
23.2812,218.496094,-1.494141,0
23.3014,217.265625,-1.230469,0
23.3217,215.683594,-1.582031,0
23.3419,214.453125,-1.230469,0
23.3622,212.871094,-1.582031,0
23.3824,211.113281,-1.757812,0
23.4026,209.882812,-1.230469,0
23.4229,207.861328,-2.021484,0
23.4431,206.367188,-1.494141,0
23.4633,205.048828,-1.318359,0
23.4835,203.642578,-1.406250,0
23.5037,202.236328,-1.406250,0
23.5239,200.390625,-1.845703,0
23.5442,198.984375,-1.406250,0
23.5644,197.490234,-1.494141,0
23.5846,195.732422,-1.757812,0
23.6051,194.414062,-1.318359,0
23.6253,192.656250,-1.757812,0
23.6455,191.337891,-1.318359,0
23.6657,189.580078,-1.757812,0
23.6859,188.085938,-1.494141,0
23.7062,186.240234,-1.845703,0
23.7264,184.921875,-1.318359,0
23.7467,183.164062,-1.757812,0
23.7669,181.845703,-1.318359,0
23.7872,179.736328,-2.109375,0
23.8075,178.242188,-1.494141,0
23.8277,176.835938,-1.406250,0
23.8479,175.078125,-1.757812,0
23.8682,173.408203,-1.669922,0
23.8884,172.089844,-1.318359,0
23.9087,170.156250,-1.933594,0
23.9289,168.837891,-1.318359,0
23.9492,166.816406,-2.021484,0
23.9694,165.498047,-1.318359,0
23.9896,163.564453,-1.933594,0
24.0098,162.158203,-1.406250,0
24.0301,159.873047,-2.285156,0
24.0504,158.554688,-1.318359,0
24.0706,156.533203,-2.021484,0
24.0909,155.126953,-1.406250,0
24.1111,152.753906,-2.373047,0
24.1314,151.435547,-1.318359,0
24.1517,150.029297,-1.406250,0
24.1719,148.183594,-1.845703,0
24.1921,146.250000,-1.933594,0
24.2124,144.228516,-2.021484,0
24.2327,142.734375,-1.494141,0
24.2529,140.361328,-2.373047,0
24.2731,138.779297,-1.582031,0
24.2933,136.933594,-1.845703,0
24.3135,135.439453,-1.494141,0
24.3337,133.242188,-2.197266,0
24.3539,131.220703,-2.021484,0
24.3742,129.550781,-1.669922,0
24.3944,127.529297,-2.021484,0
24.4147,125.683594,-1.845703,0
24.4351,124.189453,-1.494141,0
24.4553,121.904297,-2.285156,0
24.4755,120.498047,-1.406250,0
24.4957,118.476562,-2.021484,0
24.5160,116.542969,-1.933594,0
24.5362,114.169922,-2.373047,0
24.5564,112.763672,-1.406250,0
24.5766,110.478516,-2.285156,0
24.5969,108.720703,-1.757812,0
24.6171,107.050781,-1.669922,0
24.6374,105.117188,-1.933594,0
24.6577,103.095703,-2.021484,0
24.6779,101.689453,-1.406250,0
24.6980,99.404297,-2.285156,0
24.7183,97.470703,-1.933594,0
24.7385,95.800781,-1.669922,0
24.7587,93.867188,-1.933594,0
24.7790,90.527344,-3.339844,1
24.7993,88.330078,-2.197266,0
24.8195,86.923828,-1.406250,0
24.8397,84.814453,-2.109375,0
24.8600,82.617188,-2.197266,0
24.8802,81.035156,-1.582031,0
24.9005,79.716797,-1.318359,0
24.9207,77.607422,-2.109375,0
24.9410,76.201172,-1.406250,0
24.9613,74.179688,-2.021484,0
24.9815,72.773438,-1.406250,0
25.0017,70.839844,-1.933594,0
25.0220,68.906250,-1.933594,0
25.0422,67.236328,-1.669922,0
25.0625,65.830078,-1.406250,0
25.0828,63.984375,-1.845703,0
25.1030,62.490234,-1.494141,0
25.1232,60.644531,-1.845703,0
25.1434,59.150391,-1.494141,0
25.1637,57.480469,-1.669922,0
25.1839,55.986328,-1.494141,0
25.2041,54.228516,-1.757812,0
25.2243,52.646484,-1.582031,0
25.2445,50.888672,-1.757812,0
25.2647,49.482422,-1.406250,0
25.2850,47.548828,-1.933594,0
25.3052,46.054688,-1.494141,0
25.3254,44.560547,-1.494141,0
25.3456,43.242188,-1.318359,0
25.3659,41.484375,-1.757812,0
25.3861,39.990234,-1.494141,0
25.4063,38.232422,-1.757812,0
25.4265,36.914062,-1.318359,0
25.4468,35.156250,-1.757812,0
25.4671,33.837891,-1.318359,0
25.4873,32.167969,-1.669922,0
25.5075,30.673828,-1.494141,0
25.5277,29.179688,-1.494141,0
25.5481,27.421875,-1.757812,0
25.5683,25.927734,-1.494141,0
25.5885,24.433594,-1.494141,0
25.6087,23.203125,-1.230469,0
25.6291,21.269531,-1.933594,0
25.6495,20.039062,-1.230469,0
25.6697,18.281250,-1.757812,0
25.6899,16.962891,-1.318359,0
25.7102,15.205078,-1.757812,0
25.7304,13.886719,-1.318359,0
25.7506,12.128906,-1.757812,0
25.7708,10.283203,-1.845703,0
25.7911,8.964844,-1.318359,0
25.8113,7.119141,-1.845703,0
25.8315,5.800781,-1.318359,0
25.8518,3.955078,-1.845703,0
25.8722,2.636719,-1.318359,0
25.8925,0.703125,-1.933594,0
25.9127,0.000000,-0.703125,0
25.9330,357.275391,357.275391,1
25.9532,355.869141,-1.406250,0
25.9734,353.847656,-2.021484,0
25.9936,352.529297,-1.318359,0
26.0139,350.419922,-2.109375,0
26.0341,349.101562,-1.318359,0
26.0544,346.992188,-2.109375,0
26.0746,345.585938,-1.406250,0
26.0949,343.476562,-2.109375,0
26.1152,341.455078,-2.021484,0
26.1354,339.873047,-1.582031,0
26.1556,337.851562,-2.021484,0
26.1758,336.181641,-1.669922,0
26.1961,334.160156,-2.021484,0
26.2163,332.490234,-1.669922,0
26.2365,330.117188,-2.373047,0
26.2567,328.359375,-1.757812,0
26.2769,326.601562,-1.757812,0
26.2971,324.316406,-2.285156,0
26.3174,322.294922,-2.021484,0
26.3376,320.273438,-2.021484,0
26.3579,318.779297,-1.494141,0
26.3782,316.054688,-2.724609,0
26.3984,314.648438,-1.406250,0
26.4186,311.835938,-2.812500,0
26.4391,308.056641,-3.779297,1
26.4594,306.210938,-1.845703,0
26.4799,303.750000,-2.460938,0
26.5001,301.992188,-1.757812,0
26.5203,300.410156,-1.582031,0
26.5405,298.300781,-2.109375,0
26.5607,296.806641,-1.494141,0
26.5809,294.873047,-1.933594,0
26.6012,293.554688,-1.318359,0
26.6214,291.533203,-2.021484,0
26.6416,290.126953,-1.406250,0
26.6618,288.720703,-1.406250,0
26.6820,287.666016,-1.054688,0
26.7023,286.083984,-1.582031,0
26.7225,285.205078,-0.878906,0
26.7428,283.974609,-1.230469,0
26.7630,283.007812,-0.966797,0
26.7832,281.689453,-1.318359,0
26.8034,280.634766,-1.054688,0
26.8237,279.931641,-0.703125,0
26.8439,278.876953,-1.054688,0
26.8642,278.173828,-0.703125,0
26.8844,277.207031,-0.966797,0
26.9059,276.679688,-0.527344,0
26.9261,275.976562,-0.703125,0
26.9469,275.449219,-0.527344,0
26.9671,274.746094,-0.703125,0
26.9874,274.042969,-0.703125,0
27.0076,273.427734,-0.615234,0
27.0278,272.988281,-0.439453,0
27.0480,272.548828,-0.439453,0
27.0682,272.197266,-0.351562,0
27.0884,271.757812,-0.439453,0
27.1086,271.406250,-0.351562,0
27.1289,271.054688,-0.351562,0
27.1491,270.878906,-0.175781,0
27.1693,270.615234,-0.263672,0
27.1895,270.263672,-0.351562,0
27.2099,270.087891,-0.175781,0
27.2301,269.824219,-0.263672,0
27.2504,269.736328,-0.087891,0
27.2706,269.560547,-0.175781,0
27.2908,269.472656,-0.087891,0
27.3110,269.384766,-0.087891,0
27.3312,269.472656,0.087891,0
27.3514,269.384766,-0.087891,0
27.3716,269.384766,0.000000,0
27.3924,269.384766,0.000000,0
27.4126,269.384766,0.000000,0
27.4329,269.472656,0.087891,0
27.4531,269.472656,0.000000,0
27.4733,269.472656,0.000000,0
27.4935,269.472656,0.000000,0
27.5137,269.472656,0.000000,0
27.5340,269.472656,0.000000,0
27.5542,269.472656,0.000000,0
27.5744,269.472656,0.000000,0
27.5946,269.472656,0.000000,0
27.6149,269.472656,0.000000,0
27.6351,269.472656,0.000000,0
27.6554,269.472656,0.000000,0
27.6756,269.472656,0.000000,0
27.6958,269.472656,0.000000,0
27.7160,269.472656,0.000000,0
27.7363,269.472656,0.000000,0
27.7565,269.472656,0.000000,0
27.7772,269.472656,0.000000,0
27.7974,269.472656,0.000000,0
27.8177,269.472656,0.000000,0
27.8380,269.472656,0.000000,0
27.8583,269.472656,0.000000,0
27.8785,269.384766,-0.087891,0
27.8988,269.208984,-0.175781,0
27.9190,268.857422,-0.351562,0
27.9393,268.769531,-0.087891,0
27.9595,268.417969,-0.351562,0
27.9797,268.242188,-0.175781,0
27.9999,267.890625,-0.351562,0
28.0201,267.626953,-0.263672,0
28.0403,267.187500,-0.439453,0
28.0605,266.923828,-0.263672,0
28.0815,266.572266,-0.351562,0
28.1017,265.869141,-0.703125,0
28.1219,265.429688,-0.439453,0
28.1421,264.902344,-0.527344,0
28.1623,264.550781,-0.351562,0
28.1825,263.935547,-0.615234,0
28.2027,263.496094,-0.439453,0
28.2230,262.880859,-0.615234,0
28.2432,262.353516,-0.527344,0
28.2635,261.562500,-0.791016,0
28.2837,260.771484,-0.791016,0
28.3039,260.244141,-0.527344,0
28.3245,259.541016,-0.703125,0
28.3447,259.013672,-0.527344,0
28.3649,258.134766,-0.878906,0
28.3851,257.431641,-0.703125,0
28.4053,256.464844,-0.966797,0
28.4257,255.849609,-0.615234,0
28.4460,254.882812,-0.966797,0
28.4662,254.179688,-0.703125,0
28.4864,253.125000,-1.054688,0
28.5067,252.421875,-0.703125,0
28.5269,251.455078,-0.966797,0
28.5475,250.664062,-0.791016,0
28.5681,249.521484,-1.142578,0
28.5883,248.730469,-0.791016,0
28.6086,247.763672,-0.966797,0
28.6288,246.884766,-0.878906,0
28.6490,245.654297,-1.230469,0
28.6693,244.511719,-1.142578,0
28.6895,243.632812,-0.878906,0
28.7098,242.314453,-1.318359,0
28.7301,241.347656,-0.966797,0
28.7504,240.468750,-0.878906,0
28.7706,239.150391,-1.318359,0
28.7911,238.271484,-0.878906,0
28.8113,236.953125,-1.318359,0
28.8316,235.546875,-1.406250,0
28.8520,234.492188,-1.054688,0
28.8723,233.085938,-1.406250,0
28.8926,231.855469,-1.230469,0
28.9128,230.888672,-0.966797,0
28.9331,230.009766,-0.878906,0
28.9534,228.603516,-1.406250,0
28.9737,227.548828,-1.054688,0
28.9940,226.142578,-1.406250,0
29.0142,225.263672,-0.878906,0
29.0344,224.384766,-0.878906,0
29.0546,223.330078,-1.054688,0
29.0748,222.451172,-0.878906,0
29.0951,221.308594,-1.142578,0
29.1153,220.517578,-0.791016,0
29.1355,219.550781,-0.966797,0
29.1557,218.496094,-1.054688,0
29.1761,217.792969,-0.703125,0
29.1963,216.914062,-0.878906,0
29.2166,216.035156,-0.878906,0
29.2370,215.332031,-0.703125,0
29.2573,214.541016,-0.791016,0
29.2776,213.925781,-0.615234,0
29.2990,212.431641,-1.494141,0
29.3192,211.640625,-0.791016,0
29.3394,210.937500,-0.703125,0
29.3596,210.410156,-0.527344,0
29.3798,209.707031,-0.703125,0
29.4002,209.091797,-0.615234,0
29.4204,208.388672,-0.703125,0
29.4406,207.949219,-0.439453,0
29.4608,207.421875,-0.527344,0
29.4812,206.894531,-0.527344,0
29.5014,206.367188,-0.527344,0
29.5217,205.751953,-0.615234,0
29.5419,205.400391,-0.351562,0
29.5621,204.873047,-0.527344,0
29.5824,204.521484,-0.351562,0
29.6026,204.082031,-0.439453,0
29.6228,203.818359,-0.263672,0
29.6430,203.378906,-0.439453,0
29.6632,203.115234,-0.263672,0
29.6837,202.587891,-0.527344,0
29.7039,202.412109,-0.175781,0
29.7241,202.060547,-0.351562,0
29.7444,201.796875,-0.263672,0
29.7646,201.621094,-0.175781,0
29.7849,201.445312,-0.175781,0
29.8052,201.269531,-0.175781,0
29.8254,201.093750,-0.175781,0
29.8456,200.917969,-0.175781,0
29.8658,200.742188,-0.175781,0
29.8870,200.654297,-0.087891,0
29.9072,200.566406,-0.087891,0
29.9274,200.566406,0.000000,0
29.9478,200.478516,-0.087891,0
29.9681,200.478516,0.000000,0
29.9883,200.478516,0.000000,0
30.0086,200.478516,0.000000,0
30.0288,200.478516,0.000000,0
30.0490,200.478516,0.000000,0
30.0693,200.478516,0.000000,0
30.0896,200.478516,0.000000,0
30.1098,200.478516,0.000000,0
30.1300,200.478516,0.000000,0
30.1502,200.478516,0.000000,0
30.1704,200.478516,0.000000,0
30.1906,200.478516,0.000000,0
30.2108,200.478516,0.000000,0
30.2310,200.478516,0.000000,0
30.2513,200.478516,0.000000,0
30.2720,200.478516,0.000000,0
30.2923,200.478516,0.000000,0
30.3124,200.478516,0.000000,0
30.3326,200.478516,0.000000,0
30.3528,200.478516,0.000000,0
30.3731,200.478516,0.000000,0
30.3933,200.478516,0.000000,0
30.4135,200.478516,0.000000,0
30.4336,200.478516,0.000000,0
30.4538,200.478516,0.000000,0
30.4741,200.478516,0.000000,0
30.4943,200.478516,0.000000,0
30.5145,200.478516,0.000000,0
30.5348,200.478516,0.000000,0
30.5550,200.478516,0.000000,0
30.5752,200.478516,0.000000,0
30.5954,200.478516,0.000000,0
30.6158,200.478516,0.000000,0
30.6360,200.478516,0.000000,0
30.6563,200.478516,0.000000,0
30.6766,200.478516,0.000000,0
30.6968,200.478516,0.000000,0
30.7170,200.478516,0.000000,0
30.7373,200.478516,0.000000,0
30.7575,200.478516,0.000000,0
30.7777,200.478516,0.000000,0
30.7980,200.478516,0.000000,0
30.8183,200.478516,0.000000,0
30.8384,200.478516,0.000000,0
30.8587,200.478516,0.000000,0
30.8789,200.478516,0.000000,0
30.8991,200.478516,0.000000,0
30.9193,200.478516,0.000000,0
30.9395,200.478516,0.000000,0
30.9597,200.478516,0.000000,0
30.9799,200.478516,0.000000,0
31.0006,200.478516,0.000000,0
31.0211,200.478516,0.000000,0
31.0413,200.478516,0.000000,0
31.0616,200.478516,0.000000,0
31.0818,200.478516,0.000000,0
31.1021,200.478516,0.000000,0
31.1224,200.478516,0.000000,0
31.1426,200.478516,0.000000,0
31.1629,200.478516,0.000000,0
31.1832,200.478516,0.000000,0
31.2034,200.478516,0.000000,0
31.2236,200.478516,0.000000,0
31.2438,200.478516,0.000000,0
31.2640,200.478516,0.000000,0
31.2843,200.478516,0.000000,0
31.3045,200.478516,0.000000,0
31.3248,200.478516,0.000000,0
31.3450,200.478516,0.000000,0
31.3652,200.478516,0.000000,0
31.3854,200.478516,0.000000,0
31.4057,200.478516,0.000000,0
31.4259,200.478516,0.000000,0
31.4461,200.478516,0.000000,0
31.4663,200.478516,0.000000,0
31.4865,200.478516,0.000000,0
31.5067,200.478516,0.000000,0
31.5270,200.478516,0.000000,0
31.5472,200.478516,0.000000,0
31.5674,200.478516,0.000000,0
31.5877,200.478516,0.000000,0
31.6080,200.478516,0.000000,0
31.6282,200.478516,0.000000,0
31.6485,200.478516,0.000000,0
31.6688,200.478516,0.000000,0
31.6890,200.478516,0.000000,0
31.7092,200.478516,0.000000,0
31.7294,200.478516,0.000000,0
31.7497,200.478516,0.000000,0
31.7699,200.478516,0.000000,0
31.7901,200.478516,0.000000,0
31.8103,200.478516,0.000000,0
31.8306,200.478516,0.000000,0
31.8508,200.478516,0.000000,0
31.8711,200.478516,0.000000,0
31.8914,200.478516,0.000000,0
31.9117,200.478516,0.000000,0
31.9320,200.478516,0.000000,0
31.9522,200.478516,0.000000,0
31.9725,200.478516,0.000000,0
31.9928,200.478516,0.000000,0
32.0132,200.478516,0.000000,0
32.0335,200.478516,0.000000,0
32.0537,200.478516,0.000000,0
32.0739,200.478516,0.000000,0
32.0942,200.478516,0.000000,0
32.1144,200.478516,0.000000,0
32.1346,200.478516,0.000000,0
32.1549,200.478516,0.000000,0
32.1752,200.478516,0.000000,0
32.1955,200.478516,0.000000,0
32.2157,200.478516,0.000000,0
32.2360,200.478516,0.000000,0
32.2562,200.478516,0.000000,0
32.2764,200.478516,0.000000,0
32.2966,200.478516,0.000000,0
32.3168,200.478516,0.000000,0
32.3370,200.478516,0.000000,0
32.3573,200.478516,0.000000,0
32.3776,200.478516,0.000000,0
32.3979,200.478516,0.000000,0
32.4181,200.478516,0.000000,0
32.4384,200.478516,0.000000,0
32.4586,200.478516,0.000000,0
32.4789,200.478516,0.000000,0
32.4994,200.478516,0.000000,0
32.5197,200.478516,0.000000,0
32.5399,200.478516,0.000000,0
32.5602,200.478516,0.000000,0
32.5804,200.478516,0.000000,0
32.6007,200.478516,0.000000,0
32.6209,200.478516,0.000000,0
32.6413,200.478516,0.000000,0
32.6615,200.478516,0.000000,0
32.6818,200.478516,0.000000,0
32.7021,200.478516,0.000000,0
32.7224,200.478516,0.000000,0
32.7427,200.478516,0.000000,0
32.7629,200.478516,0.000000,0
32.7831,200.478516,0.000000,0
32.8033,200.478516,0.000000,0
32.8236,200.478516,0.000000,0
32.8439,200.478516,0.000000,0
32.8641,200.478516,0.000000,0
32.8843,200.478516,0.000000,0
32.9045,200.478516,0.000000,0
32.9248,200.478516,0.000000,0
32.9450,200.478516,0.000000,0
32.9652,200.478516,0.000000,0
32.9854,200.478516,0.000000,0
33.0056,200.478516,0.000000,0
33.0258,200.566406,0.087891,0
33.0460,200.478516,-0.087891,0
33.0662,200.478516,0.000000,0
33.0865,200.478516,0.000000,0
33.1068,200.478516,0.000000,0
33.1270,200.478516,0.000000,0
33.1472,200.566406,0.087891,0
33.1674,200.566406,0.000000,0
33.1877,200.566406,0.000000,0
33.2079,200.478516,-0.087891,0
33.2281,200.566406,0.087891,0
33.2485,200.478516,-0.087891,0
33.2687,200.566406,0.087891,0
33.2890,200.478516,-0.087891,0
33.3093,200.566406,0.087891,0
33.3296,200.566406,0.000000,0
33.3499,200.566406,0.000000,0
33.3701,200.566406,0.000000,0
33.3904,200.566406,0.000000,0
33.4106,200.566406,0.000000,0
33.4309,200.566406,0.000000,0
33.4512,200.566406,0.000000,0
33.4715,200.478516,-0.087891,0
33.4917,200.478516,0.000000,0
33.5120,200.478516,0.000000,0
33.5322,200.566406,0.087891,0
33.5524,200.566406,0.000000,0
33.5726,200.566406,0.000000,0
33.5929,200.566406,0.000000,0
33.6132,200.566406,0.000000,0
33.6334,200.478516,-0.087891,0
33.6537,200.566406,0.087891,0
33.6739,200.566406,0.000000,0
33.6942,200.566406,0.000000,0
33.7144,200.566406,0.000000,0
33.7347,200.566406,0.000000,0
33.7549,200.566406,0.000000,0
33.7770,200.566406,0.000000,0
33.7974,200.566406,0.000000,0
33.8180,200.566406,0.000000,0
33.8382,200.566406,0.000000,0
33.8584,200.566406,0.000000,0
33.8786,200.566406,0.000000,0
33.8988,200.566406,0.000000,0
33.9190,200.566406,0.000000,0
33.9392,200.566406,0.000000,0
33.9593,200.566406,0.000000,0
33.9795,200.566406,0.000000,0
33.9997,200.566406,0.000000,0
34.0199,200.566406,0.000000,0
34.0401,200.566406,0.000000,0
34.0604,200.566406,0.000000,0
34.0812,200.566406,0.000000,0
34.1014,200.566406,0.000000,0
34.1216,200.566406,0.000000,0
34.1419,200.566406,0.000000,0
34.1621,200.566406,0.000000,0
34.1823,200.566406,0.000000,0
34.2025,200.566406,0.000000,0
34.2228,200.566406,0.000000,0
34.2430,200.566406,0.000000,0
34.2633,200.566406,0.000000,0
34.2835,200.566406,0.000000,0
34.3037,200.566406,0.000000,0
34.3240,200.566406,0.000000,0
34.3442,200.566406,0.000000,0
34.3645,200.566406,0.000000,0
34.3848,200.566406,0.000000,0
34.4050,200.566406,0.000000,0
34.4252,200.566406,0.000000,0
34.4454,200.566406,0.000000,0
34.4656,200.566406,0.000000,0
34.4858,200.566406,0.000000,0
34.5061,200.566406,0.000000,0
34.5263,200.566406,0.000000,0
34.5466,200.566406,0.000000,0
34.5670,200.566406,0.000000,0
34.5873,200.566406,0.000000,0
34.6075,200.566406,0.000000,0
34.6278,200.566406,0.000000,0
34.6480,200.566406,0.000000,0
34.6682,200.566406,0.000000,0
34.6885,200.566406,0.000000,0
34.7087,200.566406,0.000000,0
34.7289,200.566406,0.000000,0
34.7492,200.566406,0.000000,0
34.7694,200.566406,0.000000,0
34.7897,200.566406,0.000000,0
34.8099,200.566406,0.000000,0
34.8301,200.566406,0.000000,0
34.8504,200.566406,0.000000,0
34.8707,200.566406,0.000000,0
34.8910,200.566406,0.000000,0
34.9114,200.566406,0.000000,0
34.9316,200.566406,0.000000,0
34.9519,200.566406,0.000000,0
34.9721,200.566406,0.000000,0
34.9925,200.566406,0.000000,0
35.0127,200.566406,0.000000,0
35.0330,200.566406,0.000000,0
35.0532,200.566406,0.000000,0
35.0734,200.566406,0.000000,0
35.0936,200.566406,0.000000,0
35.1138,200.566406,0.000000,0
35.1341,200.566406,0.000000,0
35.1543,200.566406,0.000000,0
35.1745,200.566406,0.000000,0
35.1947,200.566406,0.000000,0
35.2150,200.566406,0.000000,0
35.2353,200.566406,0.000000,0
35.2555,200.566406,0.000000,0
35.2758,200.566406,0.000000,0
35.2960,200.566406,0.000000,0
35.3162,200.566406,0.000000,0
35.3365,200.566406,0.000000,0
35.3567,200.566406,0.000000,0
35.3770,200.566406,0.000000,0
35.3973,200.566406,0.000000,0
35.4175,200.566406,0.000000,0
35.4378,200.566406,0.000000,0
35.4580,200.566406,0.000000,0
35.4782,200.566406,0.000000,0
35.4984,200.566406,0.000000,0
35.5188,200.566406,0.000000,0
35.5390,200.566406,0.000000,0
35.5592,200.566406,0.000000,0
35.5794,200.566406,0.000000,0
35.5997,200.478516,-0.087891,0
35.6199,200.566406,0.087891,0
35.6401,200.566406,0.000000,0
35.6603,200.566406,0.000000,0
35.6805,200.566406,0.000000,0
35.7007,200.566406,0.000000,0
35.7211,200.566406,0.000000,0
35.7413,200.566406,0.000000,0
35.7615,200.566406,0.000000,0
35.7817,200.566406,0.000000,0
35.8020,200.566406,0.000000,0
35.8222,200.566406,0.000000,0
35.8425,200.566406,0.000000,0
35.8627,200.566406,0.000000,0
35.8830,200.566406,0.000000,0
35.9032,200.566406,0.000000,0
35.9235,200.566406,0.000000,0
35.9437,200.566406,0.000000,0
35.9640,200.566406,0.000000,0
35.9843,200.566406,0.000000,0
36.0046,200.566406,0.000000,0
36.0249,200.566406,0.000000,0
36.0451,200.566406,0.000000,0
36.0653,200.566406,0.000000,0
36.0855,200.566406,0.000000,0
36.1057,200.566406,0.000000,0
36.1259,200.566406,0.000000,0
36.1461,200.566406,0.000000,0
36.1664,200.566406,0.000000,0
36.1866,200.566406,0.000000,0
36.2068,200.566406,0.000000,0
36.2271,200.566406,0.000000,0
36.2473,200.566406,0.000000,0
36.2676,200.566406,0.000000,0
36.2881,200.566406,0.000000,0
36.3083,200.566406,0.000000,0
36.3286,200.566406,0.000000,0
36.3488,200.566406,0.000000,0
36.3691,200.566406,0.000000,0
36.3893,200.566406,0.000000,0
36.4095,200.566406,0.000000,0
36.4297,200.566406,0.000000,0
36.4499,200.566406,0.000000,0
36.4702,200.566406,0.000000,0
36.4904,200.566406,0.000000,0
36.5107,200.566406,0.000000,0
36.5309,200.566406,0.000000,0
36.5511,200.566406,0.000000,0
36.5714,200.566406,0.000000,0
36.5918,200.566406,0.000000,0
36.6122,200.566406,0.000000,0
36.6324,200.566406,0.000000,0
36.6526,200.566406,0.000000,0
36.6729,200.566406,0.000000,0
36.6941,200.566406,0.000000,0
36.7144,200.566406,0.000000,0
36.7346,200.566406,0.000000,0
36.7548,200.566406,0.000000,0
36.7752,200.566406,0.000000,0
36.7954,200.566406,0.000000,0
36.8157,200.566406,0.000000,0
36.8359,200.566406,0.000000,0
36.8562,200.566406,0.000000,0
36.8764,200.566406,0.000000,0
36.8968,200.566406,0.000000,0
36.9172,200.566406,0.000000,0
36.9374,200.566406,0.000000,0
36.9576,200.566406,0.000000,0
36.9779,200.566406,0.000000,0
36.9981,200.566406,0.000000,0
37.0184,200.566406,0.000000,0
37.0389,200.566406,0.000000,0
37.0592,200.566406,0.000000,0
37.0803,200.566406,0.000000,0
37.1005,200.566406,0.000000,0
37.1207,200.566406,0.000000,0
37.1409,200.566406,0.000000,0
37.1611,200.566406,0.000000,0
37.1813,200.566406,0.000000,0
37.2015,200.566406,0.000000,0
37.2218,200.566406,0.000000,0
37.2420,200.566406,0.000000,0
37.2623,200.566406,0.000000,0
37.2825,200.566406,0.000000,0
37.3027,200.566406,0.000000,0
37.3229,200.566406,0.000000,0
37.3431,200.566406,0.000000,0
37.3633,200.566406,0.000000,0
37.3835,200.566406,0.000000,0
37.4039,200.566406,0.000000,0
37.4241,200.566406,0.000000,0
37.4443,200.566406,0.000000,0
37.4645,200.566406,0.000000,0
37.4847,200.566406,0.000000,0
37.5049,200.566406,0.000000,0
37.5251,200.566406,0.000000,0
37.5454,200.566406,0.000000,0
37.5656,200.566406,0.000000,0
37.5859,200.566406,0.000000,0
37.6061,200.566406,0.000000,0
37.6264,200.566406,0.000000,0
37.6467,200.566406,0.000000,0
37.6670,200.566406,0.000000,0
37.6872,200.566406,0.000000,0
37.7075,200.566406,0.000000,0
37.7278,200.566406,0.000000,0
37.7480,200.566406,0.000000,0
37.7683,200.566406,0.000000,0
37.7886,200.566406,0.000000,0
37.8088,200.566406,0.000000,0
37.8290,200.566406,0.000000,0
37.8493,200.566406,0.000000,0
37.8695,200.566406,0.000000,0
37.8898,200.566406,0.000000,0
37.9101,200.566406,0.000000,0
37.9303,200.566406,0.000000,0
37.9505,200.566406,0.000000,0
37.9707,200.566406,0.000000,0
37.9911,200.566406,0.000000,0
38.0113,200.566406,0.000000,0
38.0315,200.566406,0.000000,0
38.0517,200.566406,0.000000,0
38.0720,200.566406,0.000000,0
38.0922,200.566406,0.000000,0
38.1130,200.566406,0.000000,0
38.1333,200.566406,0.000000,0
38.1536,200.566406,0.000000,0
38.1739,200.566406,0.000000,0
38.1941,200.566406,0.000000,0
38.2144,200.566406,0.000000,0
38.2347,200.566406,0.000000,0
38.2550,200.566406,0.000000,0
38.2753,200.566406,0.000000,0
38.2956,200.566406,0.000000,0
38.3159,200.566406,0.000000,0
38.3362,200.566406,0.000000,0
38.3565,200.566406,0.000000,0
38.3768,200.566406,0.000000,0
38.3970,200.566406,0.000000,0
38.4173,200.566406,0.000000,0
38.4376,200.566406,0.000000,0
38.4579,200.566406,0.000000,0
38.4782,200.566406,0.000000,0
38.4984,200.566406,0.000000,0
38.5189,200.566406,0.000000,0
38.5392,200.566406,0.000000,0
38.5595,200.566406,0.000000,0
38.5799,200.566406,0.000000,0
38.6001,200.566406,0.000000,0
38.6204,200.566406,0.000000,0
38.6406,200.566406,0.000000,0
38.6609,200.566406,0.000000,0
38.6812,200.566406,0.000000,0
38.7014,200.566406,0.000000,0
38.7217,200.566406,0.000000,0
38.7419,200.566406,0.000000,0
38.7622,200.566406,0.000000,0
38.7824,200.566406,0.000000,0
38.8027,200.566406,0.000000,0
38.8230,200.566406,0.000000,0
38.8433,200.566406,0.000000,0
38.8635,200.566406,0.000000,0
38.8838,200.566406,0.000000,0
38.9041,200.566406,0.000000,0
38.9244,200.566406,0.000000,0
38.9447,200.566406,0.000000,0
38.9649,200.566406,0.000000,0
38.9852,200.566406,0.000000,0
39.0055,200.566406,0.000000,0
39.0258,200.566406,0.000000,0
39.0461,200.566406,0.000000,0
39.0664,200.566406,0.000000,0
39.0866,200.566406,0.000000,0
39.1069,200.566406,0.000000,0
39.1272,200.566406,0.000000,0
39.1475,200.566406,0.000000,0
39.1678,200.566406,0.000000,0
39.1880,200.566406,0.000000,0
39.2083,200.566406,0.000000,0
39.2286,200.566406,0.000000,0
39.2489,200.566406,0.000000,0
39.2692,200.566406,0.000000,0
39.2895,200.566406,0.000000,0
39.3098,200.566406,0.000000,0
39.3301,200.566406,0.000000,0
39.3506,200.566406,0.000000,0
39.3710,200.566406,0.000000,0
39.3913,200.566406,0.000000,0
39.4116,200.566406,0.000000,0
39.4319,200.566406,0.000000,0
39.4522,200.566406,0.000000,0
39.4725,200.566406,0.000000,0
39.4927,200.566406,0.000000,0
39.5130,200.566406,0.000000,0
39.5332,200.566406,0.000000,0
39.5536,200.566406,0.000000,0
39.5738,200.566406,0.000000,0
39.5941,200.566406,0.000000,0
39.6143,200.566406,0.000000,0
39.6346,200.566406,0.000000,0
39.6548,200.566406,0.000000,0
39.6750,200.566406,0.000000,0
39.6952,200.566406,0.000000,0
39.7155,200.566406,0.000000,0
39.7357,200.566406,0.000000,0
39.7559,200.566406,0.000000,0
39.7761,200.566406,0.000000,0
39.7963,200.566406,0.000000,0
39.8165,200.566406,0.000000,0
39.8368,200.566406,0.000000,0
39.8570,200.566406,0.000000,0
39.8773,200.566406,0.000000,0
39.8975,200.566406,0.000000,0
39.9178,200.654297,0.087891,0
39.9381,200.566406,-0.087891,0
39.9583,200.566406,0.000000,0
39.9785,200.566406,0.000000,0
39.9988,200.566406,0.000000,0
40.0190,200.566406,0.000000,0
40.0392,200.654297,0.087891,0
40.0600,200.654297,0.000000,0
40.0803,200.566406,-0.087891,0
40.1005,200.566406,0.000000,0
40.1208,200.566406,0.000000,0
40.1410,200.654297,0.087891,0
40.1613,200.566406,-0.087891,0
40.1816,200.654297,0.087891,0
40.2018,200.566406,-0.087891,0
40.2221,200.566406,0.000000,0
40.2424,200.566406,0.000000,0
40.2626,200.654297,0.087891,0
40.2829,200.566406,-0.087891,0
40.3032,200.566406,0.000000,0
40.3234,200.654297,0.087891,0
40.3437,200.654297,0.000000,0
40.3639,200.654297,0.000000,0
40.3842,200.566406,-0.087891,0
40.4044,200.654297,0.087891,0
40.4246,200.654297,0.000000,0
40.4449,200.654297,0.000000,0
40.4651,200.566406,-0.087891,0
40.4854,200.654297,0.087891,0
40.5057,200.566406,-0.087891,0
40.5260,200.654297,0.087891,0
40.5463,200.566406,-0.087891,0
40.5665,200.654297,0.087891,0
40.5868,200.654297,0.000000,0
40.6070,200.566406,-0.087891,0
40.6273,200.654297,0.087891,0
40.6475,200.566406,-0.087891,0
40.6677,200.654297,0.087891,0
40.6879,200.654297,0.000000,0
40.7081,200.654297,0.000000,0
40.7284,200.654297,0.000000,0
40.7487,200.566406,-0.087891,0
40.7689,200.654297,0.087891,0
40.7891,200.654297,0.000000,0
40.8094,200.566406,-0.087891,0
40.8297,200.566406,0.000000,0
40.8499,200.654297,0.087891,0
40.8702,200.566406,-0.087891,0
40.8904,200.566406,0.000000,0
40.9106,200.566406,0.000000,0
40.9308,200.654297,0.087891,0
40.9510,200.654297,0.000000,0
40.9712,200.654297,0.000000,0
40.9914,200.654297,0.000000,0
41.0116,200.654297,0.000000,0
41.0319,200.654297,0.000000,0
41.0521,200.654297,0.000000,0
41.0723,200.654297,0.000000,0
41.0925,200.654297,0.000000,0
41.1128,200.654297,0.000000,0
41.1330,200.654297,0.000000,0
41.1533,200.566406,-0.087891,0
41.1735,200.654297,0.087891,0
41.1937,200.566406,-0.087891,0
41.2139,200.654297,0.087891,0
41.2341,200.566406,-0.087891,0
41.2544,200.654297,0.087891,0
41.2746,200.654297,0.000000,0
41.2948,200.654297,0.000000,0
41.3150,200.654297,0.000000,0
41.3352,200.566406,-0.087891,0
41.3563,200.654297,0.087891,0
41.3765,200.566406,-0.087891,0
41.3967,200.566406,0.000000,0
41.4170,200.566406,0.000000,0
41.4375,200.654297,0.087891,0
41.4581,200.566406,-0.087891,0
41.4783,200.566406,0.000000,0
41.4985,200.566406,0.000000,0
41.5189,200.566406,0.000000,0
41.5392,200.654297,0.087891,0
41.5594,200.654297,0.000000,0
41.5805,200.566406,-0.087891,0
41.6007,200.654297,0.087891,0
41.6209,200.566406,-0.087891,0
41.6411,200.566406,0.000000,0
41.6628,200.566406,0.000000,0
41.6830,200.566406,0.000000,0
41.7032,200.566406,0.000000,0
41.7236,200.654297,0.087891,0
41.7440,200.566406,-0.087891,0
41.7642,200.566406,0.000000,0
41.7844,200.566406,0.000000,0
41.8046,200.654297,0.087891,0
41.8254,200.566406,-0.087891,0
41.8458,200.566406,0.000000,0
41.8661,200.654297,0.087891,0
41.8862,200.566406,-0.087891,0
41.9064,200.654297,0.087891,0
41.9267,200.654297,0.000000,0
41.9469,200.654297,0.000000,0
41.9671,200.566406,-0.087891,0
41.9873,200.566406,0.000000,0
42.0075,200.566406,0.000000,0
42.0277,200.654297,0.087891,0
42.0479,200.566406,-0.087891,0
42.0687,200.566406,0.000000,0
42.0891,200.566406,0.000000,0
42.1093,200.654297,0.087891,0
42.1295,200.566406,-0.087891,0
42.1498,200.566406,0.000000,0
42.1700,200.566406,0.000000,0
42.1902,200.566406,0.000000,0
42.2104,200.566406,0.000000,0
42.2306,200.566406,0.000000,0
42.2508,200.566406,0.000000,0
42.2716,200.566406,0.000000,0
42.2919,200.654297,0.087891,0
42.3122,200.566406,-0.087891,0
42.3323,200.654297,0.087891,0
42.3526,200.654297,0.000000,0
42.3728,200.566406,-0.087891,0
42.3939,200.566406,0.000000,0
42.4141,200.566406,0.000000,0
42.4345,200.566406,0.000000,0
42.4547,200.566406,0.000000,0
42.4749,200.566406,0.000000,0
42.4951,200.566406,0.000000,0
42.5153,200.654297,0.087891,0
42.5355,200.566406,-0.087891,0
42.5558,200.566406,0.000000,0
42.5762,200.654297,0.087891,0
42.5964,200.654297,0.000000,0
42.6167,200.566406,-0.087891,0
42.6375,200.566406,0.000000,0
42.6578,200.654297,0.087891,0
42.6780,200.566406,-0.087891,0
42.6982,200.566406,0.000000,0
42.7184,200.566406,0.000000,0
42.7386,200.654297,0.087891,0
42.7589,200.654297,0.000000,0
42.7791,200.654297,0.000000,0
42.7993,200.566406,-0.087891,0
42.8195,200.566406,0.000000,0
42.8397,200.566406,0.000000,0
42.8599,200.566406,0.000000,0
42.8802,200.566406,0.000000,0
42.9004,200.654297,0.087891,0
42.9208,200.566406,-0.087891,0
42.9410,200.566406,0.000000,0
42.9612,200.654297,0.087891,0
42.9814,200.566406,-0.087891,0
43.0017,200.566406,0.000000,0
43.0219,200.566406,0.000000,0
43.0421,200.654297,0.087891,0
43.0623,200.654297,0.000000,0
43.0825,200.654297,0.000000,0
43.1028,200.654297,0.000000,0
43.1230,200.566406,-0.087891,0
43.1433,200.654297,0.087891,0
43.1636,200.566406,-0.087891,0
43.1839,200.566406,0.000000,0
43.2042,200.566406,0.000000,0
43.2244,200.566406,0.000000,0
43.2446,200.654297,0.087891,0
43.2661,200.566406,-0.087891,0
43.2865,200.654297,0.087891,0
43.3067,200.566406,-0.087891,0
43.3270,200.566406,0.000000,0
43.3473,200.654297,0.087891,0
43.3675,200.654297,0.000000,0
43.3877,200.654297,0.000000,0
43.4079,200.654297,0.000000,0
43.4282,200.654297,0.000000,0
43.4484,200.566406,-0.087891,0
43.4686,200.654297,0.087891,0
43.4889,200.566406,-0.087891,0
43.5092,200.654297,0.087891,0
43.5294,200.654297,0.000000,0
43.5496,200.654297,0.000000,0
43.5698,200.654297,0.000000,0
43.5901,200.654297,0.000000,0
43.6104,200.566406,-0.087891,0
43.6306,200.654297,0.087891,0
43.6507,200.566406,-0.087891,0
43.6709,200.566406,0.000000,0
43.6913,200.566406,0.000000,0
43.7115,200.654297,0.087891,0
43.7317,200.566406,-0.087891,0
43.7519,200.566406,0.000000,0
43.7722,200.654297,0.087891,0
43.7924,200.566406,-0.087891,0
43.8126,200.654297,0.087891,0
43.8328,200.566406,-0.087891,0
43.8530,200.566406,0.000000,0
43.8732,200.654297,0.087891,0
43.8935,200.566406,-0.087891,0
43.9137,200.566406,0.000000,0
43.9339,200.566406,0.000000,0
43.9541,200.654297,0.087891,0
43.9744,200.654297,0.000000,0
43.9947,200.566406,-0.087891,0
44.0150,200.654297,0.087891,0
44.0352,200.654297,0.000000,0
44.0555,200.654297,0.000000,0
44.0757,200.566406,-0.087891,0
44.0960,200.566406,0.000000,0
44.1162,200.566406,0.000000,0
44.1364,200.654297,0.087891,0
44.1566,200.566406,-0.087891,0
44.1769,200.566406,0.000000,0
44.1972,200.654297,0.087891,0
44.2174,200.566406,-0.087891,0
44.2377,200.654297,0.087891,0
44.2579,200.566406,-0.087891,0
44.2781,200.566406,0.000000,0
44.2983,200.566406,0.000000,0
44.3186,200.654297,0.087891,0
44.3388,200.654297,0.000000,0
44.3591,200.654297,0.000000,0
44.3793,200.566406,-0.087891,0
44.3995,200.566406,0.000000,0
44.4198,200.566406,0.000000,0
44.4400,200.566406,0.000000,0
44.4602,200.566406,0.000000,0
44.4805,200.566406,0.000000,0
44.5008,200.566406,0.000000,0
44.5210,200.566406,0.000000,0
44.5412,200.654297,0.087891,0
44.5615,200.654297,0.000000,0
44.5817,200.566406,-0.087891,0
44.6020,200.566406,0.000000,0
44.6222,200.566406,0.000000,0
44.6425,200.566406,0.000000,0
44.6628,200.566406,0.000000,0
44.6831,200.566406,0.000000,0
44.7033,200.654297,0.087891,0
44.7236,200.654297,0.000000,0
44.7439,200.566406,-0.087891,0
44.7641,200.566406,0.000000,0
44.7843,200.566406,0.000000,0
44.8046,200.654297,0.087891,0
44.8248,200.566406,-0.087891,0
44.8450,200.566406,0.000000,0
44.8652,200.654297,0.087891,0
44.8854,200.566406,-0.087891,0
44.9056,200.566406,0.000000,0
44.9259,200.566406,0.000000,0
44.9462,200.566406,0.000000,0
44.9665,200.566406,0.000000,0
44.9867,200.654297,0.087891,0
45.0069,200.654297,0.000000,0
45.0271,200.566406,-0.087891,0
45.0474,200.566406,0.000000,0
45.0676,200.566406,0.000000,0
45.0878,200.654297,0.087891,0
45.1081,200.566406,-0.087891,0
45.1284,200.654297,0.087891,0
45.1486,200.566406,-0.087891,0
45.1688,200.566406,0.000000,0
45.1891,200.566406,0.000000,0
45.2095,200.566406,0.000000,0
45.2297,200.566406,0.000000,0
45.2500,200.566406,0.000000,0
45.2702,200.566406,0.000000,0
45.2905,200.566406,0.000000,0
45.3107,200.654297,0.087891,0
45.3310,200.566406,-0.087891,0
45.3513,200.654297,0.087891,0
45.3715,200.566406,-0.087891,0
45.3918,200.566406,0.000000,0
45.4124,200.566406,0.000000,0
45.4327,200.566406,0.000000,0
45.4531,200.566406,0.000000,0
45.4733,200.566406,0.000000,0
45.4935,200.566406,0.000000,0
45.5137,200.654297,0.087891,0
45.5339,200.654297,0.000000,0
45.5541,200.654297,0.000000,0
45.5744,200.654297,0.000000,0
45.5946,200.566406,-0.087891,0
45.6149,200.566406,0.000000,0
45.6351,200.566406,0.000000,0
45.6553,200.654297,0.087891,0
45.6756,200.566406,-0.087891,0
45.6958,200.566406,0.000000,0
45.7160,200.566406,0.000000,0
45.7362,200.566406,0.000000,0
45.7564,200.566406,0.000000,0
45.7767,200.654297,0.087891,0
45.7969,200.566406,-0.087891,0
45.8173,200.566406,0.000000,0
45.8375,200.566406,0.000000,0
45.8578,200.566406,0.000000,0
45.8780,200.566406,0.000000,0
45.8983,200.654297,0.087891,0
45.9185,200.654297,0.000000,0
45.9389,200.566406,-0.087891,0
45.9591,200.654297,0.087891,0
45.9793,200.654297,0.000000,0
45.9996,200.566406,-0.087891,0
46.0199,200.566406,0.000000,0
46.0401,200.566406,0.000000,0
46.0604,200.566406,0.000000,0
46.0806,200.566406,0.000000,0
46.1008,200.566406,0.000000,0
46.1212,200.566406,0.000000,0
46.1414,200.654297,0.087891,0
46.1616,200.566406,-0.087891,0
46.1818,200.566406,0.000000,0
46.2020,200.654297,0.087891,0
46.2222,200.566406,-0.087891,0
46.2425,200.566406,0.000000,0
46.2627,200.566406,0.000000,0
46.2829,200.566406,0.000000,0
46.3032,200.566406,0.000000,0
46.3235,200.566406,0.000000,0
46.3439,200.566406,0.000000,0
46.3641,200.654297,0.087891,0
46.3843,200.654297,0.000000,0
46.4045,200.654297,0.000000,0
46.4250,200.566406,-0.087891,0
46.4453,200.566406,0.000000,0
46.4656,200.654297,0.087891,0
46.4858,200.654297,0.000000,0
46.5061,200.654297,0.000000,0
46.5263,200.654297,0.000000,0
46.5466,200.654297,0.000000,0
46.5670,200.566406,-0.087891,0
46.5871,200.566406,0.000000,0
46.6073,200.566406,0.000000,0
46.6276,200.566406,0.000000,0
46.6478,200.566406,0.000000,0
46.6680,200.654297,0.087891,0
46.6882,200.566406,-0.087891,0
46.7084,200.654297,0.087891,0
46.7287,200.654297,0.000000,0
46.7489,200.654297,0.000000,0
46.7692,200.566406,-0.087891,0
46.7894,200.566406,0.000000,0
46.8097,200.654297,0.087891,0
46.8300,200.566406,-0.087891,0
46.8502,200.566406,0.000000,0
46.8705,200.654297,0.087891,0
46.8909,200.566406,-0.087891,0
46.9111,200.566406,0.000000,0
46.9314,200.654297,0.087891,0
46.9516,200.566406,-0.087891,0
46.9719,200.654297,0.087891,0
46.9921,200.654297,0.000000,0
47.0123,200.566406,-0.087891,0
47.0325,200.566406,0.000000,0
47.0528,200.654297,0.087891,0
47.0731,200.654297,0.000000,0
47.0933,200.566406,-0.087891,0
47.1136,200.654297,0.087891,0
47.1339,200.654297,0.000000,0
47.1542,200.654297,0.000000,0
47.1744,200.654297,0.000000,0
47.1947,200.654297,0.000000,0
47.2149,200.566406,-0.087891,0
47.2352,200.654297,0.087891,0
47.2557,200.654297,0.000000,0
47.2760,200.654297,0.000000,0
47.2963,200.654297,0.000000,0
47.3165,200.654297,0.000000,0
47.3367,200.566406,-0.087891,0
47.3570,200.566406,0.000000,0
47.3772,200.566406,0.000000,0
47.3975,200.566406,0.000000,0
47.4177,200.566406,0.000000,0
47.4379,200.654297,0.087891,0
47.4582,200.566406,-0.087891,0
47.4784,200.654297,0.087891,0
47.4986,200.654297,0.000000,0
47.5192,200.654297,0.000000,0
47.5395,200.654297,0.000000,0
47.5597,200.566406,-0.087891,0
47.5799,200.566406,0.000000,0
47.6002,200.654297,0.087891,0
47.6204,200.654297,0.000000,0
47.6406,200.566406,-0.087891,0
47.6608,200.566406,0.000000,0
47.6810,200.566406,0.000000,0
47.7012,200.566406,0.000000,0
47.7213,200.566406,0.000000,0
47.7415,200.654297,0.087891,0
47.7618,200.654297,0.000000,0
47.7820,200.654297,0.000000,0
47.8022,200.566406,-0.087891,0
47.8225,200.654297,0.087891,0
47.8428,200.566406,-0.087891,0
47.8630,200.654297,0.087891,0
47.8832,200.654297,0.000000,0
47.9034,200.654297,0.000000,0
47.9237,200.654297,0.000000,0
47.9440,200.566406,-0.087891,0
47.9643,200.566406,0.000000,0
47.9845,200.566406,0.000000,0
48.0047,200.654297,0.087891,0
48.0249,200.566406,-0.087891,0
48.0452,200.654297,0.087891,0
48.0654,200.654297,0.000000,0
48.0865,200.654297,0.000000,0
48.1067,200.566406,-0.087891,0
48.1269,200.654297,0.087891,0
48.1471,200.654297,0.000000,0
48.1674,200.654297,0.000000,0
48.1876,200.566406,-0.087891,0
48.2079,200.654297,0.087891,0
48.2281,200.566406,-0.087891,0
48.2483,200.654297,0.087891,0
48.2685,200.566406,-0.087891,0
48.2887,200.654297,0.087891,0
48.3089,200.654297,0.000000,0
48.3291,200.566406,-0.087891,0
48.3493,200.566406,0.000000,0
48.3695,200.566406,0.000000,0
48.3898,200.566406,0.000000,0
48.4100,200.654297,0.087891,0
48.4302,200.566406,-0.087891,0
48.4504,200.654297,0.087891,0
48.4707,200.654297,0.000000,0
48.4910,200.654297,0.000000,0
48.5113,200.566406,-0.087891,0
48.5315,200.566406,0.000000,0
48.5517,200.654297,0.087891,0
48.5719,200.566406,-0.087891,0
48.5921,200.566406,0.000000,0
48.6124,200.566406,0.000000,0
48.6326,200.566406,0.000000,0
48.6529,200.654297,0.087891,0
48.6732,200.566406,-0.087891,0
48.6934,200.566406,0.000000,0
48.7137,200.566406,0.000000,0
48.7340,200.654297,0.087891,0
48.7542,200.566406,-0.087891,0
48.7744,200.566406,0.000000,0
48.7947,200.566406,0.000000,0
48.8149,200.654297,0.087891,0
48.8351,200.654297,0.000000,0
48.8553,200.566406,-0.087891,0
48.8756,200.566406,0.000000,0
48.8959,200.654297,0.087891,0
48.9162,200.566406,-0.087891,0
48.9364,200.654297,0.087891,0
48.9567,200.566406,-0.087891,0
48.9769,200.566406,0.000000,0
48.9972,200.566406,0.000000,0
49.0174,200.654297,0.087891,0
49.0376,200.566406,-0.087891,0
49.0578,200.654297,0.087891,0
49.0781,200.654297,0.000000,0
49.0983,200.654297,0.000000,0
49.1185,200.654297,0.000000,0
49.1387,200.654297,0.000000,0
49.1590,200.654297,0.000000,0
49.1792,200.654297,0.000000,0
49.1994,200.566406,-0.087891,0
49.2196,200.566406,0.000000,0
49.2399,200.566406,0.000000,0
49.2601,200.566406,0.000000,0
49.2803,200.654297,0.087891,0
49.3005,200.566406,-0.087891,0
49.3207,200.654297,0.087891,0
49.3410,200.654297,0.000000,0
49.3612,200.654297,0.000000,0
49.3815,200.566406,-0.087891,0
49.4017,200.566406,0.000000,0
49.4220,200.654297,0.087891,0
49.4422,200.654297,0.000000,0
49.4625,200.566406,-0.087891,0
49.4827,200.566406,0.000000,0
49.5029,200.566406,0.000000,0
49.5237,200.566406,0.000000,0
49.5439,200.566406,0.000000,0
49.5642,200.566406,0.000000,0
49.5844,200.566406,0.000000,0
49.6046,200.566406,0.000000,0
49.6248,200.654297,0.087891,0
49.6450,200.566406,-0.087891,0
49.6652,200.566406,0.000000,0
49.6855,200.566406,0.000000,0
49.7057,200.566406,0.000000,0
49.7259,200.654297,0.087891,0
49.7461,200.566406,-0.087891,0
49.7663,200.654297,0.087891,0
49.7866,200.654297,0.000000,0
49.8068,200.654297,0.000000,0
49.8270,200.566406,-0.087891,0
49.8473,200.654297,0.087891,0
49.8675,200.654297,0.000000,0
49.8878,200.654297,0.000000,0
49.9080,200.566406,-0.087891,0
49.9282,200.654297,0.087891,0
49.9484,200.566406,-0.087891,0
49.9686,200.654297,0.087891,0
49.9891,200.566406,-0.087891,0
50.0093,200.654297,0.087891,0
50.0295,200.566406,-0.087891,0
50.0497,200.566406,0.000000,0
50.0700,200.654297,0.087891,0
50.0910,200.654297,0.000000,0
50.1113,200.654297,0.000000,0
50.1315,200.654297,0.000000,0
50.1517,200.566406,-0.087891,0
50.1719,200.654297,0.087891,0
50.1922,200.566406,-0.087891,0
50.2125,200.654297,0.087891,0
50.2328,200.654297,0.000000,0
50.2531,200.654297,0.000000,0
50.2734,200.654297,0.000000,0
50.2936,200.566406,-0.087891,0
50.3139,200.654297,0.087891,0
50.3341,200.566406,-0.087891,0
50.3543,200.566406,0.000000,0
50.3746,200.566406,0.000000,0
50.3948,200.654297,0.087891,0
50.4151,200.566406,-0.087891,0
50.4353,200.654297,0.087891,0
50.4555,200.566406,-0.087891,0
50.4761,200.566406,0.000000,0
50.4963,200.654297,0.087891,0
50.5171,200.654297,0.000000,0
50.5374,200.566406,-0.087891,0
50.5576,200.566406,0.000000,0
50.5779,200.654297,0.087891,0
50.5981,200.566406,-0.087891,0
50.6185,200.654297,0.087891,0
50.6389,200.654297,0.000000,0
50.6592,200.654297,0.000000,0
50.6795,200.654297,0.000000,0
50.6998,200.566406,-0.087891,0
50.7200,200.654297,0.087891,0
50.7403,200.654297,0.000000,0
50.7605,200.654297,0.000000,0
50.7807,200.654297,0.000000,0
50.8009,200.566406,-0.087891,0
50.8215,200.566406,0.000000,0
50.8418,200.566406,0.000000,0
50.8620,200.654297,0.087891,0
50.8822,200.654297,0.000000,0
50.9025,200.654297,0.000000,0
50.9229,200.654297,0.000000,0
50.9431,200.566406,-0.087891,0
50.9634,200.566406,0.000000,0
50.9837,200.654297,0.087891,0
51.0040,200.566406,-0.087891,0
51.0242,200.654297,0.087891,0
51.0444,200.654297,0.000000,0
51.0647,200.654297,0.000000,0
51.0850,200.654297,0.000000,0
51.1052,200.654297,0.000000,0
51.1255,200.654297,0.000000,0
51.1457,200.566406,-0.087891,0
51.1659,200.566406,0.000000,0
51.1862,200.566406,0.000000,0
51.2064,200.654297,0.087891,0
51.2267,200.654297,0.000000,0
51.2471,200.566406,-0.087891,0
51.2672,200.654297,0.087891,0
51.2875,200.654297,0.000000,0
51.3077,200.566406,-0.087891,0
51.3280,200.566406,0.000000,0
51.3482,200.566406,0.000000,0
51.3684,200.566406,0.000000,0
51.3887,200.566406,0.000000,0
51.4089,200.654297,0.087891,0
51.4291,200.566406,-0.087891,0
51.4493,200.566406,0.000000,0
51.4695,200.566406,0.000000,0
51.4897,200.654297,0.087891,0
51.5099,200.654297,0.000000,0
51.5302,200.654297,0.000000,0
51.5505,200.566406,-0.087891,0
51.5707,200.654297,0.087891,0
51.5909,200.654297,0.000000,0
51.6112,200.566406,-0.087891,0
51.6315,200.654297,0.087891,0
51.6517,200.566406,-0.087891,0
51.6720,200.654297,0.087891,0
51.6922,200.566406,-0.087891,0
51.7125,200.566406,0.000000,0
51.7327,200.654297,0.087891,0
51.7530,200.654297,0.000000,0
51.7732,200.654297,0.000000,0
51.7934,200.654297,0.000000,0
51.8136,200.566406,-0.087891,0
51.8338,200.654297,0.087891,0
51.8541,200.566406,-0.087891,0
51.8743,200.566406,0.000000,0
51.8945,200.654297,0.087891,0
51.9148,200.566406,-0.087891,0
51.9359,200.654297,0.087891,0
51.9561,200.654297,0.000000,0
51.9764,200.654297,0.000000,0
51.9967,200.654297,0.000000,0
52.0169,200.654297,0.000000,0
52.0372,200.566406,-0.087891,0
52.0574,200.654297,0.087891,0
52.0779,200.566406,-0.087891,0
52.0982,200.654297,0.087891,0
52.1184,200.654297,0.000000,0
52.1386,200.566406,-0.087891,0
52.1588,200.654297,0.087891,0
52.1790,200.654297,0.000000,0
52.1993,200.654297,0.000000,0
52.2195,200.566406,-0.087891,0
52.2397,200.566406,0.000000,0
52.2599,200.654297,0.087891,0
52.2804,200.654297,0.000000,0
52.3010,200.566406,-0.087891,0
52.3215,200.654297,0.087891,0
52.3438,200.566406,-0.087891,0
52.3650,200.654297,0.087891,0
52.3860,200.654297,0.000000,0
52.4072,200.566406,-0.087891,0
52.4281,200.654297,0.087891,0
52.4496,200.654297,0.000000,0
52.4702,200.566406,-0.087891,0
52.4913,200.566406,0.000000,0
52.5121,200.654297,0.087891,0
52.5328,200.654297,0.000000,0
52.5535,200.654297,0.000000,0
52.5738,200.566406,-0.087891,0
52.5940,200.654297,0.087891,0
52.6144,200.654297,0.000000,0
52.6347,200.566406,-0.087891,0
52.6552,200.654297,0.087891,0
52.6762,200.566406,-0.087891,0
52.6969,200.654297,0.087891,0
52.7172,200.654297,0.000000,0
52.7374,200.654297,0.000000,0
52.7577,200.566406,-0.087891,0
52.7780,200.654297,0.087891,0
52.7983,200.566406,-0.087891,0
52.8186,200.654297,0.087891,0
52.8394,200.654297,0.000000,0
52.8597,200.654297,0.000000,0
52.8817,200.566406,-0.087891,0
52.9020,200.654297,0.087891,0
52.9222,200.654297,0.000000,0
52.9426,200.654297,0.000000,0
52.9629,200.566406,-0.087891,0
52.9833,200.566406,0.000000,0
53.0037,200.654297,0.087891,0
53.0241,200.654297,0.000000,0
53.0455,200.654297,0.000000,0
53.0658,200.654297,0.000000,0
53.0861,200.654297,0.000000,0
53.1063,200.566406,-0.087891,0
53.1265,200.566406,0.000000,0
53.1467,200.654297,0.087891,0
53.1670,200.566406,-0.087891,0
53.1872,200.654297,0.087891,0
53.2074,200.654297,0.000000,0
53.2276,200.654297,0.000000,0
53.2478,200.566406,-0.087891,0
53.2681,200.654297,0.087891,0
53.2883,200.654297,0.000000,0
53.3085,200.654297,0.000000,0
53.3290,200.566406,-0.087891,0
53.3492,200.566406,0.000000,0
53.3695,200.566406,0.000000,0
53.3897,200.566406,0.000000,0
53.4100,200.654297,0.087891,0
53.4302,200.566406,-0.087891,0
53.4504,200.654297,0.087891,0
53.4706,200.654297,0.000000,0
53.4909,200.654297,0.000000,0
53.5112,200.654297,0.000000,0
53.5314,200.566406,-0.087891,0
53.5516,200.566406,0.000000,0
53.5719,200.566406,0.000000,0
53.5921,200.654297,0.087891,0
53.6124,200.654297,0.000000,0
53.6326,200.566406,-0.087891,0
53.6529,200.566406,0.000000,0
53.6732,200.566406,0.000000,0
53.6936,200.566406,0.000000,0
53.7139,200.654297,0.087891,0
53.7342,200.566406,-0.087891,0
53.7544,200.566406,0.000000,0
53.7747,200.654297,0.087891,0
53.7949,200.566406,-0.087891,0
53.8152,200.654297,0.087891,0
53.8354,200.654297,0.000000,0
53.8556,200.654297,0.000000,0
53.8758,200.654297,0.000000,0
53.8961,200.654297,0.000000,0
53.9163,200.654297,0.000000,0
53.9366,200.566406,-0.087891,0
53.9569,200.654297,0.087891,0
53.9771,200.654297,0.000000,0
53.9973,200.566406,-0.087891,0
54.0175,200.654297,0.087891,0
54.0377,200.654297,0.000000,0
54.0580,200.566406,-0.087891,0
54.0782,200.566406,0.000000,0
54.0985,200.566406,0.000000,0
54.1189,200.654297,0.087891,0
54.1392,200.654297,0.000000,0
54.1594,200.654297,0.000000,0
54.1800,200.654297,0.000000,0
54.2003,200.566406,-0.087891,0
54.2205,200.566406,0.000000,0
54.2407,200.654297,0.087891,0
54.2609,200.654297,0.000000,0
54.2814,200.654297,0.000000,0
54.3018,200.566406,-0.087891,0
54.3221,200.566406,0.000000,0
54.3423,200.654297,0.087891,0
54.3625,200.566406,-0.087891,0
54.3827,200.654297,0.087891,0
54.4029,200.566406,-0.087891,0
54.4232,200.654297,0.087891,0
54.4434,200.654297,0.000000,0
54.4637,200.654297,0.000000,0
54.4839,200.566406,-0.087891,0
54.5041,200.654297,0.087891,0
54.5244,200.654297,0.000000,0
54.5447,200.654297,0.000000,0
54.5650,200.654297,0.000000,0
54.5852,200.566406,-0.087891,0
54.6054,200.654297,0.087891,0
54.6256,200.566406,-0.087891,0
54.6458,200.566406,0.000000,0
54.6660,200.654297,0.087891,0
54.6863,200.566406,-0.087891,0
54.7065,200.654297,0.087891,0
54.7268,200.566406,-0.087891,0
54.7470,200.654297,0.087891,0
54.7672,200.654297,0.000000,0
54.7874,200.654297,0.000000,0
54.8076,200.566406,-0.087891,0
54.8279,200.654297,0.087891,0
54.8482,200.654297,0.000000,0
54.8684,200.654297,0.000000,0
54.8886,200.654297,0.000000,0
54.9088,200.566406,-0.087891,0
54.9290,200.654297,0.087891,0
54.9492,200.654297,0.000000,0
54.9695,200.654297,0.000000,0
54.9898,200.654297,0.000000,0
55.0100,200.654297,0.000000,0
55.0303,200.654297,0.000000,0
55.0506,200.566406,-0.087891,0
55.0708,200.654297,0.087891,0
55.0913,200.566406,-0.087891,0
55.1116,200.566406,0.000000,0
55.1318,200.654297,0.087891,0
55.1520,200.654297,0.000000,0
55.1722,200.654297,0.000000,0
55.1924,200.654297,0.000000,0
55.2128,200.566406,-0.087891,0
55.2330,200.566406,0.000000,0
55.2532,200.654297,0.087891,0
55.2734,200.654297,0.000000,0
55.2936,200.654297,0.000000,0
55.3138,200.654297,0.000000,0
55.3341,200.654297,0.000000,0
55.3543,200.654297,0.000000,0
55.3746,200.654297,0.000000,0
55.3948,200.566406,-0.087891,0
55.4150,200.654297,0.087891,0
55.4352,200.566406,-0.087891,0
55.4555,200.654297,0.087891,0
55.4757,200.566406,-0.087891,0
55.4960,200.566406,0.000000,0
55.5162,200.654297,0.087891,0
55.5365,200.654297,0.000000,0
55.5567,200.654297,0.000000,0
55.5769,200.654297,0.000000,0
55.5971,200.566406,-0.087891,0
55.6174,200.566406,0.000000,0
55.6376,200.566406,0.000000,0
55.6578,200.654297,0.087891,0
55.6781,200.566406,-0.087891,0
55.6983,200.654297,0.087891,0
55.7186,200.654297,0.000000,0
55.7388,200.566406,-0.087891,0
55.7590,200.654297,0.087891,0
55.7792,200.654297,0.000000,0
55.7994,200.566406,-0.087891,0
55.8196,200.654297,0.087891,0
55.8398,200.566406,-0.087891,0
55.8600,200.566406,0.000000,0
55.8803,200.654297,0.087891,0
55.9005,200.654297,0.000000,0
55.9208,200.654297,0.000000,0
55.9410,200.654297,0.000000,0
55.9613,200.566406,-0.087891,0
55.9815,200.566406,0.000000,0
56.0017,200.654297,0.087891,0
56.0219,200.654297,0.000000,0
56.0422,200.654297,0.000000,0
56.0624,200.654297,0.000000,0
56.0826,200.654297,0.000000,0
56.1029,200.654297,0.000000,0
56.1231,200.654297,0.000000,0
56.1435,200.654297,0.000000,0
56.1638,200.654297,0.000000,0
56.1840,200.654297,0.000000,0
56.2042,200.566406,-0.087891,0
56.2245,200.654297,0.087891,0
56.2448,200.654297,0.000000,0
56.2650,200.566406,-0.087891,0
56.2852,200.654297,0.087891,0
56.3054,200.566406,-0.087891,0
56.3256,200.654297,0.087891,0
56.3459,200.654297,0.000000,0
56.3662,200.654297,0.000000,0
56.3864,200.566406,-0.087891,0
56.4066,200.566406,0.000000,0
56.4269,200.654297,0.087891,0
56.4474,200.566406,-0.087891,0
56.4676,200.654297,0.087891,0
56.4879,200.654297,0.000000,0
56.5084,200.654297,0.000000,0
56.5286,200.654297,0.000000,0
56.5489,200.654297,0.000000,0
56.5692,200.566406,-0.087891,0
56.5894,200.566406,0.000000,0
56.6096,200.566406,0.000000,0
56.6298,200.654297,0.087891,0
56.6500,200.566406,-0.087891,0
56.6702,200.654297,0.087891,0
56.6904,200.566406,-0.087891,0
56.7105,200.566406,0.000000,0
56.7308,200.654297,0.087891,0
56.7510,200.654297,0.000000,0
56.7712,200.654297,0.000000,0
56.7915,200.654297,0.000000,0
56.8117,200.566406,-0.087891,0
56.8319,200.566406,0.000000,0
56.8522,200.654297,0.087891,0
56.8724,200.654297,0.000000,0
56.8926,200.654297,0.000000,0
56.9129,200.654297,0.000000,0
56.9331,200.654297,0.000000,0
56.9534,200.566406,-0.087891,0
56.9736,200.654297,0.087891,0
56.9938,200.654297,0.000000,0
57.0141,200.654297,0.000000,0
57.0343,200.654297,0.000000,0
57.0547,200.654297,0.000000,0
57.0750,200.654297,0.000000,0
57.0953,200.654297,0.000000,0
57.1155,200.654297,0.000000,0
57.1357,200.566406,-0.087891,0
57.1559,200.654297,0.087891,0
57.1761,200.566406,-0.087891,0
57.1964,200.654297,0.087891,0
57.2166,200.654297,0.000000,0
57.2368,200.654297,0.000000,0
57.2571,200.654297,0.000000,0
57.2773,200.654297,0.000000,0
57.2975,200.654297,0.000000,0
57.3178,200.566406,-0.087891,0
57.3380,200.566406,0.000000,0
57.3582,200.654297,0.087891,0
57.3791,200.566406,-0.087891,0
57.3994,200.566406,0.000000,0
57.4196,200.654297,0.087891,0
57.4398,200.654297,0.000000,0
57.4600,200.654297,0.000000,0
57.4802,200.654297,0.000000,0
57.5005,200.654297,0.000000,0
57.5207,200.654297,0.000000,0
57.5409,200.654297,0.000000,0
57.5614,200.654297,0.000000,0
57.5816,200.566406,-0.087891,0
57.6018,200.566406,0.000000,0
57.6221,200.654297,0.087891,0
57.6423,200.566406,-0.087891,0
57.6625,200.654297,0.087891,0
57.6828,200.654297,0.000000,0
57.7031,200.654297,0.000000,0
57.7233,200.654297,0.000000,0
57.7435,200.566406,-0.087891,0
57.7637,200.654297,0.087891,0
57.7840,200.566406,-0.087891,0
57.8042,200.566406,0.000000,0
57.8244,200.654297,0.087891,0
57.8447,200.654297,0.000000,0
57.8649,200.654297,0.000000,0
57.8852,200.654297,0.000000,0
57.9055,200.654297,0.000000,0
57.9257,200.654297,0.000000,0
57.9460,200.654297,0.000000,0
57.9662,200.566406,-0.087891,0
57.9864,200.566406,0.000000,0
58.0071,200.654297,0.087891,0
58.0273,200.566406,-0.087891,0
58.0475,200.654297,0.087891,0
58.0678,200.654297,0.000000,0
58.0880,200.654297,0.000000,0
58.1083,200.566406,-0.087891,0
58.1285,200.566406,0.000000,0
58.1487,200.654297,0.087891,0
58.1690,200.566406,-0.087891,0
58.1892,200.654297,0.087891,0
58.2094,200.566406,-0.087891,0
58.2296,200.654297,0.087891,0
58.2498,200.654297,0.000000,0
58.2700,200.654297,0.000000,0
58.2904,200.654297,0.000000,0
58.3106,200.654297,0.000000,0
58.3309,200.654297,0.000000,0
58.3511,200.654297,0.000000,0
58.3714,200.654297,0.000000,0
58.3916,200.566406,-0.087891,0
58.4119,200.654297,0.087891,0
58.4321,200.654297,0.000000,0
58.4524,200.654297,0.000000,0
58.4727,200.654297,0.000000,0
58.4930,200.654297,0.000000,0
58.5132,200.654297,0.000000,0
58.5335,200.654297,0.000000,0
58.5538,200.566406,-0.087891,0
58.5741,200.654297,0.087891,0
58.5943,200.654297,0.000000,0
58.6145,200.654297,0.000000,0
58.6347,200.654297,0.000000,0
58.6550,200.654297,0.000000,0
58.6752,200.654297,0.000000,0
58.6955,200.566406,-0.087891,0
58.7157,200.654297,0.087891,0
58.7359,200.654297,0.000000,0
58.7562,200.654297,0.000000,0
58.7764,200.566406,-0.087891,0
58.7966,200.654297,0.087891,0
58.8169,200.566406,-0.087891,0
58.8371,200.566406,0.000000,0
58.8574,200.654297,0.087891,0
58.8777,200.654297,0.000000,0
58.8979,200.654297,0.000000,0
58.9181,200.566406,-0.087891,0
58.9384,200.654297,0.087891,0
58.9588,200.654297,0.000000,0
58.9791,200.566406,-0.087891,0
58.9994,200.654297,0.087891,0
59.0196,200.654297,0.000000,0
59.0398,200.654297,0.000000,0
59.0601,200.654297,0.000000,0
59.0804,200.654297,0.000000,0
59.1006,200.566406,-0.087891,0
59.1209,200.654297,0.087891,0
59.1411,200.654297,0.000000,0
59.1615,200.566406,-0.087891,0
59.1819,200.654297,0.087891,0
59.2028,200.654297,0.000000,0
59.2230,200.654297,0.000000,0
59.2433,200.654297,0.000000,0
59.2635,200.654297,0.000000,0
59.2837,200.654297,0.000000,0
59.3070,200.566406,-0.087891,0
59.3273,200.654297,0.087891,0
59.3476,200.566406,-0.087891,0
59.3679,200.654297,0.087891,0
59.3882,200.654297,0.000000,0
59.4086,200.566406,-0.087891,0
59.4289,200.654297,0.087891,0
59.4491,200.654297,0.000000,0
59.4693,200.654297,0.000000,0
59.4897,200.654297,0.000000,0
59.5099,200.654297,0.000000,0
59.5301,200.566406,-0.087891,0
59.5503,200.654297,0.087891,0
59.5705,200.654297,0.000000,0
59.5907,200.654297,0.000000,0
59.6110,200.654297,0.000000,0
59.6312,200.654297,0.000000,0
59.6514,200.654297,0.000000,0
59.6717,200.654297,0.000000,0
59.6923,200.654297,0.000000,0
59.7125,200.566406,-0.087891,0
59.7327,200.566406,0.000000,0
59.7529,200.566406,0.000000,0
59.7731,200.654297,0.087891,0
59.7933,200.654297,0.000000,0
59.8135,200.654297,0.000000,0
59.8337,200.654297,0.000000,0
59.8540,200.654297,0.000000,0
59.8742,200.654297,0.000000,0
59.8944,200.654297,0.000000,0
59.9146,200.654297,0.000000,0
59.9349,200.654297,0.000000,0
59.9553,200.654297,0.000000,0
59.9755,200.566406,-0.087891,0
59.9957,200.654297,0.087891,0
60.0159,200.654297,0.000000,0
60.0362,200.654297,0.000000,0
60.0564,200.566406,-0.087891,0
60.0766,200.566406,0.000000,0
60.0969,200.654297,0.087891,0
60.1171,200.654297,0.000000,0
60.1373,200.654297,0.000000,0
60.1575,200.566406,-0.087891,0
60.1777,200.654297,0.087891,0
60.1979,200.654297,0.000000,0
60.2181,200.654297,0.000000,0
60.2384,200.654297,0.000000,0
60.2586,200.654297,0.000000,0
60.2791,200.566406,-0.087891,0
60.2993,200.566406,0.000000,0
60.3195,200.654297,0.087891,0
60.3398,200.654297,0.000000,0
60.3601,200.654297,0.000000,0
60.3803,200.654297,0.000000,0
60.4006,200.654297,0.000000,0
60.4207,200.654297,0.000000,0
60.4409,200.566406,-0.087891,0
60.4611,200.566406,0.000000,0
60.4813,200.654297,0.087891,0
60.5016,200.654297,0.000000,0
60.5218,200.654297,0.000000,0
60.5421,200.654297,0.000000,0
60.5623,200.654297,0.000000,0
60.5825,200.654297,0.000000,0
60.6028,200.566406,-0.087891,0
60.6230,200.566406,0.000000,0
60.6433,200.654297,0.087891,0
60.6635,200.654297,0.000000,0
60.6838,200.654297,0.000000,0
60.7040,200.654297,0.000000,0
60.7242,200.654297,0.000000,0
60.7444,200.654297,0.000000,0
60.7648,200.654297,0.000000,0
60.7850,200.654297,0.000000,0
60.8052,200.566406,-0.087891,0
60.8254,200.654297,0.087891,0
60.8457,200.654297,0.000000,0
60.8659,200.654297,0.000000,0
60.8861,200.654297,0.000000,0
60.9063,200.654297,0.000000,0
60.9265,200.654297,0.000000,0
60.9467,200.566406,-0.087891,0
60.9669,200.654297,0.087891,0
60.9871,200.654297,0.000000,0
61.0074,200.654297,0.000000,0
61.0276,200.566406,-0.087891,0
61.0478,200.654297,0.087891,0
61.0680,200.654297,0.000000,0
61.0882,200.654297,0.000000,0
61.1084,200.566406,-0.087891,0
61.1286,200.654297,0.087891,0
61.1497,200.566406,-0.087891,0
61.1699,200.566406,0.000000,0
61.1901,200.654297,0.087891,0
61.2104,200.654297,0.000000,0
61.2306,200.654297,0.000000,0
61.2508,200.654297,0.000000,0
61.2710,200.654297,0.000000,0
61.2912,200.654297,0.000000,0
61.3114,200.654297,0.000000,0
61.3317,200.654297,0.000000,0
61.3519,200.654297,0.000000,0
61.3721,200.654297,0.000000,0
61.3923,200.654297,0.000000,0
61.4125,200.654297,0.000000,0
61.4328,200.654297,0.000000,0
61.4531,200.654297,0.000000,0
61.4733,200.566406,-0.087891,0
61.4935,200.566406,0.000000,0
61.5138,200.654297,0.087891,0
61.5340,200.654297,0.000000,0
61.5542,200.654297,0.000000,0
61.5745,200.654297,0.000000,0
61.5947,200.654297,0.000000,0
61.6150,200.654297,0.000000,0
61.6353,200.566406,-0.087891,0
61.6555,200.654297,0.087891,0
61.6758,200.654297,0.000000,0
61.6960,200.654297,0.000000,0
61.7162,200.654297,0.000000,0
61.7364,200.654297,0.000000,0
61.7566,200.566406,-0.087891,0
61.7769,200.654297,0.087891,0
61.7971,200.654297,0.000000,0
61.8173,200.654297,0.000000,0
61.8376,200.566406,-0.087891,0
61.8578,200.654297,0.087891,0
61.8781,200.654297,0.000000,0
61.8984,200.654297,0.000000,0
61.9187,200.654297,0.000000,0
61.9389,200.654297,0.000000,0
61.9591,200.654297,0.000000,0
61.9793,200.566406,-0.087891,0
61.9996,200.654297,0.087891,0
62.0198,200.654297,0.000000,0
62.0401,200.654297,0.000000,0
62.0604,200.654297,0.000000,0
62.0807,200.654297,0.000000,0
62.1009,200.654297,0.000000,0
62.1211,200.654297,0.000000,0
62.1414,200.654297,0.000000,0
62.1617,200.654297,0.000000,0
62.1819,200.654297,0.000000,0
62.2021,200.654297,0.000000,0
62.2223,200.654297,0.000000,0
62.2426,200.566406,-0.087891,0
62.2628,200.654297,0.087891,0
62.2831,200.654297,0.000000,0
62.3033,200.654297,0.000000,0
62.3235,200.654297,0.000000,0
62.3438,200.654297,0.000000,0
62.3640,200.654297,0.000000,0
62.3842,200.566406,-0.087891,0
62.4045,200.654297,0.087891,0
62.4247,200.654297,0.000000,0
62.4449,200.654297,0.000000,0
62.4652,200.654297,0.000000,0
62.4854,200.654297,0.000000,0
62.5056,200.566406,-0.087891,0
62.5258,200.654297,0.087891,0
62.5461,200.654297,0.000000,0
62.5663,200.654297,0.000000,0
62.5865,200.654297,0.000000,0
62.6071,200.654297,0.000000,0
62.6272,200.654297,0.000000,0
62.6475,200.654297,0.000000,0
62.6679,200.654297,0.000000,0
62.6881,200.654297,0.000000,0
62.7083,200.654297,0.000000,0
62.7285,200.654297,0.000000,0
62.7487,200.654297,0.000000,0
62.7690,200.654297,0.000000,0
62.7893,200.566406,-0.087891,0
62.8095,200.654297,0.087891,0
62.8298,200.654297,0.000000,0
62.8500,200.654297,0.000000,0
62.8702,200.566406,-0.087891,0
62.8904,200.654297,0.087891,0
62.9106,200.654297,0.000000,0
62.9309,200.654297,0.000000,0
62.9511,200.566406,-0.087891,0
62.9714,200.654297,0.087891,0
62.9917,200.654297,0.000000,0
63.0119,200.654297,0.000000,0
63.0322,200.654297,0.000000,0
63.0524,200.654297,0.000000,0
63.0726,200.566406,-0.087891,0
63.0928,200.654297,0.087891,0
63.1130,200.566406,-0.087891,0
63.1333,200.654297,0.087891,0
63.1536,200.654297,0.000000,0
63.1738,200.654297,0.000000,0
63.1945,200.654297,0.000000,0
63.2148,200.654297,0.000000,0
63.2350,200.654297,0.000000,0
63.2552,200.654297,0.000000,0
63.2754,200.566406,-0.087891,0
63.2957,200.654297,0.087891,0
63.3159,200.654297,0.000000,0
63.3362,200.654297,0.000000,0
63.3564,200.654297,0.000000,0
63.3766,200.654297,0.000000,0
63.3974,200.654297,0.000000,0
63.4177,200.654297,0.000000,0
63.4380,200.654297,0.000000,0
63.4582,200.566406,-0.087891,0
63.4784,200.654297,0.087891,0
63.4987,200.654297,0.000000,0
63.5189,200.566406,-0.087891,0
63.5391,200.654297,0.087891,0
63.5594,200.654297,0.000000,0
63.5797,200.654297,0.000000,0
63.6000,200.654297,0.000000,0
63.6203,200.654297,0.000000,0
63.6405,200.654297,0.000000,0
63.6608,200.654297,0.000000,0
63.6811,200.654297,0.000000,0
63.7013,200.654297,0.000000,0
63.7216,200.654297,0.000000,0
63.7419,200.654297,0.000000,0
63.7621,200.654297,0.000000,0
63.7823,200.654297,0.000000,0
63.8025,200.654297,0.000000,0
63.8227,200.654297,0.000000,0
63.8429,200.654297,0.000000,0
63.8632,200.654297,0.000000,0
63.8834,200.566406,-0.087891,0
63.9036,200.654297,0.087891,0
63.9238,200.654297,0.000000,0
63.9442,200.654297,0.000000,0
63.9644,200.654297,0.000000,0
63.9846,200.566406,-0.087891,0
64.0048,200.566406,0.000000,0
64.0251,200.654297,0.087891,0
64.0454,200.654297,0.000000,0
64.0657,200.654297,0.000000,0
64.0859,200.654297,0.000000,0
64.1062,200.654297,0.000000,0
64.1265,200.654297,0.000000,0
64.1467,200.654297,0.000000,0
64.1669,200.654297,0.000000,0
64.1871,200.654297,0.000000,0
64.2073,200.654297,0.000000,0
64.2275,200.654297,0.000000,0
64.2478,200.654297,0.000000,0
64.2680,200.654297,0.000000,0
64.2883,200.654297,0.000000,0
64.3085,200.654297,0.000000,0
64.3288,200.654297,0.000000,0
64.3490,200.654297,0.000000,0
64.3693,200.654297,0.000000,0
64.3896,200.566406,-0.087891,0
64.4100,200.654297,0.087891,0
64.4304,200.566406,-0.087891,0
64.4506,200.654297,0.087891,0
64.4709,200.654297,0.000000,0
64.4912,200.566406,-0.087891,0
64.5115,200.654297,0.087891,0
64.5318,200.654297,0.000000,0
64.5520,200.654297,0.000000,0
64.5722,200.654297,0.000000,0
64.5925,200.654297,0.000000,0
64.6128,200.654297,0.000000,0
64.6330,200.654297,0.000000,0
64.6532,200.654297,0.000000,0
64.6734,200.654297,0.000000,0
64.6937,200.654297,0.000000,0
64.7139,200.654297,0.000000,0
64.7342,200.654297,0.000000,0
64.7545,200.654297,0.000000,0
64.7748,200.654297,0.000000,0
64.7951,200.654297,0.000000,0
64.8154,200.654297,0.000000,0
64.8358,200.654297,0.000000,0
64.8560,200.654297,0.000000,0
64.8762,200.654297,0.000000,0
64.8964,200.654297,0.000000,0
64.9167,200.654297,0.000000,0
64.9369,200.654297,0.000000,0
64.9572,200.654297,0.000000,0
64.9773,200.654297,0.000000,0
64.9975,200.654297,0.000000,0
65.0177,200.654297,0.000000,0
65.0379,200.654297,0.000000,0
65.0581,200.654297,0.000000,0
65.0784,200.566406,-0.087891,0
65.0986,200.654297,0.087891,0
65.1189,200.654297,0.000000,0
65.1391,200.654297,0.000000,0
65.1594,200.654297,0.000000,0
65.1797,200.654297,0.000000,0
65.2000,200.654297,0.000000,0
65.2202,200.654297,0.000000,0
65.2405,200.654297,0.000000,0
65.2608,200.654297,0.000000,0
65.2810,200.654297,0.000000,0
65.3013,200.566406,-0.087891,0
65.3215,200.654297,0.087891,0
65.3418,200.654297,0.000000,0
65.3620,200.654297,0.000000,0
65.3823,200.654297,0.000000,0
65.4025,200.654297,0.000000,0
65.4228,200.566406,-0.087891,0
65.4430,200.654297,0.087891,0
65.4632,200.654297,0.000000,0
65.4835,200.566406,-0.087891,0
65.5037,200.654297,0.087891,0
65.5240,200.654297,0.000000,0
65.5442,200.654297,0.000000,0
65.5644,200.654297,0.000000,0
65.5846,200.654297,0.000000,0
65.6049,200.654297,0.000000,0
65.6251,200.566406,-0.087891,0
65.6453,200.654297,0.087891,0
65.6655,200.654297,0.000000,0
65.6857,200.654297,0.000000,0
65.7060,200.654297,0.000000,0
65.7262,200.654297,0.000000,0
65.7464,200.654297,0.000000,0
65.7666,200.654297,0.000000,0
65.7868,200.654297,0.000000,0
65.8070,200.654297,0.000000,0
65.8272,200.654297,0.000000,0
65.8475,200.654297,0.000000,0
65.8677,200.654297,0.000000,0
65.8880,200.654297,0.000000,0
65.9082,200.654297,0.000000,0
65.9284,200.654297,0.000000,0
65.9486,200.654297,0.000000,0
65.9689,200.654297,0.000000,0
65.9892,200.654297,0.000000,0
66.0094,200.566406,-0.087891,0
66.0296,200.654297,0.087891,0
66.0498,200.654297,0.000000,0
66.0701,200.566406,-0.087891,0
66.0903,200.654297,0.087891,0
66.1106,200.654297,0.000000,0
66.1308,200.654297,0.000000,0
66.1511,200.654297,0.000000,0
66.1713,200.654297,0.000000,0
66.1915,200.654297,0.000000,0
66.2117,200.654297,0.000000,0
66.2319,200.654297,0.000000,0
66.2522,200.654297,0.000000,0
66.2724,200.654297,0.000000,0
66.2927,200.654297,0.000000,0
66.3129,200.654297,0.000000,0
66.3332,200.654297,0.000000,0
66.3534,200.654297,0.000000,0
66.3737,200.654297,0.000000,0
66.3939,200.654297,0.000000,0
66.4141,200.654297,0.000000,0
66.4343,200.654297,0.000000,0
66.4545,200.566406,-0.087891,0
66.4747,200.566406,0.000000,0
66.4949,200.654297,0.087891,0
66.5151,200.654297,0.000000,0
66.5354,200.654297,0.000000,0
66.5556,200.654297,0.000000,0
66.5758,200.654297,0.000000,0
66.5961,200.654297,0.000000,0
66.6163,200.654297,0.000000,0
66.6365,200.654297,0.000000,0
66.6569,200.654297,0.000000,0
66.6772,200.566406,-0.087891,0
66.6974,200.654297,0.087891,0
66.7177,200.566406,-0.087891,0
66.7379,200.654297,0.087891,0
66.7581,200.566406,-0.087891,0
66.7783,200.654297,0.087891,0
66.7986,200.566406,-0.087891,0
66.8189,200.654297,0.087891,0
66.8391,200.566406,-0.087891,0
66.8594,200.654297,0.087891,0
66.8796,200.654297,0.000000,0
66.8999,200.654297,0.000000,0
66.9201,200.654297,0.000000,0
66.9404,200.654297,0.000000,0
66.9606,200.654297,0.000000,0
66.9810,200.654297,0.000000,0
67.0012,200.654297,0.000000,0
67.0214,200.654297,0.000000,0
67.0416,200.654297,0.000000,0
67.0618,200.654297,0.000000,0
67.0821,200.654297,0.000000,0
67.1023,200.654297,0.000000,0
67.1226,200.654297,0.000000,0
67.1428,200.654297,0.000000,0
67.1631,200.654297,0.000000,0
67.1833,200.654297,0.000000,0
67.2036,200.654297,0.000000,0
67.2241,200.654297,0.000000,0
67.2444,200.654297,0.000000,0
67.2647,200.654297,0.000000,0
67.2849,200.654297,0.000000,0
67.3051,200.654297,0.000000,0
67.3253,200.654297,0.000000,0
67.3455,200.654297,0.000000,0
67.3658,200.654297,0.000000,0
67.3860,200.654297,0.000000,0
67.4063,200.654297,0.000000,0
67.4265,200.654297,0.000000,0
67.4467,200.654297,0.000000,0
67.4669,200.654297,0.000000,0
67.4872,200.654297,0.000000,0
67.5074,200.654297,0.000000,0
67.5277,200.654297,0.000000,0
67.5481,200.654297,0.000000,0
67.5683,200.654297,0.000000,0
67.5885,200.654297,0.000000,0
67.6088,200.654297,0.000000,0
67.6290,200.654297,0.000000,0
67.6493,200.654297,0.000000,0
67.6696,200.654297,0.000000,0
67.6899,200.654297,0.000000,0
67.7103,200.654297,0.000000,0
67.7305,200.654297,0.000000,0
67.7506,200.654297,0.000000,0
67.7708,200.654297,0.000000,0
67.7910,200.654297,0.000000,0
67.8112,200.654297,0.000000,0
67.8315,200.654297,0.000000,0
67.8517,200.654297,0.000000,0
67.8719,200.654297,0.000000,0
67.8922,200.654297,0.000000,0
67.9126,200.654297,0.000000,0
67.9330,200.654297,0.000000,0
67.9532,200.654297,0.000000,0
67.9735,200.654297,0.000000,0
67.9937,200.654297,0.000000,0
68.0139,200.654297,0.000000,0
68.0341,200.654297,0.000000,0
68.0543,200.654297,0.000000,0
68.0745,200.654297,0.000000,0
68.0948,200.654297,0.000000,0
68.1149,200.654297,0.000000,0
68.1352,200.654297,0.000000,0
68.1554,200.654297,0.000000,0
68.1756,200.654297,0.000000,0
68.1958,200.654297,0.000000,0
68.2161,200.654297,0.000000,0
68.2363,200.654297,0.000000,0
68.2565,200.654297,0.000000,0
68.2768,200.654297,0.000000,0
68.2971,200.654297,0.000000,0
68.3174,200.654297,0.000000,0
68.3376,200.654297,0.000000,0
68.3579,200.654297,0.000000,0
68.3781,200.654297,0.000000,0
68.3983,200.654297,0.000000,0
68.4185,200.654297,0.000000,0
68.4389,200.654297,0.000000,0
68.4591,200.566406,-0.087891,0
68.4793,200.654297,0.087891,0
68.4995,200.654297,0.000000,0
68.5198,200.654297,0.000000,0
68.5400,200.654297,0.000000,0
68.5602,200.654297,0.000000,0
68.5805,200.654297,0.000000,0
68.6008,200.654297,0.000000,0
68.6210,200.654297,0.000000,0
68.6412,200.654297,0.000000,0
68.6614,200.654297,0.000000,0
68.6817,200.654297,0.000000,0
68.7019,200.654297,0.000000,0
68.7221,200.654297,0.000000,0
68.7423,200.654297,0.000000,0
68.7626,200.654297,0.000000,0
68.7829,200.654297,0.000000,0
68.8032,200.654297,0.000000,0
68.8235,200.654297,0.000000,0
68.8437,200.654297,0.000000,0
68.8639,200.654297,0.000000,0
68.8841,200.654297,0.000000,0
68.9044,200.654297,0.000000,0
68.9248,200.654297,0.000000,0
68.9450,200.654297,0.000000,0
68.9652,200.654297,0.000000,0
68.9855,200.654297,0.000000,0
69.0057,200.654297,0.000000,0
69.0259,200.654297,0.000000,0
69.0461,200.654297,0.000000,0
69.0663,200.654297,0.000000,0
69.0866,200.654297,0.000000,0
69.1069,200.654297,0.000000,0
69.1271,200.654297,0.000000,0
69.1474,200.654297,0.000000,0
69.1676,200.654297,0.000000,0
69.1879,200.654297,0.000000,0
69.2082,200.654297,0.000000,0
69.2284,200.654297,0.000000,0
69.2486,200.654297,0.000000,0
69.2689,200.654297,0.000000,0
69.2891,200.654297,0.000000,0
69.3094,200.654297,0.000000,0
69.3297,200.654297,0.000000,0
69.3499,200.654297,0.000000,0
69.3701,200.654297,0.000000,0
69.3904,200.654297,0.000000,0
69.4106,200.654297,0.000000,0
69.4309,200.654297,0.000000,0
69.4514,200.654297,0.000000,0
69.4717,200.654297,0.000000,0
69.4920,200.654297,0.000000,0
69.5122,200.654297,0.000000,0
69.5325,200.654297,0.000000,0
69.5527,200.654297,0.000000,0
69.5730,200.654297,0.000000,0
69.5932,200.654297,0.000000,0
69.6134,200.654297,0.000000,0
69.6337,200.654297,0.000000,0
69.6539,200.654297,0.000000,0
69.6741,200.654297,0.000000,0
69.6943,200.654297,0.000000,0
69.7145,200.654297,0.000000,0
69.7348,200.654297,0.000000,0
69.7550,200.654297,0.000000,0
69.7753,200.654297,0.000000,0
69.7955,200.654297,0.000000,0
69.8157,200.654297,0.000000,0
69.8360,200.654297,0.000000,0
69.8562,200.654297,0.000000,0
69.8764,200.654297,0.000000,0
69.8966,200.654297,0.000000,0
69.9168,200.654297,0.000000,0
69.9370,200.654297,0.000000,0
69.9573,200.654297,0.000000,0
69.9775,200.654297,0.000000,0
69.9978,200.654297,0.000000,0
70.0181,200.654297,0.000000,0
70.0385,200.654297,0.000000,0
70.0589,200.654297,0.000000,0
70.0791,200.654297,0.000000,0
70.0994,200.654297,0.000000,0
70.1196,200.654297,0.000000,0
70.1400,200.654297,0.000000,0
70.1602,200.654297,0.000000,0
70.1804,200.654297,0.000000,0
70.2007,200.654297,0.000000,0
70.2209,200.654297,0.000000,0
70.2411,200.654297,0.000000,0
70.2613,200.654297,0.000000,0
70.2816,200.654297,0.000000,0
70.3020,200.654297,0.000000,0
70.3224,200.654297,0.000000,0
70.3426,200.654297,0.000000,0
70.3629,200.654297,0.000000,0
70.3831,200.654297,0.000000,0
70.4034,200.654297,0.000000,0
70.4240,200.654297,0.000000,0
70.4442,200.654297,0.000000,0
70.4645,200.654297,0.000000,0
70.4847,200.654297,0.000000,0
70.5068,200.654297,0.000000,0
70.5270,200.654297,0.000000,0
70.5472,200.654297,0.000000,0
70.5675,200.654297,0.000000,0
70.5877,200.654297,0.000000,0
70.6079,200.654297,0.000000,0
70.6282,200.654297,0.000000,0
70.6484,200.654297,0.000000,0
70.6687,200.654297,0.000000,0
70.6890,200.566406,-0.087891,0
70.7092,200.654297,0.087891,0
70.7294,200.654297,0.000000,0
70.7497,200.654297,0.000000,0
70.7699,200.654297,0.000000,0
70.7901,200.654297,0.000000,0
70.8104,200.654297,0.000000,0
70.8307,200.654297,0.000000,0
70.8511,200.654297,0.000000,0
70.8713,200.654297,0.000000,0
70.8915,200.654297,0.000000,0
70.9118,200.654297,0.000000,0
70.9321,200.654297,0.000000,0
70.9523,200.654297,0.000000,0
70.9726,200.654297,0.000000,0
70.9928,200.654297,0.000000,0
71.0131,200.654297,0.000000,0
71.0334,200.654297,0.000000,0
71.0538,200.654297,0.000000,0
71.0741,200.654297,0.000000,0
71.0943,200.654297,0.000000,0
71.1145,200.654297,0.000000,0
71.1347,200.654297,0.000000,0
71.1552,200.654297,0.000000,0
71.1764,200.654297,0.000000,0
71.1966,200.654297,0.000000,0
71.2168,200.654297,0.000000,0
71.2370,200.654297,0.000000,0
71.2573,200.654297,0.000000,0
71.2775,200.654297,0.000000,0
71.2977,200.654297,0.000000,0
71.3179,200.654297,0.000000,0
71.3383,200.654297,0.000000,0
71.3585,200.654297,0.000000,0
71.3789,200.654297,0.000000,0
71.3991,200.654297,0.000000,0
71.4193,200.654297,0.000000,0
71.4397,200.654297,0.000000,0
71.4600,200.654297,0.000000,0
71.4802,200.654297,0.000000,0
71.5004,200.654297,0.000000,0
71.5207,200.654297,0.000000,0
71.5409,200.654297,0.000000,0
71.5611,200.654297,0.000000,0
71.5813,200.654297,0.000000,0
71.6016,200.654297,0.000000,0
71.6219,200.654297,0.000000,0
71.6421,200.654297,0.000000,0
71.6625,200.654297,0.000000,0
71.6827,200.654297,0.000000,0
71.7029,200.654297,0.000000,0
71.7231,200.654297,0.000000,0
71.7434,200.654297,0.000000,0
71.7637,200.654297,0.000000,0
71.7839,200.654297,0.000000,0
71.8041,200.654297,0.000000,0
71.8243,200.654297,0.000000,0
71.8446,200.654297,0.000000,0
71.8648,200.654297,0.000000,0
71.8850,200.654297,0.000000,0
71.9053,200.654297,0.000000,0
71.9255,200.654297,0.000000,0
71.9457,200.654297,0.000000,0
71.9660,200.654297,0.000000,0
71.9862,200.654297,0.000000,0
72.0064,200.654297,0.000000,0
72.0266,200.654297,0.000000,0
72.0469,200.654297,0.000000,0
72.0671,200.654297,0.000000,0
72.0873,200.654297,0.000000,0
72.1075,200.654297,0.000000,0
72.1278,200.654297,0.000000,0
72.1480,200.654297,0.000000,0
72.1682,200.654297,0.000000,0
72.1884,200.654297,0.000000,0
72.2087,200.654297,0.000000,0
72.2289,200.654297,0.000000,0
72.2491,200.654297,0.000000,0
72.2696,200.654297,0.000000,0
72.2899,200.654297,0.000000,0
72.3101,200.654297,0.000000,0
72.3303,200.654297,0.000000,0
72.3505,200.654297,0.000000,0
72.3708,200.654297,0.000000,0
72.3911,200.654297,0.000000,0
72.4113,200.654297,0.000000,0
72.4315,200.654297,0.000000,0
72.4518,200.654297,0.000000,0
72.4720,200.654297,0.000000,0
72.4922,200.654297,0.000000,0
72.5131,200.654297,0.000000,0
72.5333,200.654297,0.000000,0
72.5536,200.654297,0.000000,0
72.5738,200.654297,0.000000,0
72.5940,200.654297,0.000000,0
72.6143,200.654297,0.000000,0
72.6345,200.654297,0.000000,0
72.6547,200.654297,0.000000,0
72.6750,200.654297,0.000000,0
72.6952,200.654297,0.000000,0
72.7155,200.654297,0.000000,0
72.7357,200.654297,0.000000,0
72.7559,200.654297,0.000000,0
72.7762,200.654297,0.000000,0
72.7964,200.654297,0.000000,0
72.8167,200.654297,0.000000,0
72.8369,200.654297,0.000000,0
72.8572,200.654297,0.000000,0
72.8774,200.654297,0.000000,0
72.8976,200.654297,0.000000,0
72.9179,200.654297,0.000000,0
72.9381,200.654297,0.000000,0
72.9583,200.654297,0.000000,0
72.9786,200.654297,0.000000,0
72.9988,200.654297,0.000000,0
73.0191,200.654297,0.000000,0
73.0393,200.654297,0.000000,0
73.0596,200.654297,0.000000,0
73.0798,200.654297,0.000000,0
73.1001,200.654297,0.000000,0
73.1203,200.654297,0.000000,0
73.1405,200.654297,0.000000,0
73.1607,200.654297,0.000000,0
73.1809,200.654297,0.000000,0
73.2012,200.654297,0.000000,0
73.2214,200.654297,0.000000,0
73.2416,200.654297,0.000000,0
73.2619,200.654297,0.000000,0
73.2821,200.654297,0.000000,0
73.3023,200.654297,0.000000,0
73.3226,200.654297,0.000000,0
73.3428,200.654297,0.000000,0
73.3630,200.654297,0.000000,0
73.3832,200.654297,0.000000,0
73.4034,200.654297,0.000000,0
73.4238,200.654297,0.000000,0
73.4441,200.654297,0.000000,0
73.4643,200.654297,0.000000,0
73.4845,200.654297,0.000000,0
73.5048,200.654297,0.000000,0
73.5250,200.654297,0.000000,0
73.5454,200.654297,0.000000,0
73.5656,200.654297,0.000000,0
73.5859,200.654297,0.000000,0
73.6061,200.654297,0.000000,0
73.6264,200.654297,0.000000,0
73.6466,200.654297,0.000000,0
73.6668,200.654297,0.000000,0
73.6870,200.654297,0.000000,0
73.7073,200.654297,0.000000,0
73.7275,200.654297,0.000000,0
73.7478,200.654297,0.000000,0
73.7680,200.654297,0.000000,0
73.7884,200.654297,0.000000,0
73.8087,200.654297,0.000000,0
73.8290,200.654297,0.000000,0
73.8492,200.654297,0.000000,0
73.8696,200.654297,0.000000,0
73.8898,200.654297,0.000000,0
73.9101,200.654297,0.000000,0
73.9303,200.654297,0.000000,0
73.9506,200.654297,0.000000,0
73.9710,200.654297,0.000000,0
73.9913,200.654297,0.000000,0
74.0116,200.566406,-0.087891,0
74.0319,200.478516,-0.087891,0
74.0521,200.214844,-0.263672,0
74.0723,199.951172,-0.263672,0
74.0925,199.423828,-0.527344,0
74.1128,198.984375,-0.439453,0
74.1330,198.632812,-0.351562,0
74.1532,198.105469,-0.527344,0
74.1734,197.666016,-0.439453,0
74.1936,197.050781,-0.615234,0
74.2139,196.523438,-0.527344,0
74.2341,195.820312,-0.703125,0
74.2543,195.292969,-0.527344,0
74.2746,194.853516,-0.439453,0
74.2948,194.238281,-0.615234,0
74.3151,193.535156,-0.703125,0
74.3353,193.007812,-0.527344,0
74.3556,192.480469,-0.527344,0
74.3759,191.865234,-0.615234,0
74.3961,191.425781,-0.439453,0
74.4163,190.810547,-0.615234,0
74.4364,190.195312,-0.615234,0
74.4566,189.580078,-0.615234,0
74.4769,188.964844,-0.615234,0
74.4971,188.525391,-0.439453,0
74.5173,187.910156,-0.615234,0
74.5375,187.382812,-0.527344,0
74.5578,186.679688,-0.703125,0
74.5779,186.240234,-0.439453,0
74.5982,185.625000,-0.615234,0
74.6184,185.097656,-0.527344,0
74.6386,184.482422,-0.615234,0
74.6590,183.251953,-1.230469,0
74.6794,182.636719,-0.615234,0
74.6997,182.197266,-0.439453,0
74.7200,181.494141,-0.703125,0
74.7403,181.054688,-0.439453,0
74.7605,180.351562,-0.703125,0
74.7808,179.824219,-0.527344,0
74.8010,179.296875,-0.527344,0
74.8212,178.593750,-0.703125,0
74.8414,178.154297,-0.439453,0
74.8616,177.451172,-0.703125,0
74.8819,176.923828,-0.527344,0
74.9021,176.308594,-0.615234,0
74.9224,175.781250,-0.527344,0
74.9426,175.166016,-0.615234,0
74.9628,174.726562,-0.439453,0
74.9830,173.935547,-0.791016,0
75.0032,173.232422,-0.703125,0
75.0234,172.792969,-0.439453,0
75.0437,172.177734,-0.615234,0
75.0639,171.738281,-0.439453,0
75.0841,171.035156,-0.703125,0
75.1043,170.507812,-0.527344,0
75.1246,169.804688,-0.703125,0
75.1448,169.365234,-0.439453,0
75.1650,168.750000,-0.615234,0
75.1854,168.046875,-0.703125,0
75.2057,167.519531,-0.527344,0
75.2259,166.816406,-0.703125,0
75.2461,166.289062,-0.527344,0
75.2664,165.673828,-0.615234,0
75.2866,165.234375,-0.439453,0
75.3069,164.531250,-0.703125,0
75.3271,164.091797,-0.439453,0
75.3474,163.300781,-0.791016,0
75.3677,162.597656,-0.703125,0
75.3881,162.158203,-0.439453,0
75.4084,161.542969,-0.615234,0
75.4287,161.015625,-0.527344,0
75.4489,160.312500,-0.703125,0
75.4691,159.785156,-0.527344,0
75.4894,159.169922,-0.615234,0
75.5096,158.730469,-0.439453,0
75.5298,158.027344,-0.703125,0
75.5500,157.324219,-0.703125,0
75.5703,156.796875,-0.527344,0
75.5905,156.093750,-0.703125,0
75.6107,155.654297,-0.439453,0
75.6309,154.951172,-0.703125,0
75.6512,154.511719,-0.439453,0
75.6714,153.808594,-0.703125,0
75.6916,153.281250,-0.527344,0
75.7119,152.578125,-0.703125,0
75.7321,151.875000,-0.703125,0
75.7523,151.435547,-0.439453,0
75.7725,150.732422,-0.703125,0
75.7927,150.292969,-0.439453,0
75.8130,149.677734,-0.615234,0
75.8332,149.062500,-0.615234,0
75.8534,148.359375,-0.703125,0
75.8736,147.919922,-0.439453,0
75.8938,147.128906,-0.791016,0
75.9140,146.689453,-0.439453,0
75.9342,145.986328,-0.703125,0
75.9545,145.458984,-0.527344,0
75.9748,144.755859,-0.703125,0
75.9950,144.316406,-0.439453,0
76.0152,143.613281,-0.703125,0
76.0355,143.085938,-0.527344,0
76.0557,142.470703,-0.615234,0
76.0759,141.679688,-0.791016,0
76.0962,141.152344,-0.527344,0
76.1164,140.625000,-0.527344,0
76.1367,140.097656,-0.527344,0
76.1569,139.394531,-0.703125,0
76.1771,138.955078,-0.439453,0
76.1973,138.164062,-0.791016,0
76.2175,137.636719,-0.527344,0
76.2377,137.021484,-0.615234,0
76.2580,136.406250,-0.615234,0
76.2782,135.966797,-0.439453,0
76.2984,135.351562,-0.615234,0
76.3186,134.648438,-0.703125,0
76.3389,133.330078,-1.318359,0
76.3592,132.978516,-0.351562,0
76.3795,132.275391,-0.703125,0
76.3998,131.748047,-0.527344,0
76.4200,131.132812,-0.615234,0
76.4402,130.517578,-0.615234,0
76.4605,129.902344,-0.615234,0
76.4807,129.199219,-0.703125,0
76.5010,128.759766,-0.439453,0
76.5212,128.232422,-0.527344,0
76.5414,127.617188,-0.615234,0
76.5617,127.001953,-0.615234,0
76.5821,126.386719,-0.615234,0
76.6023,125.771484,-0.615234,0
76.6226,125.156250,-0.615234,0
76.6428,124.716797,-0.439453,0
76.6630,124.101562,-0.615234,0
76.6833,123.574219,-0.527344,0
76.7035,122.783203,-0.791016,0
76.7237,122.255859,-0.527344,0
76.7440,121.640625,-0.615234,0
76.7642,121.201172,-0.439453,0
76.7844,120.585938,-0.615234,0
76.8046,119.970703,-0.615234,0
76.8249,119.443359,-0.527344,0
76.8451,118.652344,-0.791016,0
76.8654,118.212891,-0.439453,0
76.8856,117.597656,-0.615234,0
76.9059,117.158203,-0.439453,0
76.9261,116.455078,-0.703125,0
76.9463,116.015625,-0.439453,0
76.9665,115.312500,-0.703125,0
76.9867,114.521484,-0.791016,0
77.0070,114.169922,-0.351562,0
77.0272,113.554688,-0.615234,0
77.0474,113.027344,-0.527344,0
77.0678,112.412109,-0.615234,0
77.0880,111.884766,-0.527344,0
77.1082,111.181641,-0.703125,0
77.1285,110.654297,-0.527344,0
77.1487,110.039062,-0.615234,0
77.1690,109.599609,-0.439453,0
77.1893,109.072266,-0.527344,0
77.2095,108.457031,-0.615234,0
77.2297,107.666016,-0.791016,0
77.2499,107.138672,-0.527344,0
77.2701,106.611328,-0.527344,0
77.2905,106.171875,-0.439453,0
77.3108,105.556641,-0.615234,0
77.3310,105.117188,-0.439453,0
77.3513,104.414062,-0.703125,0
77.3716,103.886719,-0.527344,0
77.3919,103.183594,-0.703125,0
77.4121,102.568359,-0.615234,0
77.4323,102.128906,-0.439453,0
77.4526,101.513672,-0.615234,0
77.4728,101.074219,-0.439453,0
77.4930,100.458984,-0.615234,0
77.5132,99.931641,-0.527344,0
77.5335,99.228516,-0.703125,0
77.5537,98.789062,-0.439453,0
77.5740,98.085938,-0.703125,0
77.5942,97.646484,-0.439453,0
77.6144,97.031250,-0.615234,0
77.6346,96.591797,-0.439453,0
77.6548,95.800781,-0.791016,0
77.6751,95.273438,-0.527344,0
77.6954,94.833984,-0.439453,0
77.7157,94.306641,-0.527344,0
77.7361,93.691406,-0.615234,0
77.7564,93.251953,-0.439453,0
77.7766,92.548828,-0.703125,0
77.7968,92.021484,-0.527344,0
77.8170,91.406250,-0.615234,0
77.8372,90.966797,-0.439453,0
77.8575,90.351562,-0.615234,0
77.8777,89.912109,-0.439453,0
77.8979,89.296875,-0.615234,0
77.9182,88.593750,-0.703125,0
77.9384,88.066406,-0.527344,0
77.9587,87.539062,-0.527344,0
77.9789,86.484375,-1.054688,0
77.9992,86.044922,-0.439453,0
78.0195,85.517578,-0.527344,0
78.0397,85.078125,-0.439453,0
78.0599,84.550781,-0.527344,0
78.0801,84.199219,-0.351562,0
78.1003,83.935547,-0.263672,0
78.1206,83.759766,-0.175781,0
78.1408,83.583984,-0.175781,0
78.1610,83.408203,-0.175781,0
78.1813,83.320312,-0.087891,0
78.2015,83.320312,0.000000,0
78.2218,83.320312,0.000000,0
78.2420,83.320312,0.000000,0
78.2622,83.320312,0.000000,0
78.2825,83.320312,0.000000,0
78.3028,83.320312,0.000000,0
78.3231,83.320312,0.000000,0
78.3432,83.320312,0.000000,0
78.3634,83.320312,0.000000,0
78.3836,83.408203,0.087891,0
78.4038,83.496094,0.087891,0
78.4241,83.671875,0.175781,0
78.4443,84.023438,0.351562,0
78.4645,84.375000,0.351562,0
78.4847,84.726562,0.351562,0
78.5049,85.341797,0.615234,0
78.5251,85.693359,0.351562,0
78.5453,86.396484,0.703125,0
78.5658,87.011719,0.615234,0
78.5860,87.451172,0.439453,0
78.6062,88.154297,0.703125,0
78.6265,88.945312,0.791016,0
78.6468,89.560547,0.615234,0
78.6672,90.263672,0.703125,0
78.6874,90.791016,0.527344,0
78.7077,91.494141,0.703125,0
78.7281,92.285156,0.791016,0
78.7483,92.900391,0.615234,0
78.7686,93.691406,0.791016,0
78.7888,94.306641,0.615234,0
78.8090,94.658203,0.351562,0
78.8292,95.273438,0.615234,0
78.8495,95.625000,0.351562,0
78.8697,96.064453,0.439453,0
78.8899,96.591797,0.527344,0
78.9103,96.855469,0.263672,0
78.9305,97.119141,0.263672,0
78.9507,97.294922,0.175781,0
78.9709,97.470703,0.175781,0
78.9911,97.470703,0.000000,0
79.0114,97.558594,0.087891,0
79.0317,97.558594,0.000000,0
79.0519,97.558594,0.000000,0
79.0722,97.558594,0.000000,0
79.0924,97.558594,0.000000,0
79.1126,97.558594,0.000000,0
79.1328,97.558594,0.000000,0
79.1531,97.558594,0.000000,0
79.1733,97.558594,0.000000,0
79.1935,97.558594,0.000000,0
79.2137,97.558594,0.000000,0
79.2339,97.470703,-0.087891,0
79.2542,97.470703,0.000000,0
79.2744,97.470703,0.000000,0
79.2946,97.470703,0.000000,0
79.3148,97.470703,0.000000,0
79.3351,97.470703,0.000000,0
79.3553,97.470703,0.000000,0
79.3757,97.470703,0.000000,0
79.3960,97.382812,-0.087891,0
79.4163,97.382812,0.000000,0
79.4365,97.382812,0.000000,0
79.4567,97.382812,0.000000,0
79.4770,97.294922,-0.087891,0
79.4972,97.294922,0.000000,0
79.5174,97.294922,0.000000,0
79.5378,97.207031,-0.087891,0
79.5580,97.207031,0.000000,0
79.5783,97.119141,-0.087891,0
79.5985,97.119141,0.000000,0
79.6187,97.031250,-0.087891,0
79.6390,97.031250,0.000000,0
79.6592,97.031250,0.000000,0
79.6794,96.943359,-0.087891,0
79.6997,96.943359,0.000000,0
79.7199,96.855469,-0.087891,0
79.7401,96.855469,0.000000,0
79.7603,96.855469,0.000000,0
79.7805,96.767578,-0.087891,0
79.8008,96.767578,0.000000,0
79.8210,96.767578,0.000000,0
79.8413,96.679688,-0.087891,0
79.8615,96.679688,0.000000,0
79.8818,96.591797,-0.087891,0
79.9020,96.591797,0.000000,0
79.9224,96.591797,0.000000,0
79.9429,96.503906,-0.087891,0
79.9633,96.503906,0.000000,0
79.9839,96.503906,0.000000,0
80.0081,96.416016,-0.087891,0
80.0287,96.416016,0.000000,0
80.0491,96.416016,0.000000,0
80.0693,96.416016,0.000000,0
80.0896,96.328125,-0.087891,0
80.1100,96.328125,0.000000,0
80.1302,96.240234,-0.087891,0
80.1506,96.240234,0.000000,0
80.1709,96.240234,0.000000,0
80.1912,96.240234,0.000000,0
80.2114,96.152344,-0.087891,0
80.2317,96.152344,0.000000,0
80.2519,96.152344,0.000000,0
80.2722,96.064453,-0.087891,0
80.2925,96.064453,0.000000,0
80.3127,96.064453,0.000000,0
80.3330,96.064453,0.000000,0
80.3532,95.976562,-0.087891,0
80.3734,95.976562,0.000000,0
80.3936,95.976562,0.000000,0
80.4139,95.888672,-0.087891,0
80.4344,95.976562,0.087891,0
80.4546,95.888672,-0.087891,0
80.4748,95.888672,0.000000,0
80.4951,95.888672,0.000000,0
80.5152,95.800781,-0.087891,0
80.5355,95.800781,0.000000,0
80.5557,95.800781,0.000000,0
80.5759,95.800781,0.000000,0
80.5962,95.800781,0.000000,0
80.6164,95.712891,-0.087891,0
80.6367,95.712891,0.000000,0
80.6570,95.712891,0.000000,0
80.6773,95.712891,0.000000,0
80.6982,95.712891,0.000000,0
80.7190,95.625000,-0.087891,0
80.7393,95.625000,0.000000,0
80.7596,95.625000,0.000000,0
80.7799,95.625000,0.000000,0
80.8001,95.537109,-0.087891,0
80.8203,95.537109,0.000000,0
80.8406,95.537109,0.000000,0
80.8608,95.537109,0.000000,0
80.8811,95.537109,0.000000,0
80.9013,95.449219,-0.087891,0
80.9220,95.537109,0.087891,0
80.9426,95.449219,-0.087891,0
80.9634,95.449219,0.000000,0
80.9840,95.449219,0.000000,0
81.0042,95.361328,-0.087891,0
81.0245,95.361328,0.000000,0
81.0448,95.361328,0.000000,0
81.0652,95.361328,0.000000,0
81.0854,95.361328,0.000000,0
81.1057,95.361328,0.000000,0
81.1259,95.273438,-0.087891,0
81.1462,95.273438,0.000000,0
81.1666,95.273438,0.000000,0
81.1869,95.273438,0.000000,0
81.2071,95.273438,0.000000,0
81.2274,95.185547,-0.087891,0
81.2477,95.185547,0.000000,0
81.2680,95.185547,0.000000,0
81.2882,95.185547,0.000000,0
81.3085,95.185547,0.000000,0
81.3287,95.185547,0.000000,0
81.3489,95.097656,-0.087891,0
81.3691,95.097656,0.000000,0
81.3894,95.097656,0.000000,0
81.4096,95.097656,0.000000,0
81.4299,95.097656,0.000000,0
81.4501,95.097656,0.000000,0
81.4704,95.097656,0.000000,0
81.4906,95.009766,-0.087891,0
81.5109,95.009766,0.000000,0
81.5311,95.009766,0.000000,0
81.5513,95.009766,0.000000,0
81.5716,94.921875,-0.087891,0
81.5919,94.921875,0.000000,0
81.6121,94.921875,0.000000,0
81.6324,94.833984,-0.087891,0
81.6526,94.921875,0.087891,0
81.6730,94.833984,-0.087891,0
81.6932,94.833984,0.000000,0
81.7136,94.833984,0.000000,0
81.7339,94.833984,0.000000,0
81.7544,94.833984,0.000000,0
81.7746,94.746094,-0.087891,0
81.7948,94.746094,0.000000,0
81.8150,94.746094,0.000000,0
81.8353,94.746094,0.000000,0
81.8555,94.746094,0.000000,0
81.8757,94.746094,0.000000,0
81.8959,94.658203,-0.087891,0
81.9162,94.658203,0.000000,0
81.9365,94.658203,0.000000,0
81.9567,94.658203,0.000000,0
81.9770,94.658203,0.000000,0
81.9972,94.570312,-0.087891,0
82.0175,94.570312,0.000000,0
82.0377,94.570312,0.000000,0
82.0580,94.570312,0.000000,0
82.0783,94.570312,0.000000,0
82.0985,94.482422,-0.087891,0
82.1189,94.482422,0.000000,0
82.1391,94.482422,0.000000,0
82.1593,94.482422,0.000000,0
82.1795,94.482422,0.000000,0
82.1997,94.394531,-0.087891,0
82.2199,94.482422,0.087891,0
82.2401,94.394531,-0.087891,0
82.2603,94.394531,0.000000,0
82.2805,94.394531,0.000000,0
82.3008,94.306641,-0.087891,0
82.3211,94.306641,0.000000,0
82.3413,94.306641,0.000000,0
82.3615,94.306641,0.000000,0
82.3817,94.218750,-0.087891,0
82.4019,94.306641,0.087891,0
82.4222,94.218750,-0.087891,0
82.4424,94.218750,0.000000,0
82.4626,94.218750,0.000000,0
82.4830,94.130859,-0.087891,0
82.5032,94.130859,0.000000,0
82.5250,94.130859,0.000000,0
82.5453,94.042969,-0.087891,0
82.5655,94.130859,0.087891,0
82.5858,94.042969,-0.087891,0
82.6063,94.042969,0.000000,0
82.6265,94.042969,0.000000,0
82.6468,93.955078,-0.087891,0
82.6670,94.042969,0.087891,0
82.6872,93.955078,-0.087891,0
82.7075,93.955078,0.000000,0
82.7277,93.955078,0.000000,0
82.7480,93.955078,0.000000,0
82.7682,93.955078,0.000000,0
82.7884,93.867188,-0.087891,0
82.8087,93.867188,0.000000,0
82.8291,93.867188,0.000000,0
82.8494,93.867188,0.000000,0
82.8696,93.867188,0.000000,0
82.8899,93.867188,0.000000,0
82.9101,93.867188,0.000000,0
82.9303,93.779297,-0.087891,0
82.9505,93.779297,0.000000,0
82.9708,93.779297,0.000000,0
82.9910,93.779297,0.000000,0
83.0113,93.691406,-0.087891,0
83.0315,93.691406,0.000000,0
83.0518,93.691406,0.000000,0
83.0720,93.691406,0.000000,0
83.0922,93.691406,0.000000,0
83.1125,93.603516,-0.087891,0
83.1327,93.603516,0.000000,0
83.1529,93.603516,0.000000,0
83.1733,93.603516,0.000000,0
83.1935,93.515625,-0.087891,0
83.2137,93.515625,0.000000,0
83.2340,93.515625,0.000000,0
83.2545,93.515625,0.000000,0
83.2747,93.427734,-0.087891,0
83.2950,93.427734,0.000000,0
83.3152,93.427734,0.000000,0
83.3354,93.427734,0.000000,0
83.3557,93.427734,0.000000,0
83.3759,93.427734,0.000000,0
83.3961,93.427734,0.000000,0
83.4164,93.427734,0.000000,0
83.4367,93.339844,-0.087891,0
83.4569,93.339844,0.000000,0
83.4770,93.339844,0.000000,0
83.4973,93.339844,0.000000,0
83.5175,93.339844,0.000000,0
83.5377,93.251953,-0.087891,0
83.5579,93.251953,0.000000,0
83.5781,93.251953,0.000000,0
83.5984,93.251953,0.000000,0
83.6186,93.251953,0.000000,0
83.6388,93.164062,-0.087891,0
83.6591,93.164062,0.000000,0
83.6794,93.164062,0.000000,0
83.6996,93.164062,0.000000,0
83.7198,93.164062,0.000000,0
83.7401,93.076172,-0.087891,0
83.7603,93.076172,0.000000,0
83.7805,93.076172,0.000000,0
83.8008,93.076172,0.000000,0
83.8210,92.988281,-0.087891,0
83.8413,92.988281,0.000000,0
83.8615,92.988281,0.000000,0
83.8817,92.988281,0.000000,0
83.9019,92.900391,-0.087891,0
83.9221,92.900391,0.000000,0
83.9424,92.900391,0.000000,0
83.9627,92.812500,-0.087891,0
83.9829,92.812500,0.000000,0
84.0032,92.812500,0.000000,0
84.0234,92.812500,0.000000,0
84.0438,92.812500,0.000000,0
84.0640,92.812500,0.000000,0
84.0843,92.724609,-0.087891,0
84.1045,92.724609,0.000000,0
84.1248,92.724609,0.000000,0
84.1450,92.636719,-0.087891,0
84.1653,92.636719,0.000000,0
84.1855,92.636719,0.000000,0
84.2057,92.636719,0.000000,0
84.2259,92.636719,0.000000,0
84.2462,92.636719,0.000000,0
84.2664,92.548828,-0.087891,0
84.2866,92.548828,0.000000,0
84.3068,92.548828,0.000000,0
84.3270,92.548828,0.000000,0
84.3472,92.460938,-0.087891,0
84.3675,92.548828,0.087891,0
84.3878,92.460938,-0.087891,0
84.4081,92.460938,0.000000,0
84.4283,92.460938,0.000000,0
84.4486,92.460938,0.000000,0
84.4689,92.373047,-0.087891,0
84.4892,92.373047,0.000000,0
84.5094,92.373047,0.000000,0
84.5300,92.373047,0.000000,0
84.5502,92.285156,-0.087891,0
84.5705,92.285156,0.000000,0
84.5908,92.285156,0.000000,0
84.6110,92.285156,0.000000,0
84.6313,92.285156,0.000000,0
84.6515,92.285156,0.000000,0
84.6718,92.197266,-0.087891,0
84.6920,92.197266,0.000000,0
84.7123,92.197266,0.000000,0
84.7325,92.197266,0.000000,0
84.7528,92.109375,-0.087891,0
84.7730,92.197266,0.087891,0
84.7932,92.109375,-0.087891,0
84.8134,92.109375,0.000000,0
84.8336,92.109375,0.000000,0
84.8538,92.109375,0.000000,0
84.8741,92.021484,-0.087891,0
84.8943,92.021484,0.000000,0
84.9146,92.021484,0.000000,0
84.9348,92.021484,0.000000,0
84.9550,92.021484,0.000000,0
84.9752,92.021484,0.000000,0
84.9954,91.933594,-0.087891,0
85.0156,91.933594,0.000000,0
85.0359,91.933594,0.000000,0
85.0564,91.933594,0.000000,0
85.0767,91.933594,0.000000,0
85.0970,91.933594,0.000000,0
85.1172,91.933594,0.000000,0
85.1374,91.845703,-0.087891,0
85.1576,91.845703,0.000000,0
85.1778,91.845703,0.000000,0
85.1981,91.845703,0.000000,0
85.2184,91.757812,-0.087891,0
85.2386,91.757812,0.000000,0
85.2595,91.757812,0.000000,0
85.2797,91.757812,0.000000,0
85.3001,91.757812,0.000000,0
85.3203,91.669922,-0.087891,0
85.3405,91.669922,0.000000,0
85.3608,91.669922,0.000000,0
85.3810,91.669922,0.000000,0
85.4013,91.669922,0.000000,0
85.4215,91.582031,-0.087891,0
85.4418,91.669922,0.087891,0
85.4621,91.582031,-0.087891,0
85.4824,91.582031,0.000000,0
85.5027,91.582031,0.000000,0
85.5229,91.582031,0.000000,0
85.5432,91.494141,-0.087891,0
85.5635,91.494141,0.000000,0
85.5838,91.494141,0.000000,0
85.6040,91.494141,0.000000,0
85.6242,91.494141,0.000000,0
85.6444,91.494141,0.000000,0
85.6647,91.494141,0.000000,0
85.6849,91.406250,-0.087891,0
85.7051,91.406250,0.000000,0
85.7253,91.406250,0.000000,0
85.7455,91.406250,0.000000,0
85.7658,91.406250,0.000000,0
85.7860,91.406250,0.000000,0
85.8062,91.318359,-0.087891,0
85.8264,91.318359,0.000000,0
85.8467,91.318359,0.000000,0
85.8677,91.230469,-0.087891,0
85.8880,91.230469,0.000000,0
85.9083,91.230469,0.000000,0
85.9286,91.230469,0.000000,0
85.9488,91.230469,0.000000,0
85.9692,91.230469,0.000000,0
85.9894,91.230469,0.000000,0
86.0097,91.142578,-0.087891,0
86.0299,91.142578,0.000000,0
86.0501,91.142578,0.000000,0
86.0703,91.142578,0.000000,0
86.0905,91.142578,0.000000,0
86.1108,91.054688,-0.087891,0
86.1310,91.142578,0.087891,0
86.1512,91.054688,-0.087891,0
86.1716,91.054688,0.000000,0
86.1919,91.054688,0.000000,0
86.2121,91.054688,0.000000,0
86.2323,91.054688,0.000000,0
86.2526,90.966797,-0.087891,0
86.2729,90.966797,0.000000,0
86.2932,90.966797,0.000000,0
86.3135,90.966797,0.000000,0
86.3337,90.878906,-0.087891,0
86.3539,90.878906,0.000000,0
86.3741,90.878906,0.000000,0
86.3944,90.878906,0.000000,0
86.4146,90.878906,0.000000,0
86.4348,90.791016,-0.087891,0
86.4550,90.791016,0.000000,0
86.4753,90.791016,0.000000,0
86.4956,90.703125,-0.087891,0
86.5158,90.791016,0.087891,0
86.5361,90.703125,-0.087891,0
86.5563,90.703125,0.000000,0
86.5765,90.703125,0.000000,0
86.5967,90.703125,0.000000,0
86.6171,90.703125,0.000000,0
86.6373,90.703125,0.000000,0
86.6575,90.615234,-0.087891,0
86.6777,90.615234,0.000000,0
86.6979,90.615234,0.000000,0
86.7182,90.615234,0.000000,0
86.7385,90.615234,0.000000,0
86.7590,90.615234,0.000000,0
86.7794,90.527344,-0.087891,0
86.7996,90.527344,0.000000,0
86.8200,90.527344,0.000000,0
86.8402,90.527344,0.000000,0
86.8604,90.439453,-0.087891,0
86.8807,90.439453,0.000000,0
86.9011,90.439453,0.000000,0
86.9214,90.439453,0.000000,0
86.9417,90.351562,-0.087891,0
86.9620,90.351562,0.000000,0
86.9822,90.351562,0.000000,0
87.0024,90.351562,0.000000,0
87.0227,90.263672,-0.087891,0
87.0429,90.263672,0.000000,0
87.0631,90.263672,0.000000,0
87.0833,90.263672,0.000000,0
87.1035,90.263672,0.000000,0
87.1238,90.175781,-0.087891,0
87.1440,90.175781,0.000000,0
87.1644,90.175781,0.000000,0
87.1846,90.175781,0.000000,0
87.2049,90.175781,0.000000,0
87.2252,90.087891,-0.087891,0
87.2454,90.087891,0.000000,0
87.2656,90.087891,0.000000,0
87.2857,90.087891,0.000000,0
87.3060,90.087891,0.000000,0
87.3263,90.087891,0.000000,0
87.3466,90.087891,0.000000,0
87.3670,90.000000,-0.087891,0
87.3872,90.000000,0.000000,0
87.4074,90.000000,0.000000,0
87.4277,90.000000,0.000000,0
87.4480,90.000000,0.000000,0
87.4684,89.912109,-0.087891,0
87.4886,89.912109,0.000000,0
87.5089,89.912109,0.000000,0
87.5292,89.824219,-0.087891,0
87.5494,89.824219,0.000000,0
87.5696,89.824219,0.000000,0
87.5899,89.824219,0.000000,0
87.6101,89.824219,0.000000,0
87.6303,89.824219,0.000000,0
87.6505,89.736328,-0.087891,0
87.6707,89.736328,0.000000,0
87.6910,89.736328,0.000000,0
87.7113,89.736328,0.000000,0
87.7316,89.736328,0.000000,0
87.7519,89.736328,0.000000,0
87.7720,89.648438,-0.087891,0
87.7922,89.648438,0.000000,0
87.8125,89.648438,0.000000,0
87.8327,89.648438,0.000000,0
87.8529,89.648438,0.000000,0
87.8732,89.560547,-0.087891,0
87.8935,89.648438,0.087891,0
87.9140,89.560547,-0.087891,0
87.9342,89.560547,0.000000,0
87.9545,89.560547,0.000000,0
87.9747,89.560547,0.000000,0
87.9949,89.560547,0.000000,0
88.0152,89.472656,-0.087891,0
88.0354,89.472656,0.000000,0
88.0558,89.472656,0.000000,0
88.0768,89.384766,-0.087891,0
88.0971,89.384766,0.000000,0
88.1173,89.384766,0.000000,0
88.1375,89.384766,0.000000,0
88.1577,89.384766,0.000000,0
88.1779,89.384766,0.000000,0
88.1981,89.296875,-0.087891,0
88.2183,89.296875,0.000000,0
88.2385,89.296875,0.000000,0
88.2587,89.208984,-0.087891,0
88.2790,89.208984,0.000000,0
88.2992,89.208984,0.000000,0
88.3194,89.208984,0.000000,0
88.3397,89.121094,-0.087891,0
88.3601,89.121094,0.000000,0
88.3803,89.121094,0.000000,0
88.4005,89.121094,0.000000,0
88.4207,89.033203,-0.087891,0
88.4410,89.121094,0.087891,0
88.4612,89.033203,-0.087891,0
88.4814,89.033203,0.000000,0
88.5017,89.033203,0.000000,0
88.5220,89.033203,0.000000,0
88.5422,88.945312,-0.087891,0
88.5624,88.945312,0.000000,0
88.5827,88.945312,0.000000,0
88.6030,88.945312,0.000000,0
88.6232,88.945312,0.000000,0
88.6435,88.857422,-0.087891,0
88.6637,88.857422,0.000000,0
88.6839,88.857422,0.000000,0
88.7041,88.857422,0.000000,0
88.7244,88.857422,0.000000,0
88.7446,88.769531,-0.087891,0
88.7648,88.769531,0.000000,0
88.7850,88.769531,0.000000,0
88.8052,88.769531,0.000000,0
88.8254,88.681641,-0.087891,0
88.8457,88.681641,0.000000,0
88.8659,88.681641,0.000000,0
88.8861,88.681641,0.000000,0
88.9064,88.681641,0.000000,0
88.9267,88.593750,-0.087891,0
88.9469,88.593750,0.000000,0
88.9671,88.593750,0.000000,0
88.9876,88.593750,0.000000,0
89.0079,88.593750,0.000000,0
89.0281,88.505859,-0.087891,0
89.0483,88.505859,0.000000,0
89.0686,88.505859,0.000000,0
89.0888,88.505859,0.000000,0
89.1091,88.505859,0.000000,0
89.1293,88.417969,-0.087891,0
89.1495,88.417969,0.000000,0
89.1697,88.417969,0.000000,0
89.1899,88.417969,0.000000,0
89.2106,88.330078,-0.087891,0
89.2309,88.417969,0.087891,0
89.2512,88.330078,-0.087891,0
89.2715,88.330078,0.000000,0
89.2923,88.330078,0.000000,0
89.3130,88.330078,0.000000,0
89.3332,88.242188,-0.087891,0
89.3535,88.242188,0.000000,0
89.3737,88.242188,0.000000,0
89.3939,88.242188,0.000000,0
89.4141,88.242188,0.000000,0
89.4344,88.242188,0.000000,0
89.4546,88.154297,-0.087891,0
89.4749,88.242188,0.087891,0
89.4951,88.154297,-0.087891,0
89.5153,88.154297,0.000000,0
89.5355,88.154297,0.000000,0
89.5599,88.154297,0.000000,0
89.5801,88.066406,-0.087891,0
89.6004,88.066406,0.000000,0
89.6206,88.066406,0.000000,0
89.6408,88.066406,0.000000,0
89.6611,87.978516,-0.087891,0
89.6813,87.978516,0.000000,0
89.7017,87.978516,0.000000,0
89.7219,87.978516,0.000000,0
89.7421,87.802734,-0.175781,0
89.7623,87.626953,-0.175781,0
89.7838,87.539062,-0.087891,0
89.8042,87.363281,-0.175781,0
89.8245,87.275391,-0.087891,0
89.8447,87.275391,0.000000,0
89.8649,87.275391,0.000000,0
89.8851,87.275391,0.000000,0
89.9053,87.275391,0.000000,0
89.9267,87.275391,0.000000,0
89.9470,87.275391,0.000000,0
89.9673,87.275391,0.000000,0
89.9875,87.275391,0.000000,0
90.0077,87.275391,0.000000,0
90.0280,87.275391,0.000000,0
90.0482,87.275391,0.000000,0
90.0685,87.275391,0.000000,0
90.0887,87.275391,0.000000,0
90.1090,87.275391,0.000000,0
90.1292,87.275391,0.000000,0
90.1494,87.275391,0.000000,0
90.1697,87.275391,0.000000,0
90.1899,87.275391,0.000000,0
90.2101,87.275391,0.000000,0
90.2304,87.275391,0.000000,0
90.2506,87.275391,0.000000,0
90.2709,87.275391,0.000000,0
90.2911,87.275391,0.000000,0
90.3118,87.275391,0.000000,0
90.3320,87.275391,0.000000,0
90.3523,87.275391,0.000000,0
90.3737,87.275391,0.000000,0
90.3939,87.275391,0.000000,0
90.4142,87.275391,0.000000,0
90.4397,87.275391,0.000000,0
90.4600,87.275391,0.000000,0
90.4837,87.275391,0.000000,0
90.5040,87.275391,0.000000,0
90.5315,87.275391,0.000000,0
90.5605,87.275391,0.000000,0
90.5808,87.275391,0.000000,0
90.6010,87.275391,0.000000,0
90.6217,87.275391,0.000000,0
90.6421,87.275391,0.000000,0
90.6623,87.275391,0.000000,0
90.6826,87.275391,0.000000,0
90.7029,87.275391,0.000000,0
90.7231,87.275391,0.000000,0
90.7434,87.275391,0.000000,0
90.7638,87.275391,0.000000,0
90.7841,87.275391,0.000000,0
90.8045,87.275391,0.000000,0
90.8248,87.275391,0.000000,0
90.8451,87.275391,0.000000,0
90.8653,87.275391,0.000000,0
90.8856,87.275391,0.000000,0
90.9060,87.275391,0.000000,0
90.9263,87.275391,0.000000,0
90.9466,87.275391,0.000000,0
90.9672,87.275391,0.000000,0
90.9878,87.275391,0.000000,0
91.0083,87.275391,0.000000,0
91.0287,87.275391,0.000000,0
91.0492,87.275391,0.000000,0
91.0698,87.275391,0.000000,0
91.0900,87.275391,0.000000,0
91.1104,87.275391,0.000000,0
91.1310,87.275391,0.000000,0
91.1515,87.275391,0.000000,0
91.1719,87.275391,0.000000,0
91.1924,87.275391,0.000000,0
91.2131,87.275391,0.000000,0
91.2338,87.275391,0.000000,0
91.2546,87.275391,0.000000,0
91.2752,87.275391,0.000000,0
91.2961,87.275391,0.000000,0
91.3168,87.275391,0.000000,0
91.3373,87.275391,0.000000,0
91.3576,87.275391,0.000000,0
91.3779,87.275391,0.000000,0
91.3982,87.275391,0.000000,0
91.4185,87.275391,0.000000,0
91.4389,87.275391,0.000000,0
91.4593,87.275391,0.000000,0
91.4796,87.275391,0.000000,0
91.4999,87.275391,0.000000,0
91.5202,87.275391,0.000000,0
91.5405,87.275391,0.000000,0
91.5608,87.275391,0.000000,0
91.5811,87.275391,0.000000,0
91.6017,87.275391,0.000000,0
91.6220,87.275391,0.000000,0
91.6423,87.275391,0.000000,0
91.6625,87.275391,0.000000,0
91.6829,87.275391,0.000000,0
91.7032,87.275391,0.000000,0
91.7235,87.275391,0.000000,0
91.7437,87.275391,0.000000,0
91.7639,87.275391,0.000000,0
91.7845,87.275391,0.000000,0
91.8047,87.275391,0.000000,0
91.8250,87.275391,0.000000,0
91.8452,87.275391,0.000000,0
91.8660,87.275391,0.000000,0
91.8869,87.275391,0.000000,0
91.9072,87.275391,0.000000,0
91.9275,87.275391,0.000000,0
91.9478,87.275391,0.000000,0
91.9681,87.275391,0.000000,0
91.9883,87.275391,0.000000,0
92.0086,87.275391,0.000000,0
92.0289,87.275391,0.000000,0
92.0492,87.275391,0.000000,0
92.0697,87.275391,0.000000,0
92.0902,87.275391,0.000000,0
92.1105,87.275391,0.000000,0
92.1308,87.275391,0.000000,0
92.1510,87.275391,0.000000,0
92.1713,87.275391,0.000000,0
92.1916,87.275391,0.000000,0
92.2119,87.275391,0.000000,0
92.2325,87.275391,0.000000,0
92.2530,87.275391,0.000000,0
92.2733,87.275391,0.000000,0
92.2939,87.275391,0.000000,0
92.3142,87.275391,0.000000,0
92.3345,87.275391,0.000000,0
92.3548,87.275391,0.000000,0
92.3751,87.275391,0.000000,0
92.3954,87.275391,0.000000,0
92.4156,87.275391,0.000000,0
92.4362,87.275391,0.000000,0
92.4564,87.275391,0.000000,0
92.4767,87.275391,0.000000,0
92.4970,87.275391,0.000000,0
92.5173,87.275391,0.000000,0
92.5389,87.275391,0.000000,0
92.5593,87.275391,0.000000,0
92.5797,87.275391,0.000000,0
92.6000,87.275391,0.000000,0
92.6203,87.275391,0.000000,0
92.6407,87.275391,0.000000,0
92.6610,87.275391,0.000000,0
92.6814,87.275391,0.000000,0
92.7021,87.275391,0.000000,0
92.7225,87.275391,0.000000,0
92.7429,87.275391,0.000000,0
92.7632,87.275391,0.000000,0
92.7834,87.275391,0.000000,0
92.8037,87.275391,0.000000,0
92.8241,87.275391,0.000000,0
92.8445,87.275391,0.000000,0
92.8650,87.275391,0.000000,0
92.8854,87.275391,0.000000,0
92.9058,87.275391,0.000000,0
92.9261,87.275391,0.000000,0
92.9463,87.275391,0.000000,0
92.9666,87.275391,0.000000,0
92.9869,87.275391,0.000000,0
93.0072,87.275391,0.000000,0
93.0274,87.275391,0.000000,0
93.0478,87.275391,0.000000,0
93.0682,87.275391,0.000000,0
93.0885,87.275391,0.000000,0
93.1088,87.275391,0.000000,0
93.1292,87.275391,0.000000,0
93.1495,87.275391,0.000000,0
93.1698,87.275391,0.000000,0
93.1901,87.275391,0.000000,0
93.2103,87.275391,0.000000,0
93.2305,87.275391,0.000000,0
93.2508,87.275391,0.000000,0
93.2716,87.275391,0.000000,0
93.2919,87.275391,0.000000,0
93.3121,87.275391,0.000000,0
93.3324,87.275391,0.000000,0
93.3526,87.275391,0.000000,0
93.3730,87.275391,0.000000,0
93.3932,87.275391,0.000000,0
93.4134,87.275391,0.000000,0
93.4336,87.275391,0.000000,0
93.4539,87.275391,0.000000,0
93.4741,87.275391,0.000000,0
93.4944,87.275391,0.000000,0
93.5146,87.275391,0.000000,0
93.5349,87.275391,0.000000,0
93.5551,87.275391,0.000000,0
93.5754,87.275391,0.000000,0
93.5956,87.275391,0.000000,0
93.6160,87.275391,0.000000,0
93.6363,87.275391,0.000000,0
93.6565,87.275391,0.000000,0
93.6767,87.275391,0.000000,0
93.6969,87.275391,0.000000,0
93.7171,87.275391,0.000000,0
93.7374,87.275391,0.000000,0
93.7576,87.275391,0.000000,0
93.7778,87.275391,0.000000,0
93.7981,87.275391,0.000000,0
93.8183,87.275391,0.000000,0
93.8386,87.275391,0.000000,0
93.8590,87.275391,0.000000,0
93.8793,87.275391,0.000000,0
93.8995,87.275391,0.000000,0
93.9199,87.275391,0.000000,0
93.9401,87.275391,0.000000,0
93.9604,87.275391,0.000000,0
93.9806,87.275391,0.000000,0
94.0008,87.275391,0.000000,0
94.0211,87.275391,0.000000,0
94.0413,87.275391,0.000000,0
94.0615,87.275391,0.000000,0
94.0817,87.275391,0.000000,0
94.1019,87.275391,0.000000,0
94.1222,87.275391,0.000000,0
94.1424,87.275391,0.000000,0
94.1627,87.275391,0.000000,0
94.1830,87.275391,0.000000,0
94.2032,87.275391,0.000000,0
94.2235,87.275391,0.000000,0
94.2437,87.275391,0.000000,0
94.2640,87.275391,0.000000,0
94.2843,87.275391,0.000000,0
94.3045,87.275391,0.000000,0
94.3247,87.275391,0.000000,0
94.3450,87.275391,0.000000,0
94.3652,87.275391,0.000000,0
94.3855,87.275391,0.000000,0
94.4057,87.275391,0.000000,0
94.4261,87.275391,0.000000,0
94.4463,87.275391,0.000000,0
94.4665,87.275391,0.000000,0
94.4868,87.275391,0.000000,0
94.5070,87.275391,0.000000,0
94.5273,87.275391,0.000000,0
94.5476,87.275391,0.000000,0
94.5679,87.275391,0.000000,0
94.5881,87.275391,0.000000,0
94.6083,87.275391,0.000000,0
94.6285,87.275391,0.000000,0
94.6487,87.275391,0.000000,0
94.6690,87.275391,0.000000,0
94.6892,87.275391,0.000000,0
94.7094,87.275391,0.000000,0
94.7297,87.275391,0.000000,0
94.7499,87.275391,0.000000,0
94.7701,87.275391,0.000000,0
94.7903,87.275391,0.000000,0
94.8105,87.275391,0.000000,0
94.8308,87.275391,0.000000,0
94.8510,87.275391,0.000000,0
94.8712,87.275391,0.000000,0
94.8914,87.275391,0.000000,0
94.9117,87.275391,0.000000,0
94.9320,87.275391,0.000000,0
94.9522,87.275391,0.000000,0
94.9725,87.275391,0.000000,0
94.9928,87.275391,0.000000,0
95.0131,87.275391,0.000000,0
95.0334,87.275391,0.000000,0
95.0536,87.275391,0.000000,0
95.0740,87.275391,0.000000,0
95.0942,87.275391,0.000000,0
95.1144,87.275391,0.000000,0
95.1347,87.275391,0.000000,0
95.1549,87.275391,0.000000,0
95.1751,87.275391,0.000000,0
95.1954,87.275391,0.000000,0
95.2157,87.275391,0.000000,0
95.2359,87.275391,0.000000,0
95.2561,87.275391,0.000000,0
95.2764,87.275391,0.000000,0
95.2966,87.275391,0.000000,0
95.3169,87.275391,0.000000,0
95.3371,87.275391,0.000000,0
95.3574,87.275391,0.000000,0
95.3776,87.275391,0.000000,0
95.3978,87.275391,0.000000,0
95.4180,87.275391,0.000000,0
95.4383,87.275391,0.000000,0
95.4585,87.275391,0.000000,0
95.4787,87.275391,0.000000,0
95.4990,87.275391,0.000000,0
95.5192,87.275391,0.000000,0
95.5395,87.275391,0.000000,0
95.5597,87.275391,0.000000,0
95.5799,87.275391,0.000000,0
95.6001,87.275391,0.000000,0
95.6204,87.275391,0.000000,0
95.6406,87.275391,0.000000,0
95.6608,87.275391,0.000000,0
95.6810,87.275391,0.000000,0
95.7012,87.275391,0.000000,0
95.7214,87.363281,0.087891,0
95.7416,87.275391,-0.087891,0
95.7618,87.275391,0.000000,0
95.7821,87.275391,0.000000,0
95.8023,87.363281,0.087891,0
95.8225,87.275391,-0.087891,0
95.8427,87.275391,0.000000,0
95.8629,87.275391,0.000000,0
95.8831,87.275391,0.000000,0
95.9034,87.275391,0.000000,0
95.9236,87.275391,0.000000,0
95.9438,87.275391,0.000000,0
95.9641,87.275391,0.000000,0
95.9843,87.363281,0.087891,0
96.0045,87.275391,-0.087891,0
96.0247,87.275391,0.000000,0
96.0450,87.275391,0.000000,0
96.0652,87.275391,0.000000,0
96.0854,87.363281,0.087891,0
96.1056,87.363281,0.000000,0
96.1258,87.363281,0.000000,0
96.1460,87.363281,0.000000,0
96.1663,87.363281,0.000000,0
96.1867,87.275391,-0.087891,0
96.2069,87.275391,0.000000,0
96.2272,87.275391,0.000000,0
96.2474,87.275391,0.000000,0
96.2677,87.363281,0.087891,0
96.2880,87.275391,-0.087891,0
96.3083,87.363281,0.087891,0
96.3285,87.275391,-0.087891,0
96.3488,87.275391,0.000000,0
96.3690,87.275391,0.000000,0
96.3893,87.275391,0.000000,0
96.4095,87.363281,0.087891,0
96.4297,87.363281,0.000000,0
96.4499,87.363281,0.000000,0
96.4701,87.363281,0.000000,0
96.4903,87.363281,0.000000,0
96.5105,87.363281,0.000000,0
96.5308,87.363281,0.000000,0
96.5510,87.363281,0.000000,0
96.5712,87.363281,0.000000,0
96.5916,87.363281,0.000000,0
96.6118,87.363281,0.000000,0
96.6321,87.275391,-0.087891,0
96.6524,87.363281,0.087891,0
96.6726,87.363281,0.000000,0
96.6929,87.275391,-0.087891,0
96.7131,87.363281,0.087891,0
96.7334,87.363281,0.000000,0
96.7538,87.275391,-0.087891,0
96.7740,87.275391,0.000000,0
96.7943,87.275391,0.000000,0
96.8145,87.363281,0.087891,0
96.8349,87.275391,-0.087891,0
96.8561,87.275391,0.000000,0
96.8763,87.275391,0.000000,0
96.8966,87.275391,0.000000,0
96.9168,87.363281,0.087891,0
96.9371,87.363281,0.000000,0
96.9575,87.363281,0.000000,0
96.9776,87.363281,0.000000,0
96.9979,87.363281,0.000000,0
97.0181,87.363281,0.000000,0
97.0384,87.275391,-0.087891,0
97.0586,87.363281,0.087891,0
97.0790,87.275391,-0.087891,0
97.0993,87.363281,0.087891,0
97.1196,87.363281,0.000000,0
97.1398,87.275391,-0.087891,0
97.1601,87.275391,0.000000,0
97.1803,87.275391,0.000000,0
97.2005,87.363281,0.087891,0
97.2207,87.275391,-0.087891,0
97.2409,87.363281,0.087891,0
97.2611,87.363281,0.000000,0
97.2814,87.275391,-0.087891,0
97.3017,87.363281,0.087891,0
97.3220,87.363281,0.000000,0
97.3422,87.275391,-0.087891,0
97.3625,87.363281,0.087891,0
97.3828,87.275391,-0.087891,0
97.4030,87.363281,0.087891,0
97.4233,87.363281,0.000000,0
97.4439,87.275391,-0.087891,0
97.4646,87.363281,0.087891,0
97.4851,87.363281,0.000000,0
97.5060,87.275391,-0.087891,0
97.5269,87.275391,0.000000,0
97.5472,87.363281,0.087891,0
97.5674,87.363281,0.000000,0
97.5877,87.363281,0.000000,0
97.6083,87.363281,0.000000,0
97.6286,87.275391,-0.087891,0
97.6489,87.363281,0.087891,0
97.6692,87.275391,-0.087891,0
97.6898,87.363281,0.087891,0
97.7102,87.363281,0.000000,0
97.7306,87.363281,0.000000,0
97.7509,87.363281,0.000000,0
97.7712,87.275391,-0.087891,0
97.7915,87.275391,0.000000,0
97.8117,87.363281,0.087891,0
97.8320,87.363281,0.000000,0
97.8522,87.363281,0.000000,0
97.8726,87.363281,0.000000,0
97.8930,87.363281,0.000000,0
97.9139,87.363281,0.000000,0
97.9343,87.363281,0.000000,0
97.9546,87.363281,0.000000,0
97.9749,87.275391,-0.087891,0
97.9951,87.275391,0.000000,0
98.0154,87.363281,0.087891,0
98.0358,87.363281,0.000000,0
98.0561,87.363281,0.000000,0
98.0765,87.363281,0.000000,0
98.0967,87.363281,0.000000,0
98.1170,87.363281,0.000000,0
98.1374,87.363281,0.000000,0
98.1576,87.363281,0.000000,0
98.1780,87.363281,0.000000,0
98.1982,87.275391,-0.087891,0
98.2185,87.275391,0.000000,0
98.2388,87.275391,0.000000,0
98.2590,87.363281,0.087891,0
98.2793,87.275391,-0.087891,0
98.2995,87.363281,0.087891,0
98.3198,87.363281,0.000000,0
98.3400,87.363281,0.000000,0
98.3603,87.363281,0.000000,0
98.3805,87.363281,0.000000,0
98.4007,87.275391,-0.087891,0
98.4209,87.363281,0.087891,0
98.4412,87.363281,0.000000,0
98.4614,87.275391,-0.087891,0
98.4816,87.275391,0.000000,0
98.5019,87.275391,0.000000,0
98.5221,87.363281,0.087891,0
98.5423,87.363281,0.000000,0
98.5626,87.363281,0.000000,0
98.5828,87.363281,0.000000,0
98.6030,87.275391,-0.087891,0
98.6235,87.275391,0.000000,0
98.6438,87.363281,0.087891,0
98.6640,87.363281,0.000000,0
98.6843,87.363281,0.000000,0
98.7046,87.363281,0.000000,0
98.7249,87.275391,-0.087891,0
98.7452,87.275391,0.000000,0
98.7654,87.363281,0.087891,0
98.7866,87.363281,0.000000,0
98.8069,87.363281,0.000000,0
98.8272,87.363281,0.000000,0
98.8474,87.363281,0.000000,0
98.8679,87.275391,-0.087891,0
98.8881,87.363281,0.087891,0
98.9084,87.363281,0.000000,0
98.9286,87.363281,0.000000,0
98.9490,87.275391,-0.087891,0
