t_sec,angle,position_fb,delta,jump
0.0001,-475.839844,-9.052161,0.000000,0
0.0154,-475.839844,-9.052161,0.000000,0
0.0306,-475.839844,-9.052161,0.000000,0
0.0458,-475.839844,-9.052161,0.000000,0
0.0610,-475.839844,-9.052161,0.000000,0
0.0762,-475.839844,-9.052161,0.000000,0
0.0915,-475.839844,-9.052161,0.000000,0
0.1067,-475.839844,-9.052161,0.000000,0
0.1219,-475.839844,-9.052161,0.000000,0
0.1372,-475.839844,-9.052161,0.000000,0
0.1524,-475.839844,-9.052161,0.000000,0
0.1697,-475.839844,-9.052161,0.000000,0
0.1850,-475.839844,-9.052161,0.000000,0
0.2013,-475.839844,-9.052161,0.000000,0
0.2169,-475.839844,-9.052161,0.000000,0
0.2321,-475.839844,-9.052161,0.000000,0
0.2474,-475.839844,-9.052161,0.000000,0
0.2626,-475.839844,-9.052161,0.000000,0
0.2778,-475.839844,-9.052161,0.000000,0
0.2930,-475.839844,-9.052161,0.000000,0
0.3082,-475.839844,-9.052161,0.000000,0
0.3236,-475.839844,-9.052161,0.000000,0
0.3389,-475.839844,-9.052161,0.000000,0
0.3541,-475.839844,-9.052161,0.000000,0
0.3694,-475.839844,-9.052161,0.000000,0
0.3846,-475.839844,-9.052161,0.000000,0
0.3998,-475.839844,-9.052161,0.000000,0
0.4150,-475.839844,-9.052161,0.000000,0
0.4303,-475.839844,-9.052161,0.000000,0
0.4457,-475.839844,-9.052161,0.000000,0
0.4609,-475.839844,-9.052161,0.000000,0
0.4768,-475.839844,-9.052161,0.000000,0
0.4920,-475.839844,-9.052161,0.000000,0
0.5075,-475.839844,-9.052161,0.000000,0
0.5248,-475.839844,-9.052161,0.000000,0
0.5400,-475.839844,-9.052161,0.000000,0
0.5555,-475.839844,-9.052161,0.000000,0
0.5707,-475.839844,-9.052161,0.000000,0
0.5860,-475.839844,-9.052161,0.000000,0
0.6013,-475.839844,-9.052161,0.000000,0
0.6165,-475.839844,-9.052161,0.000000,0
0.6318,-475.839844,-9.052161,0.000000,0
0.6470,-475.839844,-9.052161,0.000000,0
0.6622,-475.839844,-9.052161,0.000000,0
0.6774,-475.839844,-9.052161,0.000000,0
0.6926,-475.839844,-9.052161,0.000000,0
0.7079,-475.839844,-9.052161,0.000000,0
0.7235,-475.839844,-9.052161,0.000000,0
0.7387,-475.839844,-9.052161,0.000000,0
0.7539,-475.839844,-9.052161,0.000000,0
0.7692,-475.839844,-9.052161,0.000000,0
0.7843,-475.839844,-9.052161,0.000000,0
0.7996,-475.839844,-9.052161,0.000000,0
0.8148,-475.839844,-9.052161,0.000000,0
0.8302,-475.839844,-9.052161,0.000000,0
0.8455,-475.839844,-9.052161,0.000000,0
0.8607,-475.839844,-9.052161,0.000000,0
0.8759,-475.839844,-9.052161,0.000000,0
0.8911,-475.839844,-9.052161,0.000000,0
0.9082,-475.927734,-9.053711,-0.087891,0
0.9236,-475.839844,-9.052161,0.087891,0
0.9388,-475.839844,-9.052161,0.000000,0
0.9540,-475.839844,-9.052161,0.000000,0
0.9692,-475.839844,-9.052161,0.000000,0
0.9844,-475.839844,-9.052161,0.000000,0
0.9996,-475.839844,-9.052161,0.000000,0
1.0148,-475.839844,-9.052161,0.000000,0
1.0313,-475.839844,-9.052161,0.000000,0
1.0465,-475.839844,-9.052161,0.000000,0
1.0618,-475.839844,-9.052161,0.000000,0
1.0772,-475.839844,-9.052161,0.000000,0
1.0924,-475.839844,-9.052161,0.000000,0
1.1077,-475.839844,-9.052161,0.000000,0
1.1229,-475.839844,-9.052161,0.000000,0
1.1385,-475.839844,-9.052161,0.000000,0
1.1537,-475.839844,-9.052161,0.000000,0
1.1690,-475.839844,-9.052161,0.000000,0
1.1849,-475.839844,-9.052161,0.000000,0
1.2001,-475.839844,-9.052161,0.000000,0
1.2153,-475.839844,-9.052161,0.000000,0
1.2306,-475.839844,-9.052161,0.000000,0
1.2458,-475.839844,-9.052161,0.000000,0
1.2611,-475.839844,-9.052161,0.000000,0
1.2763,-475.839844,-9.052161,0.000000,0
1.2915,-475.839844,-9.052161,0.000000,0
1.3067,-475.839844,-9.052161,0.000000,0
1.3219,-475.839844,-9.052161,0.000000,0
1.3372,-475.839844,-9.052161,0.000000,0
1.3524,-475.839844,-9.052161,0.000000,0
1.3677,-475.839844,-9.052161,0.000000,0
1.3829,-475.839844,-9.052161,0.000000,0
1.3981,-475.839844,-9.052161,0.000000,0
1.4133,-475.839844,-9.052161,0.000000,0
1.4285,-475.927734,-9.053711,-0.087891,0
1.4438,-475.839844,-9.052161,0.087891,0
1.4590,-475.839844,-9.052161,0.000000,0
1.4742,-475.839844,-9.052161,0.000000,0
1.4895,-475.839844,-9.052161,0.000000,0
1.5047,-475.839844,-9.052161,0.000000,0
1.5200,-475.839844,-9.052161,0.000000,0
1.5353,-475.839844,-9.052161,0.000000,0
1.5505,-475.839844,-9.052161,0.000000,0
1.5658,-475.839844,-9.052161,0.000000,0
1.5810,-475.839844,-9.052161,0.000000,0
1.5962,-475.839844,-9.052161,0.000000,0
1.6114,-475.839844,-9.052161,0.000000,0
1.6266,-475.839844,-9.052161,0.000000,0
1.6421,-475.839844,-9.052161,0.000000,0
1.6576,-475.839844,-9.052161,0.000000,0
1.6729,-475.839844,-9.052161,0.000000,0
1.6881,-475.839844,-9.052161,0.000000,0
1.7034,-475.839844,-9.052161,0.000000,0
1.7191,-475.839844,-9.052161,0.000000,0
1.7343,-475.839844,-9.052161,0.000000,0
1.7496,-475.839844,-9.052161,0.000000,0
1.7649,-475.839844,-9.052161,0.000000,0
1.7801,-475.839844,-9.052161,0.000000,0
1.7953,-475.839844,-9.052161,0.000000,0
1.8105,-475.839844,-9.052161,0.000000,0
1.8257,-475.839844,-9.052161,0.000000,0
1.8412,-475.839844,-9.052161,0.000000,0
1.8565,-475.839844,-9.052161,0.000000,0
1.8717,-475.839844,-9.052161,0.000000,0
1.8870,-475.751953,-9.050610,0.087891,0
1.9023,-475.751953,-9.050610,0.000000,0
1.9175,-475.576172,-9.047510,0.175781,0
1.9327,-475.488281,-9.045959,0.087891,0
1.9479,-475.312500,-9.042859,0.175781,0
1.9633,-475.136719,-9.039758,0.175781,0
1.9785,-474.873047,-9.035107,0.263672,0
1.9937,-474.785156,-9.033557,0.087891,0
2.0089,-474.433594,-9.027356,0.351562,0
2.0241,-474.257812,-9.024255,0.175781,0
2.0394,-474.082031,-9.021155,0.175781,0
2.0546,-473.730469,-9.014954,0.351562,0
2.0698,-473.466797,-9.010303,0.263672,0
2.0850,-472.851562,-8.999451,0.615234,0
2.1003,-472.763672,-8.997900,0.087891,0
2.1155,-472.236328,-8.988599,0.527344,0
2.1308,-471.972656,-8.983948,0.263672,0
2.1461,-471.445312,-8.974646,0.527344,0
2.1613,-471.181641,-8.969995,0.263672,0
2.1765,-470.917969,-8.965344,0.263672,0
2.1917,-470.390625,-8.956042,0.527344,0
2.2069,-470.039062,-8.949841,0.351562,0
2.2222,-469.511719,-8.940540,0.527344,0
2.2374,-469.072266,-8.932788,0.439453,0
2.2527,-468.457031,-8.921936,0.615234,0
2.2679,-468.105469,-8.915735,0.351562,0
2.2831,-467.314453,-8.901782,0.791016,0
2.2984,-467.050781,-8.897131,0.263672,0
2.3136,-466.347656,-8.884729,0.703125,0
2.3290,-465.996094,-8.878528,0.351562,0
2.3442,-465.644531,-8.872327,0.351562,0
2.3594,-464.853516,-8.858374,0.791016,0
2.3747,-464.414062,-8.850623,0.439453,0
2.3899,-463.535156,-8.835120,0.878906,0
2.4051,-463.271484,-8.830469,0.263672,0
2.4203,-462.392578,-8.814966,0.878906,0
2.4358,-461.953125,-8.807214,0.439453,0
2.4514,-460.986328,-8.790161,0.966797,0
2.4667,-460.546875,-8.782410,0.439453,0
2.4819,-459.667969,-8.766907,0.878906,0
2.4971,-459.228516,-8.759155,0.439453,0
2.5123,-458.349609,-8.743652,0.878906,0
2.5275,-457.822266,-8.734351,0.527344,0
2.5427,-457.382812,-8.726599,0.439453,0
2.5581,-456.416016,-8.709546,0.966797,0
2.5733,-455.976562,-8.701794,0.439453,0
2.5885,-455.185547,-8.687842,0.791016,0
2.6037,-454.746094,-8.680090,0.439453,0
2.6189,-453.691406,-8.661487,1.054688,0
2.6341,-453.251953,-8.653735,0.439453,0
2.6493,-452.373047,-8.638232,0.878906,0
2.6646,-451.933594,-8.630481,0.439453,0
2.6803,-451.142578,-8.616528,0.791016,0
2.6955,-450.791016,-8.610327,0.351562,0
2.7107,-450.351562,-8.602576,0.439453,0
2.7260,-449.384766,-8.585522,0.966797,0
2.7413,-448.945312,-8.577771,0.439453,0
2.7566,-448.154297,-8.563818,0.791016,0
2.7718,-447.802734,-8.557617,0.351562,0
2.7871,-446.923828,-8.542114,0.878906,0
2.8023,-446.484375,-8.534363,0.439453,0
2.8175,-445.605469,-8.518860,0.878906,0
2.8329,-445.166016,-8.511108,0.439453,0
2.8482,-444.199219,-8.494055,0.966797,0
2.8634,-443.847656,-8.487854,0.351562,0
2.8786,-443.408203,-8.480103,0.439453,0
2.8938,-442.353516,-8.461499,1.054688,0
2.9090,-442.001953,-8.455298,0.351562,0
2.9243,-441.210938,-8.441345,0.791016,0
2.9395,-440.771484,-8.433594,0.439453,0
2.9547,-440.068359,-8.421191,0.703125,0
2.9700,-439.628906,-8.413440,0.439453,0
2.9852,-438.662109,-8.396387,0.966797,0
3.0004,-438.398438,-8.391736,0.263672,0
3.0156,-437.607422,-8.377783,0.791016,0
3.0308,-437.167969,-8.370032,0.439453,0
3.0461,-436.904297,-8.365381,0.263672,0
3.0614,-436.113281,-8.351428,0.791016,0
3.0766,-435.761719,-8.345227,0.351562,0
3.0918,-434.882812,-8.329724,0.878906,0
3.1070,-434.531250,-8.323523,0.351562,0
3.1223,-433.740234,-8.309570,0.791016,0
3.1375,-433.388672,-8.303369,0.351562,0
3.1527,-432.597656,-8.289417,0.791016,0
3.1679,-432.246094,-8.283215,0.351562,0
3.1831,-431.455078,-8.269263,0.791016,0
3.1988,-431.103516,-8.263062,0.351562,0
3.2140,-430.664062,-8.255310,0.439453,0
3.2292,-429.960938,-8.242908,0.703125,0
3.2444,-429.609375,-8.236707,0.351562,0
3.2598,-428.818359,-8.222754,0.791016,0
3.2765,-428.378906,-8.215002,0.439453,0
3.2917,-427.675781,-8.202600,0.703125,0
3.3069,-427.324219,-8.196399,0.351562,0
3.3221,-426.533203,-8.182446,0.791016,0
3.3373,-426.269531,-8.177795,0.263672,0
3.3525,-425.566406,-8.165393,0.703125,0
3.3678,-425.302734,-8.160742,0.263672,0
3.3830,-424.599609,-8.148340,0.703125,0
3.3982,-424.248047,-8.142139,0.351562,0
3.4134,-423.632812,-8.131287,0.615234,0
3.4287,-423.369141,-8.126636,0.263672,0
3.4439,-423.105469,-8.121985,0.263672,0
3.4591,-422.578125,-8.112683,0.527344,0
3.4744,-422.402344,-8.109583,0.175781,0
3.4896,-421.875000,-8.100281,0.527344,0
3.5048,-421.611328,-8.095630,0.263672,0
3.5200,-421.083984,-8.086328,0.527344,0
3.5356,-420.908203,-8.083228,0.175781,0
3.5508,-420.468750,-8.075476,0.439453,0
3.5661,-420.205078,-8.070825,0.263672,0
3.5814,-419.853516,-8.064624,0.351562,0
3.5966,-419.677734,-8.061523,0.175781,0
3.6119,-419.501953,-8.058423,0.175781,0
3.6271,-419.238281,-8.053772,0.263672,0
3.6423,-419.062500,-8.050671,0.175781,0
3.6575,-418.798828,-8.046021,0.263672,0
3.6728,-418.623047,-8.042920,0.175781,0
3.6880,-418.359375,-8.038269,0.263672,0
3.7037,-418.271484,-8.036719,0.087891,0
3.7189,-418.007812,-8.032068,0.263672,0
3.7342,-417.919922,-8.030518,0.087891,0
3.7494,-417.744141,-8.027417,0.175781,0
3.7647,-417.656250,-8.025867,0.087891,0
3.7799,-417.568359,-8.024316,0.087891,0
3.7953,-417.480469,-8.022766,0.087891,0
3.8109,-417.392578,-8.021216,0.087891,0
3.8262,-417.304688,-8.019666,0.087891,0
3.8415,-417.304688,-8.019666,0.000000,0
3.8567,-417.216797,-8.018115,0.087891,0
3.8719,-417.216797,-8.018115,0.000000,0
3.8872,-417.216797,-8.018115,0.000000,0
3.9024,-417.216797,-8.018115,0.000000,0
3.9176,-417.216797,-8.018115,0.000000,0
3.9329,-417.216797,-8.018115,0.000000,0
3.9481,-417.216797,-8.018115,0.000000,0
3.9634,-417.216797,-8.018115,0.000000,0
3.9786,-417.216797,-8.018115,0.000000,0
3.9940,-417.304688,-8.019666,-0.087891,0
4.0091,-417.304688,-8.019666,0.000000,0
4.0253,-417.304688,-8.019666,0.000000,0
4.0405,-417.304688,-8.019666,0.000000,0
4.0557,-417.304688,-8.019666,0.000000,0
4.0712,-417.304688,-8.019666,0.000000,0
4.0865,-417.304688,-8.019666,0.000000,0
4.1025,-417.304688,-8.019666,0.000000,0
4.1177,-417.392578,-8.021216,-0.087891,0
4.1330,-417.392578,-8.021216,0.000000,0
4.1483,-417.480469,-8.022766,-0.087891,0
4.1635,-417.392578,-8.021216,0.087891,0
4.1787,-417.480469,-8.022766,-0.087891,0
4.1939,-417.480469,-8.022766,0.000000,0
4.2091,-417.568359,-8.024316,-0.087891,0
4.2244,-417.656250,-8.025867,-0.087891,0
4.2396,-417.656250,-8.025867,0.000000,0
4.2548,-417.744141,-8.027417,-0.087891,0
4.2700,-417.744141,-8.027417,0.000000,0
4.2853,-417.744141,-8.027417,0.000000,0
4.3005,-417.832031,-8.028967,-0.087891,0
4.3157,-417.919922,-8.030518,-0.087891,0
4.3309,-417.919922,-8.030518,0.000000,0
4.3469,-418.007812,-8.032068,-0.087891,0
4.3622,-418.095703,-8.033618,-0.087891,0
4.3774,-418.095703,-8.033618,0.000000,0
4.3926,-418.095703,-8.033618,0.000000,0
4.4078,-418.183594,-8.035168,-0.087891,0
4.4230,-418.183594,-8.035168,0.000000,0
4.4383,-418.183594,-8.035168,0.000000,0
4.4535,-418.271484,-8.036719,-0.087891,0
4.4687,-418.271484,-8.036719,0.000000,0
4.4840,-418.359375,-8.038269,-0.087891,0
4.4994,-418.359375,-8.038269,0.000000,0
4.5146,-418.359375,-8.038269,0.000000,0
4.5298,-418.359375,-8.038269,0.000000,0
4.5452,-418.447266,-8.039819,-0.087891,0
4.5604,-418.447266,-8.039819,0.000000,0
4.5757,-418.447266,-8.039819,0.000000,0
4.5909,-418.447266,-8.039819,0.000000,0
4.6061,-418.447266,-8.039819,0.000000,0
4.6213,-418.535156,-8.041370,-0.087891,0
4.6365,-418.535156,-8.041370,0.000000,0
4.6519,-418.535156,-8.041370,0.000000,0
4.6671,-418.535156,-8.041370,0.000000,0
4.6824,-418.623047,-8.042920,-0.087891,0
4.6976,-418.623047,-8.042920,0.000000,0
4.7128,-418.623047,-8.042920,0.000000,0
4.7280,-418.623047,-8.042920,0.000000,0
4.7433,-418.623047,-8.042920,0.000000,0
4.7587,-418.710938,-8.044470,-0.087891,0
4.7739,-418.710938,-8.044470,0.000000,0
4.7891,-418.710938,-8.044470,0.000000,0
4.8043,-418.710938,-8.044470,0.000000,0
4.8196,-418.710938,-8.044470,0.000000,0
4.8348,-418.710938,-8.044470,0.000000,0
4.8501,-418.710938,-8.044470,0.000000,0
4.8654,-418.710938,-8.044470,0.000000,0
4.8808,-418.798828,-8.046021,-0.087891,0
4.8962,-418.798828,-8.046021,0.000000,0
4.9115,-418.798828,-8.046021,0.000000,0
4.9268,-418.798828,-8.046021,0.000000,0
4.9420,-418.798828,-8.046021,0.000000,0
4.9572,-418.798828,-8.046021,0.000000,0
4.9724,-418.798828,-8.046021,0.000000,0
4.9878,-418.798828,-8.046021,0.000000,0
5.0031,-418.798828,-8.046021,0.000000,0
5.0183,-418.798828,-8.046021,0.000000,0
5.0336,-418.886719,-8.047571,-0.087891,0
5.0488,-418.886719,-8.047571,0.000000,0
5.0641,-418.798828,-8.046021,0.087891,0
5.0805,-418.886719,-8.047571,-0.087891,0
5.0958,-418.886719,-8.047571,0.000000,0
5.1110,-418.886719,-8.047571,0.000000,0
5.1262,-418.886719,-8.047571,0.000000,0
5.1415,-418.886719,-8.047571,0.000000,0
5.1573,-418.886719,-8.047571,0.000000,0
5.1725,-418.886719,-8.047571,0.000000,0
5.1878,-418.886719,-8.047571,0.000000,0
5.2030,-418.886719,-8.047571,0.000000,0
5.2182,-418.886719,-8.047571,0.000000,0
5.2334,-418.974609,-8.049121,-0.087891,0
5.2486,-418.974609,-8.049121,0.000000,0
5.2639,-418.974609,-8.049121,0.000000,0
5.2791,-418.974609,-8.049121,0.000000,0
5.2943,-418.974609,-8.049121,0.000000,0
5.3095,-418.974609,-8.049121,0.000000,0
5.3248,-418.974609,-8.049121,0.000000,0
5.3400,-418.974609,-8.049121,0.000000,0
5.3556,-418.974609,-8.049121,0.000000,0
5.3708,-418.974609,-8.049121,0.000000,0
5.3861,-418.974609,-8.049121,0.000000,0
5.4014,-418.974609,-8.049121,0.000000,0
5.4166,-418.974609,-8.049121,0.000000,0
5.4318,-418.974609,-8.049121,0.000000,0
5.4470,-419.062500,-8.050671,-0.087891,0
5.4623,-418.974609,-8.049121,0.087891,0
5.4775,-418.974609,-8.049121,0.000000,0
5.4928,-418.974609,-8.049121,0.000000,0
5.5080,-418.974609,-8.049121,0.000000,0
5.5234,-419.062500,-8.050671,-0.087891,0
5.5386,-419.062500,-8.050671,0.000000,0
5.5544,-419.062500,-8.050671,0.000000,0
5.5696,-419.062500,-8.050671,0.000000,0
5.5848,-419.062500,-8.050671,0.000000,0
5.6001,-419.062500,-8.050671,0.000000,0
5.6154,-419.062500,-8.050671,0.000000,0
5.6306,-419.062500,-8.050671,0.000000,0
5.6458,-419.062500,-8.050671,0.000000,0
5.6611,-419.062500,-8.050671,0.000000,0
5.6765,-419.062500,-8.050671,0.000000,0
5.6920,-419.062500,-8.050671,0.000000,0
5.7073,-419.062500,-8.050671,0.000000,0
5.7225,-419.062500,-8.050671,0.000000,0
5.7378,-419.062500,-8.050671,0.000000,0
5.7530,-419.062500,-8.050671,0.000000,0
5.7683,-419.062500,-8.050671,0.000000,0
5.7842,-419.062500,-8.050671,0.000000,0
5.7994,-419.062500,-8.050671,0.000000,0
5.8146,-419.062500,-8.050671,0.000000,0
5.8298,-419.062500,-8.050671,0.000000,0
5.8450,-419.062500,-8.050671,0.000000,0
5.8602,-419.062500,-8.050671,0.000000,0
5.8755,-419.062500,-8.050671,0.000000,0
5.8908,-419.062500,-8.050671,0.000000,0
5.9061,-419.062500,-8.050671,0.000000,0
5.9213,-419.150391,-8.052222,-0.087891,0
5.9365,-419.150391,-8.052222,0.000000,0
5.9519,-419.062500,-8.050671,0.087891,0
5.9671,-419.062500,-8.050671,0.000000,0
5.9823,-419.150391,-8.052222,-0.087891,0
5.9975,-419.150391,-8.052222,0.000000,0
6.0127,-419.150391,-8.052222,0.000000,0
6.0280,-419.150391,-8.052222,0.000000,0
6.0440,-419.062500,-8.050671,0.087891,0
6.0592,-419.062500,-8.050671,0.000000,0
6.0744,-419.062500,-8.050671,0.000000,0
6.0898,-418.974609,-8.049121,0.087891,0
6.1051,-418.974609,-8.049121,0.000000,0
6.1203,-418.798828,-8.046021,0.175781,0
6.1355,-418.710938,-8.044470,0.087891,0
6.1507,-418.535156,-8.041370,0.175781,0
6.1659,-418.359375,-8.038269,0.175781,0
6.1812,-418.183594,-8.035168,0.175781,0
6.1968,-418.007812,-8.032068,0.175781,0
6.2120,-417.744141,-8.027417,0.263672,0
6.2274,-417.568359,-8.024316,0.175781,0
6.2426,-417.568359,-8.024316,0.000000,0
6.2578,-417.304688,-8.019666,0.263672,0
6.2732,-417.216797,-8.018115,0.087891,0
6.2884,-416.953125,-8.013464,0.263672,0
6.3036,-416.865234,-8.011914,0.087891,0
6.3189,-416.601562,-8.007263,0.263672,0
6.3341,-416.425781,-8.004163,0.175781,0
6.3494,-416.250000,-8.001062,0.175781,0
6.3646,-416.162109,-7.999512,0.087891,0
6.3800,-415.898438,-7.994861,0.263672,0
6.3953,-415.810547,-7.993311,0.087891,0
6.4105,-415.634766,-7.990210,0.175781,0
6.4258,-415.546875,-7.988660,0.087891,0
6.4410,-415.371094,-7.985559,0.175781,0
6.4563,-415.107422,-7.980908,0.263672,0
6.4715,-415.107422,-7.980908,0.000000,0
6.4867,-414.843750,-7.976257,0.263672,0
6.5027,-414.755859,-7.974707,0.087891,0
6.5180,-414.404297,-7.968506,0.351562,0
6.5332,-414.316406,-7.966956,0.087891,0
6.5484,-414.140625,-7.963855,0.175781,0
6.5637,-413.964844,-7.960754,0.175781,0
6.5789,-413.789062,-7.957654,0.175781,0
6.5941,-413.701172,-7.956104,0.087891,0
6.6094,-413.613281,-7.954553,0.087891,0
6.6247,-413.349609,-7.949902,0.263672,0
6.6399,-413.261719,-7.948352,0.087891,0
6.6551,-412.998047,-7.943701,0.263672,0
6.6703,-412.910156,-7.942151,0.087891,0
6.6855,-412.646484,-7.937500,0.263672,0
6.7008,-412.646484,-7.937500,0.000000,0
6.7160,-412.470703,-7.934399,0.175781,0
6.7312,-412.382812,-7.932849,0.087891,0
6.7465,-412.119141,-7.928198,0.263672,0
6.7617,-412.031250,-7.926648,0.087891,0
6.7769,-411.855469,-7.923547,0.175781,0
6.7921,-411.679688,-7.920447,0.175781,0
6.8074,-411.591797,-7.918896,0.087891,0
6.8226,-411.416016,-7.915796,0.175781,0
6.8378,-411.240234,-7.912695,0.175781,0
6.8530,-410.976562,-7.908044,0.263672,0
6.8683,-410.888672,-7.906494,0.087891,0
6.8835,-410.625000,-7.901843,0.263672,0
6.8987,-410.625000,-7.901843,0.000000,0
6.9139,-410.361328,-7.897192,0.263672,0
6.9291,-410.273438,-7.895642,0.087891,0
6.9444,-410.185547,-7.894092,0.087891,0
6.9596,-409.921875,-7.889441,0.263672,0
6.9748,-409.833984,-7.887891,0.087891,0
6.9900,-409.658203,-7.884790,0.175781,0
7.0053,-409.570312,-7.883240,0.087891,0
7.0206,-409.306641,-7.878589,0.263672,0
7.0358,-409.218750,-7.877039,0.087891,0
7.0510,-409.042969,-7.873938,0.175781,0
7.0662,-408.955078,-7.872388,0.087891,0
7.0814,-408.867188,-7.870837,0.087891,0
7.0968,-408.779297,-7.869287,0.087891,0
7.1121,-408.603516,-7.866187,0.175781,0
7.1273,-408.427734,-7.863086,0.175781,0
7.1425,-408.251953,-7.859985,0.175781,0
7.1578,-408.076172,-7.856885,0.175781,0
7.1730,-407.988281,-7.855334,0.087891,0
7.1883,-407.724609,-7.850684,0.263672,0
7.2036,-407.636719,-7.849133,0.087891,0
7.2188,-407.373047,-7.844482,0.263672,0
7.2340,-407.285156,-7.842932,0.087891,0
7.2492,-407.109375,-7.839832,0.175781,0
7.2645,-407.021484,-7.838281,0.087891,0
7.2798,-406.933594,-7.836731,0.087891,0
7.2951,-406.757812,-7.833630,0.175781,0
7.3105,-406.582031,-7.830530,0.175781,0
7.3257,-406.406250,-7.827429,0.175781,0
7.3409,-406.318359,-7.825879,0.087891,0
7.3562,-406.054688,-7.821228,0.263672,0
7.3718,-405.966797,-7.819678,0.087891,0
7.3870,-405.791016,-7.816577,0.175781,0
7.4022,-405.703125,-7.815027,0.087891,0
7.4174,-405.527344,-7.811926,0.175781,0
7.4327,-405.527344,-7.811926,0.000000,0
7.4479,-405.439453,-7.810376,0.087891,0
7.4631,-405.175781,-7.805725,0.263672,0
7.4783,-405.087891,-7.804175,0.087891,0
7.4935,-404.824219,-7.799524,0.263672,0
7.5087,-404.736328,-7.797974,0.087891,0
7.5242,-404.560547,-7.794873,0.175781,0
7.5395,-404.472656,-7.793323,0.087891,0
7.5548,-404.208984,-7.788672,0.263672,0
7.5701,-404.033203,-7.785571,0.175781,0
7.5853,-403.857422,-7.782471,0.175781,0
7.6005,-403.769531,-7.780920,0.087891,0
7.6157,-403.593750,-7.777820,0.175781,0
7.6315,-403.505859,-7.776270,0.087891,0
7.6467,-403.417969,-7.774719,0.087891,0
7.6619,-403.154297,-7.770068,0.263672,0
7.6773,-403.066406,-7.768518,0.087891,0
7.6925,-402.890625,-7.765417,0.175781,0
7.7077,-402.714844,-7.762317,0.175781,0
7.7230,-402.539062,-7.759216,0.175781,0
7.7382,-402.451172,-7.757666,0.087891,0
7.7534,-402.363281,-7.756116,0.087891,0
7.7687,-402.187500,-7.753015,0.175781,0
7.7840,-402.011719,-7.749915,0.175781,0
7.7992,-401.923828,-7.748364,0.087891,0
7.8145,-401.835938,-7.746814,0.087891,0
7.8297,-401.660156,-7.743713,0.175781,0
7.8449,-401.572266,-7.742163,0.087891,0
7.8601,-401.396484,-7.739063,0.175781,0
7.8754,-401.308594,-7.737512,0.087891,0
7.8909,-401.044922,-7.732861,0.263672,0
7.9061,-400.957031,-7.731311,0.087891,0
7.9217,-400.693359,-7.726660,0.263672,0
7.9369,-400.605469,-7.725110,0.087891,0
7.9521,-400.341797,-7.720459,0.263672,0
7.9674,-400.341797,-7.720459,0.000000,0
7.9827,-400.078125,-7.715808,0.263672,0
7.9979,-399.990234,-7.714258,0.087891,0
8.0134,-399.902344,-7.712708,0.087891,0
8.0286,-399.726562,-7.709607,0.175781,0
8.0439,-399.638672,-7.708057,0.087891,0
8.0591,-399.375000,-7.703406,0.263672,0
8.0744,-399.287109,-7.701855,0.087891,0
8.0896,-399.023438,-7.697205,0.263672,0
8.1048,-399.023438,-7.697205,0.000000,0
8.1201,-398.847656,-7.694104,0.175781,0
8.1354,-398.671875,-7.691003,0.175781,0
8.1506,-398.583984,-7.689453,0.087891,0
8.1658,-398.496094,-7.687903,0.087891,0
8.1811,-398.408203,-7.686353,0.087891,0
8.1963,-398.232422,-7.683252,0.175781,0
8.2115,-398.056641,-7.680151,0.175781,0
8.2267,-397.880859,-7.677051,0.175781,0
8.2427,-397.792969,-7.675500,0.087891,0
8.2579,-397.617188,-7.672400,0.175781,0
8.2731,-397.441406,-7.669299,0.175781,0
8.2883,-397.177734,-7.664648,0.263672,0
8.3035,-397.089844,-7.663098,0.087891,0
8.3187,-396.914062,-7.659998,0.175781,0
8.3340,-396.826172,-7.658447,0.087891,0
8.3492,-396.738281,-7.656897,0.087891,0
8.3645,-396.562500,-7.653796,0.175781,0
8.3798,-396.474609,-7.652246,0.087891,0
8.3950,-396.210938,-7.647595,0.263672,0
8.4102,-396.123047,-7.646045,0.087891,0
8.4261,-395.947266,-7.642944,0.175781,0
8.4414,-395.859375,-7.641394,0.087891,0
8.4567,-395.683594,-7.638293,0.175781,0
8.4719,-395.595703,-7.636743,0.087891,0
8.4873,-395.419922,-7.633643,0.175781,0
8.5025,-395.244141,-7.630542,0.175781,0
8.5177,-395.156250,-7.628992,0.087891,0
8.5329,-395.068359,-7.627441,0.087891,0
8.5481,-394.980469,-7.625891,0.087891,0
8.5634,-394.716797,-7.621240,0.263672,0
8.5787,-394.628906,-7.619690,0.087891,0
8.5939,-394.453125,-7.616589,0.175781,0
8.6091,-394.365234,-7.615039,0.087891,0
8.6243,-394.189453,-7.611938,0.175781,0
8.6395,-394.101562,-7.610388,0.087891,0
8.6547,-393.750000,-7.604187,0.351562,0
8.6700,-393.662109,-7.602637,0.087891,0
8.6853,-393.486328,-7.599536,0.175781,0
8.7005,-393.398438,-7.597986,0.087891,0
8.7157,-393.310547,-7.596436,0.087891,0
8.7310,-393.134766,-7.593335,0.175781,0
8.7463,-392.958984,-7.590234,0.175781,0
8.7615,-392.695312,-7.585583,0.263672,0
8.7767,-392.607422,-7.584033,0.087891,0
8.7920,-392.431641,-7.580933,0.175781,0
8.8075,-392.343750,-7.579382,0.087891,0
8.8228,-392.167969,-7.576282,0.175781,0
8.8380,-392.080078,-7.574731,0.087891,0
8.8532,-391.904297,-7.571631,0.175781,0
8.8684,-391.816406,-7.570081,0.087891,0
8.8836,-391.728516,-7.568530,0.087891,0
8.8988,-391.552734,-7.565430,0.175781,0
8.9141,-391.464844,-7.563879,0.087891,0
8.9298,-391.289062,-7.560779,0.175781,0
8.9450,-391.113281,-7.557678,0.175781,0
8.9602,-391.025391,-7.556128,0.087891,0
8.9755,-390.937500,-7.554578,0.087891,0
8.9907,-390.673828,-7.549927,0.263672,0
9.0059,-390.585938,-7.548376,0.087891,0
9.0211,-390.322266,-7.543726,0.263672,0
9.0364,-390.146484,-7.540625,0.175781,0
9.0517,-390.058594,-7.539075,0.087891,0
9.0669,-389.882812,-7.535974,0.175781,0
9.0821,-389.794922,-7.534424,0.087891,0
9.0973,-389.619141,-7.531323,0.175781,0
9.1125,-389.531250,-7.529773,0.087891,0
9.1278,-389.355469,-7.526672,0.175781,0
9.1430,-389.267578,-7.525122,0.087891,0
9.1582,-389.091797,-7.522021,0.175781,0
9.1734,-388.916016,-7.518921,0.175781,0
9.1888,-388.740234,-7.515820,0.175781,0
9.2040,-388.652344,-7.514270,0.087891,0
9.2193,-388.476562,-7.511169,0.175781,0
9.2345,-388.388672,-7.509619,0.087891,0
9.2497,-388.388672,-7.509619,0.000000,0
9.2649,-388.125000,-7.504968,0.263672,0
9.2801,-388.037109,-7.503418,0.087891,0
9.2954,-387.861328,-7.500317,0.175781,0
9.3107,-387.773438,-7.498767,0.087891,0
9.3259,-387.597656,-7.495667,0.175781,0
9.3412,-387.421875,-7.492566,0.175781,0
9.3564,-387.246094,-7.489465,0.175781,0
9.3728,-387.070312,-7.486365,0.175781,0
9.3880,-386.806641,-7.481714,0.263672,0
9.4032,-386.806641,-7.481714,0.000000,0
9.4187,-386.542969,-7.477063,0.263672,0
9.4339,-386.455078,-7.475513,0.087891,0
9.4491,-386.367188,-7.473962,0.087891,0
9.4643,-386.191406,-7.470862,0.175781,0
9.4795,-386.103516,-7.469312,0.087891,0
9.4948,-385.927734,-7.466211,0.175781,0
9.5100,-385.839844,-7.464661,0.087891,0
9.5252,-385.576172,-7.460010,0.263672,0
9.5405,-385.488281,-7.458459,0.087891,0
9.5557,-385.312500,-7.455359,0.175781,0
9.5710,-385.224609,-7.453809,0.087891,0
9.5862,-385.048828,-7.450708,0.175781,0
9.6014,-384.960938,-7.449158,0.087891,0
9.6166,-384.873047,-7.447607,0.087891,0
9.6320,-384.697266,-7.444507,0.175781,0
9.6476,-384.609375,-7.442957,0.087891,0
9.6629,-384.433594,-7.439856,0.175781,0
9.6781,-384.345703,-7.438306,0.087891,0
9.6933,-384.082031,-7.433655,0.263672,0
9.7085,-383.994141,-7.432104,0.087891,0
9.7240,-383.642578,-7.425903,0.351562,0
9.7393,-383.554688,-7.424353,0.087891,0
9.7545,-383.466797,-7.422803,0.087891,0
9.7697,-383.378906,-7.421252,0.087891,0
9.7849,-383.203125,-7.418152,0.175781,0
9.8001,-383.027344,-7.415051,0.175781,0
9.8155,-382.939453,-7.413501,0.087891,0
9.8308,-382.675781,-7.408850,0.263672,0
9.8461,-382.587891,-7.407300,0.087891,0
9.8613,-382.412109,-7.404199,0.175781,0
9.8765,-382.324219,-7.402649,0.087891,0
9.8918,-382.148438,-7.399548,0.175781,0
9.9070,-382.060547,-7.397998,0.087891,0
9.9222,-381.884766,-7.394897,0.175781,0
9.9375,-381.796875,-7.393347,0.087891,0
9.9528,-381.621094,-7.390247,0.175781,0
9.9680,-381.533203,-7.388696,0.087891,0
9.9836,-381.445312,-7.387146,0.087891,0
9.9988,-381.269531,-7.384045,0.175781,0
10.0140,-381.093750,-7.380945,0.175781,0
10.0292,-380.917969,-7.377844,0.175781,0
10.0445,-380.830078,-7.376294,0.087891,0
10.0597,-380.566406,-7.371643,0.263672,0
10.0750,-380.478516,-7.370093,0.087891,0
10.0902,-380.214844,-7.365442,0.263672,0
10.1054,-380.126953,-7.363892,0.087891,0
10.1206,-379.951172,-7.360791,0.175781,0
10.1362,-379.863281,-7.359241,0.087891,0
10.1514,-379.775391,-7.357690,0.087891,0
10.1666,-379.511719,-7.353040,0.263672,0
10.1819,-379.423828,-7.351489,0.087891,0
10.1971,-379.248047,-7.348389,0.175781,0
10.2128,-379.160156,-7.346838,0.087891,0
10.2280,-378.984375,-7.343738,0.175781,0
10.2433,-378.808594,-7.340637,0.175781,0
10.2585,-378.632812,-7.337537,0.175781,0
10.2737,-378.544922,-7.335986,0.087891,0
10.2890,-378.457031,-7.334436,0.087891,0
10.3042,-378.369141,-7.332886,0.087891,0
10.3195,-378.193359,-7.329785,0.175781,0
10.3347,-378.017578,-7.326685,0.175781,0
10.3499,-377.929688,-7.325134,0.087891,0
10.3651,-377.753906,-7.322034,0.175781,0
10.3803,-377.666016,-7.320483,0.087891,0
10.3955,-377.490234,-7.317383,0.175781,0
10.4108,-377.314453,-7.314282,0.175781,0
10.4260,-377.138672,-7.311182,0.175781,0
10.4416,-376.962891,-7.308081,0.175781,0
10.4568,-376.699219,-7.303430,0.263672,0
10.4720,-376.699219,-7.303430,0.000000,0
10.4873,-376.435547,-7.298779,0.263672,0
10.5025,-376.347656,-7.297229,0.087891,0
10.5177,-376.259766,-7.295679,0.087891,0
10.5339,-376.083984,-7.292578,0.175781,0
10.5496,-375.908203,-7.289478,0.175781,0
10.5648,-375.732422,-7.286377,0.175781,0
10.5801,-375.644531,-7.284827,0.087891,0
10.5953,-375.468750,-7.281726,0.175781,0
10.6105,-375.380859,-7.280176,0.087891,0
10.6258,-375.205078,-7.277075,0.175781,0
10.6413,-375.029297,-7.273975,0.175781,0
10.6566,-374.941406,-7.272424,0.087891,0
10.6718,-374.853516,-7.270874,0.087891,0
10.6870,-374.677734,-7.267773,0.175781,0
10.7023,-374.589844,-7.266223,0.087891,0
10.7175,-374.414062,-7.263123,0.175781,0
10.7327,-374.238281,-7.260022,0.175781,0
10.7480,-374.150391,-7.258472,0.087891,0
10.7633,-373.974609,-7.255371,0.175781,0
10.7785,-373.798828,-7.252271,0.175781,0
10.7937,-373.535156,-7.247620,0.263672,0
10.8089,-373.359375,-7.244519,0.175781,0
10.8242,-373.183594,-7.241418,0.175781,0
10.8394,-373.095703,-7.239868,0.087891,0
10.8546,-372.919922,-7.236768,0.175781,0
10.8699,-372.832031,-7.235217,0.087891,0
10.8851,-372.656250,-7.232117,0.175781,0
10.9003,-372.480469,-7.229016,0.175781,0
10.9155,-372.392578,-7.227466,0.087891,0
10.9307,-372.216797,-7.224365,0.175781,0
10.9463,-372.128906,-7.222815,0.087891,0
10.9615,-371.865234,-7.218164,0.263672,0
10.9767,-371.777344,-7.216614,0.087891,0
10.9920,-371.601562,-7.213513,0.175781,0
11.0072,-371.601562,-7.213513,0.000000,0
11.0224,-371.337891,-7.208862,0.263672,0
11.0377,-371.250000,-7.207312,0.087891,0
11.0536,-371.074219,-7.204211,0.175781,0
11.0688,-370.986328,-7.202661,0.087891,0
11.0841,-370.810547,-7.199561,0.175781,0
11.0993,-370.722656,-7.198010,0.087891,0
11.1147,-370.546875,-7.194910,0.175781,0
11.1299,-370.371094,-7.191809,0.175781,0
11.1451,-370.195312,-7.188708,0.175781,0
11.1612,-369.931641,-7.184058,0.263672,0
11.1765,-369.843750,-7.182507,0.087891,0
11.1917,-369.667969,-7.179407,0.175781,0
11.2069,-369.580078,-7.177856,0.087891,0
11.2222,-369.404297,-7.174756,0.175781,0
11.2374,-369.316406,-7.173206,0.087891,0
11.2535,-369.052734,-7.168555,0.263672,0
11.2687,-368.964844,-7.167004,0.087891,0
11.2839,-368.789062,-7.163904,0.175781,0
11.2998,-368.613281,-7.160803,0.175781,0
11.3150,-368.525391,-7.159253,0.087891,0
11.3303,-368.349609,-7.156152,0.175781,0
11.3455,-368.261719,-7.154602,0.087891,0
11.3607,-368.085938,-7.151501,0.175781,0
11.3765,-367.998047,-7.149951,0.087891,0
11.3917,-367.822266,-7.146851,0.175781,0
11.4073,-367.734375,-7.145300,0.087891,0
11.4225,-367.558594,-7.142200,0.175781,0
11.4377,-367.382812,-7.139099,0.175781,0
11.4529,-367.294922,-7.137549,0.087891,0
11.4681,-367.119141,-7.134448,0.175781,0
11.4835,-366.943359,-7.131348,0.175781,0
11.4987,-366.767578,-7.128247,0.175781,0
11.5139,-366.679688,-7.126697,0.087891,0
11.5291,-366.416016,-7.122046,0.263672,0
11.5443,-366.328125,-7.120496,0.087891,0
11.5596,-366.152344,-7.117395,0.175781,0
11.5749,-366.064453,-7.115845,0.087891,0
11.5901,-365.888672,-7.112744,0.175781,0
11.6053,-365.800781,-7.111194,0.087891,0
11.6205,-365.537109,-7.106543,0.263672,0
11.6357,-365.449219,-7.104993,0.087891,0
11.6509,-365.273438,-7.101892,0.175781,0
11.6662,-365.185547,-7.100342,0.087891,0
11.6814,-365.009766,-7.097241,0.175781,0
11.6966,-364.921875,-7.095691,0.087891,0
11.7118,-364.746094,-7.092590,0.175781,0
11.7270,-364.570312,-7.089490,0.175781,0
11.7422,-364.570312,-7.089490,0.000000,0
11.7575,-364.306641,-7.084839,0.263672,0
11.7727,-364.306641,-7.084839,0.000000,0
11.7879,-364.130859,-7.081738,0.175781,0
11.8032,-363.955078,-7.078638,0.175781,0
11.8185,-363.779297,-7.075537,0.175781,0
11.8337,-363.691406,-7.073987,0.087891,0
11.8490,-363.515625,-7.070886,0.175781,0
11.8642,-363.339844,-7.067786,0.175781,0
11.8794,-363.251953,-7.066235,0.087891,0
11.8946,-362.988281,-7.061584,0.263672,0
11.9099,-362.812500,-7.058484,0.175781,0
11.9251,-362.636719,-7.055383,0.175781,0
11.9403,-362.548828,-7.053833,0.087891,0
11.9555,-362.373047,-7.050732,0.175781,0
11.9707,-362.197266,-7.047632,0.175781,0
11.9861,-362.021484,-7.044531,0.175781,0
12.0013,-361.933594,-7.042981,0.087891,0
12.0165,-361.845703,-7.041431,0.087891,0
12.0317,-361.669922,-7.038330,0.175781,0
12.0470,-361.582031,-7.036780,0.087891,0
12.0624,-361.318359,-7.032129,0.263672,0
12.0776,-361.230469,-7.030579,0.087891,0
12.0929,-361.054688,-7.027478,0.175781,0
12.1081,-360.966797,-7.025928,0.087891,0
12.1233,-360.791016,-7.022827,0.175781,0
12.1385,-360.703125,-7.021277,0.087891,0
12.1537,-360.527344,-7.018176,0.175781,0
12.1690,-360.439453,-7.016626,0.087891,0
12.1842,-360.351562,-7.015076,0.087891,0
12.1994,-360.175781,-7.011975,0.175781,0
12.2146,-360.087891,-7.010425,0.087891,0
12.2298,-360.087891,-7.010425,0.000000,0
12.2451,-360.087891,-7.010425,0.000000,0
12.2631,-360.087891,-7.010425,0.000000,0
12.2842,-360.087891,-7.010425,0.000000,0
12.2995,-360.087891,-7.010425,0.000000,0
12.3147,-358.945312,-6.990271,1.142578,0
12.3299,-358.769531,-6.987170,0.175781,0
12.3451,-358.593750,-6.984070,0.175781,0
12.3641,-358.330078,-6.979419,0.263672,0
12.3794,-358.242188,-6.977869,0.087891,0
12.3971,-357.978516,-6.973218,0.263672,0
12.4123,-357.890625,-6.971667,0.087891,0
12.4276,-357.714844,-6.968567,0.175781,0
12.4444,-357.626953,-6.967017,0.087891,0
12.4640,-357.451172,-6.963916,0.175781,0
12.4810,-357.275391,-6.960815,0.175781,0
12.4983,-357.275391,-6.960815,0.000000,0
12.5135,-357.011719,-6.956165,0.263672,0
12.5287,-356.923828,-6.954614,0.087891,0
12.5439,-356.748047,-6.951514,0.175781,0
12.5594,-356.660156,-6.949963,0.087891,0
12.5747,-356.484375,-6.946863,0.175781,0
12.5899,-356.396484,-6.945313,0.087891,0
12.6053,-356.132812,-6.940662,0.263672,0
12.6205,-356.044922,-6.939111,0.087891,0
12.6357,-355.781250,-6.934460,0.263672,0
12.6509,-355.605469,-6.931360,0.175781,0
12.6662,-355.517578,-6.929810,0.087891,0
12.6815,-355.429688,-6.928259,0.087891,0
12.6971,-355.253906,-6.925159,0.175781,0
12.7123,-355.078125,-6.922058,0.175781,0
12.7275,-354.990234,-6.920508,0.087891,0
12.7427,-354.726562,-6.915857,0.263672,0
12.7579,-354.550781,-6.912756,0.175781,0
12.7732,-354.375000,-6.909656,0.175781,0
12.7884,-354.287109,-6.908105,0.087891,0
12.8036,-354.111328,-6.905005,0.175781,0
12.8188,-354.023438,-6.903455,0.087891,0
12.8340,-353.935547,-6.901904,0.087891,0
12.8492,-353.759766,-6.898804,0.175781,0
12.8646,-353.671875,-6.897253,0.087891,0
12.8799,-353.583984,-6.895703,0.087891,0
12.8951,-353.496094,-6.894153,0.087891,0
12.9103,-353.232422,-6.889502,0.263672,0
12.9255,-353.144531,-6.887952,0.087891,0
12.9408,-352.968750,-6.884851,0.175781,0
12.9562,-352.880859,-6.883301,0.087891,0
12.9715,-352.705078,-6.880200,0.175781,0
12.9897,-352.529297,-6.877100,0.175781,0
13.0082,-352.353516,-6.873999,0.175781,0
13.0234,-352.001953,-6.867798,0.351562,0
13.0387,-351.914062,-6.866248,0.087891,0
13.0540,-351.826172,-6.864697,0.087891,0
13.0693,-351.738281,-6.863147,0.087891,0
13.0845,-351.562500,-6.860046,0.175781,0
13.0998,-351.386719,-6.856946,0.175781,0
13.1150,-351.210938,-6.853845,0.175781,0
13.1303,-351.123047,-6.852295,0.087891,0
13.1455,-350.947266,-6.849194,0.175781,0
13.1607,-350.771484,-6.846094,0.175781,0
13.1760,-350.683594,-6.844543,0.087891,0
13.1912,-350.507812,-6.841443,0.175781,0
13.2065,-350.419922,-6.839893,0.087891,0
13.2217,-350.332031,-6.838342,0.087891,0
13.2369,-350.068359,-6.833691,0.263672,0
13.2521,-350.068359,-6.833691,0.000000,0
13.2674,-349.892578,-6.830591,0.175781,0
13.2828,-349.804688,-6.829041,0.087891,0
13.2980,-349.628906,-6.825940,0.175781,0
13.3132,-349.453125,-6.822839,0.175781,0
13.3284,-349.277344,-6.819739,0.175781,0
13.3436,-349.189453,-6.818188,0.087891,0
13.3588,-349.013672,-6.815088,0.175781,0
13.3740,-348.837891,-6.811987,0.175781,0
13.3893,-348.750000,-6.810437,0.087891,0
13.4045,-348.486328,-6.805786,0.263672,0
13.4198,-348.398438,-6.804236,0.087891,0
13.4350,-348.222656,-6.801135,0.175781,0
13.4503,-348.134766,-6.799585,0.087891,0
13.4655,-347.958984,-6.796484,0.175781,0
13.4807,-347.783203,-6.793384,0.175781,0
13.4964,-347.519531,-6.788733,0.263672,0
13.5122,-347.431641,-6.787183,0.087891,0
13.5274,-347.255859,-6.784082,0.175781,0
13.5427,-347.167969,-6.782532,0.087891,0
13.5579,-346.904297,-6.777881,0.263672,0
13.5731,-346.904297,-6.777881,0.000000,0
13.5883,-346.728516,-6.774780,0.175781,0
13.6035,-346.552734,-6.771680,0.175781,0
13.6188,-346.464844,-6.770129,0.087891,0
13.6340,-346.376953,-6.768579,0.087891,0
13.6492,-346.289062,-6.767029,0.087891,0
13.6644,-346.113281,-6.763928,0.175781,0
13.6798,-345.937500,-6.760828,0.175781,0
13.6952,-345.761719,-6.757727,0.175781,0
13.7104,-345.673828,-6.756177,0.087891,0
13.7256,-345.498047,-6.753076,0.175781,0
13.7408,-345.322266,-6.749976,0.175781,0
13.7560,-345.234375,-6.748425,0.087891,0
13.7713,-344.970703,-6.743774,0.263672,0
13.7868,-344.882812,-6.742224,0.087891,0
13.8020,-344.707031,-6.739124,0.175781,0
13.8173,-344.531250,-6.736023,0.175781,0
13.8326,-344.355469,-6.732922,0.175781,0
13.8478,-344.267578,-6.731372,0.087891,0
13.8630,-344.091797,-6.728271,0.175781,0
13.8782,-344.003906,-6.726721,0.087891,0
13.8934,-343.740234,-6.722070,0.263672,0
13.9087,-343.652344,-6.720520,0.087891,0
13.9239,-343.564453,-6.718970,0.087891,0
13.9418,-343.388672,-6.715869,0.175781,0
13.9570,-343.212891,-6.712769,0.175781,0
13.9722,-343.125000,-6.711218,0.087891,0
13.9875,-343.037109,-6.709668,0.087891,0
14.0028,-342.773438,-6.705017,0.263672,0
14.0180,-342.773438,-6.705017,0.000000,0
14.0332,-342.597656,-6.701917,0.175781,0
14.0484,-342.509766,-6.700366,0.087891,0
14.0637,-342.333984,-6.697266,0.175781,0
14.0789,-342.246094,-6.695715,0.087891,0
14.0941,-341.982422,-6.691064,0.263672,0
14.1093,-341.894531,-6.689514,0.087891,0
14.1245,-341.718750,-6.686414,0.175781,0
14.1398,-341.630859,-6.684863,0.087891,0
14.1550,-341.542969,-6.683313,0.087891,0
14.1702,-341.279297,-6.678662,0.263672,0
14.1854,-341.191406,-6.677112,0.087891,0
14.2007,-340.927734,-6.672461,0.263672,0
14.2159,-340.839844,-6.670911,0.087891,0
14.2311,-340.664062,-6.667810,0.175781,0
14.2464,-340.576172,-6.666260,0.087891,0
14.2617,-340.312500,-6.661609,0.263672,0
14.2769,-340.224609,-6.660059,0.087891,0
14.2921,-339.960938,-6.655408,0.263672,0
14.3073,-339.960938,-6.655408,0.000000,0
14.3225,-339.873047,-6.653857,0.087891,0
14.3378,-339.609375,-6.649207,0.263672,0
14.3530,-339.521484,-6.647656,0.087891,0
14.3682,-339.345703,-6.644556,0.175781,0
14.3834,-339.257812,-6.643005,0.087891,0
14.3990,-339.082031,-6.639905,0.175781,0
14.4142,-338.994141,-6.638354,0.087891,0
14.4294,-338.818359,-6.635254,0.175781,0
14.4446,-338.730469,-6.633704,0.087891,0
14.4598,-338.554688,-6.630603,0.175781,0
14.4751,-338.466797,-6.629053,0.087891,0
14.4904,-338.378906,-6.627502,0.087891,0
14.5057,-338.115234,-6.622852,0.263672,0
14.5212,-338.027344,-6.621301,0.087891,0
14.5364,-337.851562,-6.618201,0.175781,0
14.5517,-337.763672,-6.616650,0.087891,0
14.5669,-337.500000,-6.612000,0.263672,0
14.5823,-337.324219,-6.608899,0.175781,0
14.5976,-337.236328,-6.607349,0.087891,0
14.6128,-337.060547,-6.604248,0.175781,0
14.6280,-336.884766,-6.601147,0.175781,0
14.6434,-336.796875,-6.599597,0.087891,0
14.6586,-336.621094,-6.596497,0.175781,0
14.6739,-336.445312,-6.593396,0.175781,0
14.6892,-336.357422,-6.591846,0.087891,0
14.7048,-336.181641,-6.588745,0.175781,0
14.7200,-336.093750,-6.587195,0.087891,0
14.7353,-335.830078,-6.582544,0.263672,0
14.7505,-335.742188,-6.580994,0.087891,0
14.7657,-335.654297,-6.579443,0.087891,0
14.7809,-335.566406,-6.577893,0.087891,0
14.7962,-335.390625,-6.574792,0.175781,0
14.8114,-335.302734,-6.573242,0.087891,0
14.8266,-335.126953,-6.570142,0.175781,0
14.8419,-335.039062,-6.568591,0.087891,0
14.8571,-334.951172,-6.567041,0.087891,0
14.8724,-334.687500,-6.562390,0.263672,0
14.8876,-334.599609,-6.560840,0.087891,0
14.9028,-334.423828,-6.557739,0.175781,0
14.9180,-334.335938,-6.556189,0.087891,0
14.9333,-334.072266,-6.551538,0.263672,0
14.9485,-333.896484,-6.548438,0.175781,0
14.9637,-333.720703,-6.545337,0.175781,0
14.9790,-333.632812,-6.543787,0.087891,0
14.9944,-333.457031,-6.540686,0.175781,0
15.0097,-333.369141,-6.539136,0.087891,0
15.0249,-333.193359,-6.536035,0.175781,0
15.0401,-333.017578,-6.532935,0.175781,0
15.0554,-332.929688,-6.531384,0.087891,0
15.0706,-332.666016,-6.526733,0.263672,0
15.0859,-332.578125,-6.525183,0.087891,0
15.1011,-332.402344,-6.522083,0.175781,0
15.1164,-332.314453,-6.520532,0.087891,0
15.1316,-332.050781,-6.515881,0.263672,0
15.1469,-331.962891,-6.514331,0.087891,0
15.1621,-331.787109,-6.511230,0.175781,0
15.1774,-331.699219,-6.509680,0.087891,0
15.1927,-331.611328,-6.508130,0.087891,0
15.2079,-331.523438,-6.506580,0.087891,0
15.2249,-331.259766,-6.501929,0.263672,0
15.2404,-331.171875,-6.500378,0.087891,0
15.2556,-330.996094,-6.497278,0.175781,0
15.2712,-330.908203,-6.495728,0.087891,0
15.2864,-330.820312,-6.494177,0.087891,0
15.3017,-330.556641,-6.489526,0.263672,0
15.3171,-330.468750,-6.487976,0.087891,0
15.3326,-330.205078,-6.483325,0.263672,0
15.3478,-330.117188,-6.481775,0.087891,0
15.3631,-329.941406,-6.478674,0.175781,0
15.3783,-329.853516,-6.477124,0.087891,0
15.3936,-329.677734,-6.474023,0.175781,0
15.4089,-329.501953,-6.470923,0.175781,0
15.4241,-329.414062,-6.469373,0.087891,0
15.4394,-329.238281,-6.466272,0.175781,0
15.4546,-329.150391,-6.464722,0.087891,0
15.4698,-328.974609,-6.461621,0.175781,0
15.4851,-328.798828,-6.458521,0.175781,0
15.5003,-328.710938,-6.456970,0.087891,0
15.5155,-328.535156,-6.453870,0.175781,0
15.5308,-328.359375,-6.450769,0.175781,0
15.5460,-328.271484,-6.449219,0.087891,0
15.5612,-328.183594,-6.447668,0.087891,0
15.5764,-328.095703,-6.446118,0.087891,0
15.5916,-327.832031,-6.441467,0.263672,0
15.6068,-327.744141,-6.439917,0.087891,0
15.6221,-327.656250,-6.438367,0.087891,0
15.6378,-327.480469,-6.435266,0.175781,0
15.6530,-327.392578,-6.433716,0.087891,0
15.6682,-327.216797,-6.430615,0.175781,0
15.6834,-327.041016,-6.427515,0.175781,0
15.6986,-326.865234,-6.424414,0.175781,0
15.7138,-326.777344,-6.422864,0.087891,0
15.7291,-326.513672,-6.418213,0.263672,0
15.7443,-326.425781,-6.416663,0.087891,0
15.7597,-326.250000,-6.413562,0.175781,0
15.7750,-326.162109,-6.412012,0.087891,0
15.7902,-325.986328,-6.408911,0.175781,0
15.8054,-325.810547,-6.405811,0.175781,0
15.8207,-325.722656,-6.404260,0.087891,0
15.8359,-325.546875,-6.401160,0.175781,0
15.8511,-325.458984,-6.399609,0.087891,0
15.8663,-325.195312,-6.394958,0.263672,0
15.8815,-325.107422,-6.393408,0.087891,0
15.8967,-324.931641,-6.390308,0.175781,0
15.9119,-324.843750,-6.388757,0.087891,0
15.9272,-324.580078,-6.384106,0.263672,0
15.9425,-324.580078,-6.384106,0.000000,0
15.9586,-324.404297,-6.381006,0.175781,0
15.9738,-324.316406,-6.379456,0.087891,0
15.9891,-324.228516,-6.377905,0.087891,0
16.0043,-324.052734,-6.374805,0.175781,0
16.0195,-323.964844,-6.373254,0.087891,0
16.0347,-323.789062,-6.370154,0.175781,0
16.0499,-323.613281,-6.367053,0.175781,0
16.0652,-323.437500,-6.363953,0.175781,0
16.0804,-323.349609,-6.362402,0.087891,0
16.0956,-323.173828,-6.359302,0.175781,0
16.1111,-322.998047,-6.356201,0.175781,0
16.1264,-322.734375,-6.351550,0.263672,0
16.1417,-322.646484,-6.350000,0.087891,0
16.1569,-322.382812,-6.345349,0.263672,0
16.1721,-322.294922,-6.343799,0.087891,0
16.1874,-322.207031,-6.342249,0.087891,0
16.2027,-321.943359,-6.337598,0.263672,0
16.2179,-321.855469,-6.336047,0.087891,0
16.2331,-321.679688,-6.332947,0.175781,0
16.2484,-321.591797,-6.331396,0.087891,0
16.2637,-321.328125,-6.326746,0.263672,0
16.2789,-321.240234,-6.325195,0.087891,0
16.2941,-321.064453,-6.322095,0.175781,0
16.3093,-320.976562,-6.320544,0.087891,0
16.3245,-320.888672,-6.317444,0.087891,0
16.3398,-320.800781,-6.317444,0.087891,0
16.3550,-320.712891,-6.315894,0.087891,0
16.3702,-320.537109,-6.312793,0.175781,0
16.3855,-320.449219,-6.311243,0.087891,0
16.4008,-320.185547,-6.306592,0.263672,0
16.4162,-320.097656,-6.305042,0.087891,0
16.4314,-319.921875,-6.301941,0.175781,0
16.4466,-319.833984,-6.300391,0.087891,0
16.4618,-319.570312,-6.295740,0.263672,0
16.4770,-319.482422,-6.294189,0.087891,0
16.4922,-319.218750,-6.289539,0.263672,0
16.5075,-319.130859,-6.287988,0.087891,0
16.5227,-319.042969,-6.286438,0.087891,0
16.5380,-318.867188,-6.283337,0.175781,0
16.5533,-318.779297,-6.281787,0.087891,0
16.5685,-318.515625,-6.277136,0.263672,0
16.5837,-318.427734,-6.275586,0.087891,0
16.5989,-318.251953,-6.272485,0.175781,0
16.6142,-318.164062,-6.270935,0.087891,0
16.6294,-317.988281,-6.267834,0.175781,0
16.6447,-317.900391,-6.266284,0.087891,0
16.6599,-317.724609,-6.263184,0.175781,0
16.6751,-317.548828,-6.260083,0.175781,0
16.6903,-317.460938,-6.258533,0.087891,0
16.7055,-317.197266,-6.253882,0.263672,0
16.7207,-317.197266,-6.253882,0.000000,0
16.7360,-317.109375,-6.252332,0.087891,0
16.7512,-316.933594,-6.249231,0.175781,0
16.7664,-316.757812,-6.246130,0.175781,0
16.7816,-316.669922,-6.244580,0.087891,0
16.7968,-316.494141,-6.241479,0.175781,0
16.8121,-316.318359,-6.238379,0.175781,0
16.8274,-316.230469,-6.236829,0.087891,0
16.8426,-316.054688,-6.233728,0.175781,0
16.8579,-315.878906,-6.230627,0.175781,0
16.8732,-315.791016,-6.229077,0.087891,0
16.8884,-315.615234,-6.225977,0.175781,0
16.9036,-315.351562,-6.221326,0.263672,0
16.9189,-315.263672,-6.219775,0.087891,0
16.9344,-315.087891,-6.216675,0.175781,0
16.9497,-315.000000,-6.215125,0.087891,0
16.9649,-314.736328,-6.210474,0.263672,0
16.9803,-314.648438,-6.208923,0.087891,0
16.9955,-314.472656,-6.205823,0.175781,0
17.0107,-314.384766,-6.204272,0.087891,0
17.0265,-314.296875,-6.202722,0.087891,0
17.0417,-314.033203,-6.198071,0.263672,0
17.0570,-313.945312,-6.196521,0.087891,0
17.0722,-313.769531,-6.193420,0.175781,0
17.0874,-313.681641,-6.191870,0.087891,0
17.1026,-313.505859,-6.188770,0.175781,0
17.1187,-313.417969,-6.187219,0.087891,0
17.1341,-313.242188,-6.184119,0.175781,0
17.1493,-313.154297,-6.182568,0.087891,0
17.1645,-312.978516,-6.179468,0.175781,0
17.1798,-312.890625,-6.177917,0.087891,0
17.1950,-312.626953,-6.173267,0.263672,0
17.2102,-312.626953,-6.173267,0.000000,0
17.2259,-312.451172,-6.170166,0.175781,0
17.2411,-312.275391,-6.167065,0.175781,0
17.2565,-312.187500,-6.165515,0.087891,0
17.2717,-311.923828,-6.160864,0.263672,0
17.2869,-311.835938,-6.159314,0.087891,0
17.3022,-311.572266,-6.154663,0.263672,0
17.3174,-311.484375,-6.153113,0.087891,0
17.3332,-311.308594,-6.150012,0.175781,0
17.3484,-311.132812,-6.146912,0.175781,0
17.3636,-310.957031,-6.143811,0.175781,0
17.3788,-310.869141,-6.142261,0.087891,0
17.3940,-310.693359,-6.139160,0.175781,0
17.4093,-310.517578,-6.136060,0.175781,0
17.4253,-310.429688,-6.134509,0.087891,0
17.4405,-310.253906,-6.131409,0.175781,0
17.4557,-310.166016,-6.129858,0.087891,0
17.4709,-309.902344,-6.125208,0.263672,0
17.4861,-309.902344,-6.125208,0.000000,0
17.5013,-309.638672,-6.120557,0.263672,0
17.5166,-309.638672,-6.120557,0.000000,0
17.5318,-309.462891,-6.117456,0.175781,0
17.5478,-309.375000,-6.115906,0.087891,0
17.5631,-309.111328,-6.111255,0.263672,0
17.5785,-309.023438,-6.109705,0.087891,0
17.5937,-308.847656,-6.106604,0.175781,0
17.6089,-308.847656,-6.106604,0.000000,0
17.6241,-308.496094,-6.100403,0.351562,0
17.6394,-308.408203,-6.098853,0.087891,0
17.6546,-308.320312,-6.097302,0.087891,0
17.6698,-308.144531,-6.094202,0.175781,0
17.6850,-307.968750,-6.091101,0.175781,0
17.7002,-307.705078,-6.086450,0.263672,0
17.7154,-307.705078,-6.086450,0.000000,0
17.7307,-307.441406,-6.081799,0.263672,0
17.7460,-307.353516,-6.080249,0.087891,0
17.7613,-307.177734,-6.077148,0.175781,0
17.7765,-307.089844,-6.075598,0.087891,0
17.7918,-306.826172,-6.070947,0.263672,0
17.8070,-306.826172,-6.070947,0.000000,0
17.8222,-306.738281,-6.069397,0.087891,0
17.8374,-306.474609,-6.064746,0.263672,0
17.8526,-306.386719,-6.063196,0.087891,0
17.8678,-306.123047,-6.058545,0.263672,0
17.8830,-306.123047,-6.058545,0.000000,0
17.8983,-305.859375,-6.053894,0.263672,0
17.9135,-305.859375,-6.053894,0.000000,0
17.9287,-305.683594,-6.050793,0.175781,0
17.9440,-305.595703,-6.049243,0.087891,0
17.9592,-305.507812,-6.047693,0.087891,0
17.9751,-305.244141,-6.043042,0.263672,0
17.9904,-305.156250,-6.041492,0.087891,0
18.0056,-304.980469,-6.038391,0.175781,0
18.0208,-304.892578,-6.036841,0.087891,0
18.0360,-304.628906,-6.032190,0.263672,0
18.0513,-304.541016,-6.030640,0.087891,0
18.0665,-304.277344,-6.025989,0.263672,0
18.0818,-304.189453,-6.024438,0.087891,0
18.0970,-303.925781,-6.019788,0.263672,0
18.1122,-303.925781,-6.019788,0.000000,0
18.1274,-303.662109,-6.015137,0.263672,0
18.1426,-303.574219,-6.013586,0.087891,0
18.1578,-303.398438,-6.010486,0.175781,0
18.1731,-303.222656,-6.007385,0.175781,0
18.1883,-303.134766,-6.005835,0.087891,0
18.2035,-302.871094,-6.001184,0.263672,0
18.2187,-302.783203,-5.999634,0.087891,0
18.2339,-302.607422,-5.996533,0.175781,0
18.2491,-302.519531,-5.994983,0.087891,0
18.2643,-302.255859,-5.990332,0.263672,0
18.2796,-302.167969,-5.988782,0.087891,0
18.2948,-302.080078,-5.987231,0.087891,0
18.3100,-301.992188,-5.985681,0.087891,0
18.3252,-301.904297,-5.984131,0.087891,0
18.3405,-301.728516,-5.981030,0.175781,0
18.3557,-301.552734,-5.977930,0.175781,0
18.3709,-301.376953,-5.974829,0.175781,0
18.3861,-301.289062,-5.973279,0.087891,0
18.4013,-301.113281,-5.970178,0.175781,0
18.4165,-301.025391,-5.968628,0.087891,0
18.4318,-300.761719,-5.963977,0.263672,0
18.4471,-300.673828,-5.962427,0.087891,0
18.4630,-300.410156,-5.957776,0.263672,0
18.4782,-300.322266,-5.956226,0.087891,0
18.4941,-300.146484,-5.953125,0.175781,0
18.5093,-300.058594,-5.951575,0.087891,0
18.5245,-299.882812,-5.948474,0.175781,0
18.5399,-299.707031,-5.945374,0.175781,0
18.5551,-299.619141,-5.943823,0.087891,0
18.5703,-299.443359,-5.940723,0.175781,0
18.5856,-299.267578,-5.937622,0.175781,0
18.6008,-299.179688,-5.936072,0.087891,0
18.6160,-299.003906,-5.932971,0.175781,0
18.6315,-298.828125,-5.929871,0.175781,0
18.6467,-298.652344,-5.926770,0.175781,0
18.6629,-298.476562,-5.923669,0.175781,0
18.6781,-298.388672,-5.922119,0.087891,0
18.6934,-298.212891,-5.919019,0.175781,0
18.7093,-298.212891,-5.919019,0.000000,0
18.7245,-298.037109,-5.915918,0.175781,0
18.7397,-297.949219,-5.914368,0.087891,0
18.7549,-297.861328,-5.912817,0.087891,0
18.7701,-297.597656,-5.908167,0.263672,0
18.7853,-297.509766,-5.906616,0.087891,0
18.8006,-297.246094,-5.901965,0.263672,0
18.8158,-297.246094,-5.901965,0.000000,0
18.8310,-296.982422,-5.897314,0.263672,0
18.8463,-296.894531,-5.895764,0.087891,0
18.8615,-296.630859,-5.891113,0.263672,0
18.8767,-296.542969,-5.889563,0.087891,0
18.8919,-296.455078,-5.888013,0.087891,0
18.9071,-296.191406,-5.883362,0.263672,0
18.9224,-296.103516,-5.881812,0.087891,0
18.9377,-296.015625,-5.880261,0.087891,0
18.9535,-295.839844,-5.877161,0.175781,0
18.9687,-295.576172,-5.872510,0.263672,0
18.9839,-295.488281,-5.870959,0.087891,0
18.9992,-295.312500,-5.867859,0.175781,0
19.0146,-295.224609,-5.866309,0.087891,0
19.0299,-294.960938,-5.861658,0.263672,0
19.0452,-294.960938,-5.861658,0.000000,0
19.0604,-294.697266,-5.857007,0.263672,0
19.0756,-294.609375,-5.855457,0.087891,0
19.0908,-294.521484,-5.853906,0.087891,0
19.1060,-294.345703,-5.850806,0.175781,0
19.1225,-294.257812,-5.849255,0.087891,0
19.1377,-294.082031,-5.846155,0.175781,0
19.1531,-293.994141,-5.844604,0.087891,0
19.1683,-293.818359,-5.841504,0.175781,0
19.1836,-293.730469,-5.839954,0.087891,0
19.1989,-293.466797,-5.835303,0.263672,0
19.2141,-293.466797,-5.835303,0.000000,0
19.2297,-293.203125,-5.830652,0.263672,0
19.2449,-293.115234,-5.829102,0.087891,0
19.2602,-292.939453,-5.826001,0.175781,0
19.2754,-292.763672,-5.822900,0.175781,0
19.2907,-292.500000,-5.818250,0.263672,0
19.3059,-292.412109,-5.816699,0.087891,0
19.3213,-292.324219,-5.815149,0.087891,0
19.3365,-292.060547,-5.810498,0.263672,0
19.3519,-291.972656,-5.808948,0.087891,0
19.3671,-291.708984,-5.804297,0.263672,0
19.3824,-291.621094,-5.802747,0.087891,0
19.3976,-291.445312,-5.799646,0.175781,0
19.4128,-291.357422,-5.798096,0.087891,0
19.4280,-291.181641,-5.794995,0.175781,0
19.4433,-291.093750,-5.793445,0.087891,0
19.4587,-290.917969,-5.790344,0.175781,0
19.4742,-290.742188,-5.787244,0.175781,0
19.4894,-290.654297,-5.785693,0.087891,0
19.5046,-290.478516,-5.782593,0.175781,0
19.5199,-290.390625,-5.781042,0.087891,0
19.5351,-290.302734,-5.779492,0.087891,0
19.5503,-290.214844,-5.777942,0.087891,0
19.5656,-290.039062,-5.774841,0.175781,0
19.5809,-289.863281,-5.771741,0.175781,0
19.5964,-289.687500,-5.768640,0.175781,0
19.6116,-289.599609,-5.767090,0.087891,0
19.6268,-289.423828,-5.763989,0.175781,0
19.6421,-289.335938,-5.762439,0.087891,0
19.6573,-289.072266,-5.757788,0.263672,0
19.6726,-288.984375,-5.756238,0.087891,0
19.6878,-288.896484,-5.754688,0.087891,0
19.7030,-288.632812,-5.750037,0.263672,0
19.7182,-288.544922,-5.748486,0.087891,0
19.7334,-288.369141,-5.745386,0.175781,0
19.7487,-288.281250,-5.743835,0.087891,0
19.7639,-288.017578,-5.739185,0.263672,0
19.7794,-287.929688,-5.737634,0.087891,0
19.7947,-287.753906,-5.734534,0.175781,0
19.8099,-287.666016,-5.732983,0.087891,0
19.8251,-287.402344,-5.728333,0.263672,0
19.8404,-287.314453,-5.726782,0.087891,0
19.8557,-287.226562,-5.725232,0.087891,0
19.8709,-287.050781,-5.722131,0.175781,0
19.8862,-286.962891,-5.720581,0.087891,0
19.9014,-286.699219,-5.715930,0.263672,0
19.9166,-286.611328,-5.714380,0.087891,0
19.9318,-286.435547,-5.711279,0.175781,0
19.9470,-286.347656,-5.709729,0.087891,0
19.9623,-286.259766,-5.708179,0.087891,0
19.9775,-286.171875,-5.706628,0.087891,0
19.9929,-285.996094,-5.703528,0.175781,0
20.0082,-285.820312,-5.700427,0.175781,0
20.0234,-285.732422,-5.698877,0.087891,0
20.0386,-285.556641,-5.695776,0.175781,0
20.0539,-285.468750,-5.694226,0.087891,0
20.0692,-285.292969,-5.691125,0.175781,0
20.0844,-285.117188,-5.688025,0.175781,0
20.0997,-284.853516,-5.683374,0.263672,0
20.1149,-284.765625,-5.681824,0.087891,0
20.1302,-284.501953,-5.677173,0.263672,0
20.1456,-284.414062,-5.675623,0.087891,0
20.1609,-284.238281,-5.672522,0.175781,0
20.1761,-284.150391,-5.670972,0.087891,0
20.1915,-284.062500,-5.669421,0.087891,0
20.2068,-283.886719,-5.666321,0.175781,0
20.2220,-283.798828,-5.664771,0.087891,0
20.2372,-283.535156,-5.660120,0.263672,0
20.2524,-283.535156,-5.660120,0.000000,0
20.2678,-283.271484,-5.655469,0.263672,0
20.2830,-283.183594,-5.653918,0.087891,0
20.2982,-282.919922,-5.649268,0.263672,0
20.3134,-282.832031,-5.647717,0.087891,0
20.3293,-282.656250,-5.644617,0.175781,0
20.3445,-282.568359,-5.643066,0.087891,0
20.3598,-282.392578,-5.639966,0.175781,0
20.3751,-282.392578,-5.639966,0.000000,0
20.3903,-282.304688,-5.638416,0.087891,0
20.4055,-282.128906,-5.635315,0.175781,0
20.4207,-282.041016,-5.633765,0.087891,0
20.4365,-281.777344,-5.629114,0.263672,0
20.4520,-281.689453,-5.627563,0.087891,0
20.4673,-281.513672,-5.624463,0.175781,0
20.4825,-281.425781,-5.622913,0.087891,0
20.4977,-281.162109,-5.618262,0.263672,0
20.5129,-281.074219,-5.616711,0.087891,0
20.5281,-280.898438,-5.613611,0.175781,0
20.5434,-280.722656,-5.610510,0.175781,0
20.5586,-280.546875,-5.607410,0.175781,0
20.5738,-280.458984,-5.605859,0.087891,0
20.5890,-280.371094,-5.604309,0.087891,0
20.6044,-280.195312,-5.601208,0.175781,0
20.6196,-280.107422,-5.599658,0.087891,0
20.6349,-279.843750,-5.595007,0.263672,0
20.6501,-279.755859,-5.593457,0.087891,0
20.6653,-279.580078,-5.590356,0.175781,0
20.6805,-279.492188,-5.588806,0.087891,0
20.6958,-279.228516,-5.584155,0.263672,0
20.7110,-279.140625,-5.582605,0.087891,0
20.7263,-278.964844,-5.579504,0.175781,0
20.7415,-278.876953,-5.577954,0.087891,0
20.7567,-278.789062,-5.576404,0.087891,0
20.7721,-278.613281,-5.573303,0.175781,0
20.7873,-278.525391,-5.571753,0.087891,0
20.8025,-278.349609,-5.568652,0.175781,0
20.8178,-278.261719,-5.567102,0.087891,0
20.8330,-278.085938,-5.564001,0.175781,0
20.8482,-277.998047,-5.562451,0.087891,0
20.8636,-277.734375,-5.557800,0.263672,0
20.8789,-277.734375,-5.557800,0.000000,0
20.8941,-277.470703,-5.553149,0.263672,0
20.9094,-277.382812,-5.551599,0.087891,0
20.9246,-277.294922,-5.550049,0.087891,0
20.9398,-277.119141,-5.546948,0.175781,0
20.9553,-276.943359,-5.543848,0.175781,0
20.9705,-276.679688,-5.539197,0.263672,0
20.9857,-276.591797,-5.537646,0.087891,0
21.0010,-276.416016,-5.534546,0.175781,0
21.0162,-276.328125,-5.532996,0.087891,0
21.0315,-276.152344,-5.529895,0.175781,0
21.0467,-275.976562,-5.526794,0.175781,0
21.0620,-275.800781,-5.523694,0.175781,0
21.0772,-275.712891,-5.522144,0.087891,0
21.0924,-275.625000,-5.520593,0.087891,0
21.1077,-275.449219,-5.517493,0.175781,0
21.1229,-275.361328,-5.515942,0.087891,0
21.1381,-275.097656,-5.511292,0.263672,0
21.1533,-275.009766,-5.509741,0.087891,0
21.1685,-274.833984,-5.506641,0.175781,0
21.1837,-274.746094,-5.505090,0.087891,0
21.1990,-274.658203,-5.503540,0.087891,0
21.2142,-274.570312,-5.501990,0.087891,0
21.2294,-274.394531,-5.498889,0.175781,0
21.2446,-274.306641,-5.497339,0.087891,0
21.2599,-274.130859,-5.494238,0.175781,0
21.2762,-273.955078,-5.491138,0.175781,0
21.2914,-273.867188,-5.489587,0.087891,0
21.3068,-273.603516,-5.484937,0.263672,0
21.3220,-273.515625,-5.483386,0.087891,0
21.3373,-273.339844,-5.480286,0.175781,0
21.3525,-273.251953,-5.478735,0.087891,0
21.3677,-272.988281,-5.474084,0.263672,0
21.3830,-272.900391,-5.472534,0.087891,0
21.3982,-272.724609,-5.469434,0.175781,0
21.4134,-272.636719,-5.467883,0.087891,0
21.4287,-272.373047,-5.463232,0.263672,0
21.4439,-272.285156,-5.461682,0.087891,0
21.4593,-272.197266,-5.460132,0.087891,0
21.4746,-272.021484,-5.457031,0.175781,0
21.4898,-271.933594,-5.455481,0.087891,0
21.5051,-271.757812,-5.452380,0.175781,0
21.5203,-271.669922,-5.450830,0.087891,0
21.5355,-271.406250,-5.446179,0.263672,0
21.5507,-271.318359,-5.444629,0.087891,0
21.5660,-271.142578,-5.441528,0.175781,0
21.5812,-271.054688,-5.439978,0.087891,0
21.5966,-270.878906,-5.436877,0.175781,0
21.6119,-270.791016,-5.435327,0.087891,0
21.6277,-270.703125,-5.433777,0.087891,0
21.6430,-270.615234,-5.432227,0.087891,0
21.6582,-270.439453,-5.429126,0.175781,0
21.6735,-270.175781,-5.424475,0.263672,0
21.6889,-270.175781,-5.424475,0.000000,0
21.7041,-269.912109,-5.419824,0.263672,0
21.7193,-269.824219,-5.418274,0.087891,0
21.7345,-269.648438,-5.415173,0.175781,0
21.7498,-269.560547,-5.413623,0.087891,0
21.7650,-269.296875,-5.408972,0.263672,0
21.7802,-269.208984,-5.407422,0.087891,0
21.7955,-268.945312,-5.402771,0.263672,0
21.8107,-268.857422,-5.401221,0.087891,0
21.8259,-268.769531,-5.399670,0.087891,0
21.8414,-268.505859,-5.395020,0.263672,0
21.8567,-268.417969,-5.393469,0.087891,0
21.8719,-268.242188,-5.390369,0.175781,0
21.8872,-268.154297,-5.388818,0.087891,0
21.9024,-267.978516,-5.385718,0.175781,0
21.9176,-267.890625,-5.384167,0.087891,0
21.9328,-267.626953,-5.379517,0.263672,0
21.9481,-267.539062,-5.377966,0.087891,0
21.9633,-267.363281,-5.374866,0.175781,0
21.9789,-267.275391,-5.373315,0.087891,0
21.9941,-267.187500,-5.371765,0.087891,0
22.0093,-267.011719,-5.368665,0.175781,0
22.0245,-266.923828,-5.367114,0.087891,0
22.0397,-266.748047,-5.364014,0.175781,0
22.0550,-266.748047,-5.364014,0.000000,0
22.0702,-266.484375,-5.359363,0.263672,0
22.0854,-266.396484,-5.357813,0.087891,0
22.1006,-266.220703,-5.354712,0.175781,0
22.1159,-266.132812,-5.353162,0.087891,0
22.1311,-265.869141,-5.348511,0.263672,0
22.1464,-265.781250,-5.346960,0.087891,0
22.1616,-265.693359,-5.345410,0.087891,0
22.1769,-265.517578,-5.342310,0.175781,0
22.1921,-265.341797,-5.339209,0.175781,0
22.2073,-265.166016,-5.336108,0.175781,0
22.2226,-265.078125,-5.334558,0.087891,0
22.2378,-264.902344,-5.331458,0.175781,0
22.2530,-264.814453,-5.329907,0.087891,0
22.2683,-264.550781,-5.325256,0.263672,0
22.2835,-264.462891,-5.323706,0.087891,0
22.2987,-264.287109,-5.320605,0.175781,0
22.3140,-264.199219,-5.319055,0.087891,0
22.3292,-264.111328,-5.317505,0.087891,0
22.3444,-263.847656,-5.312854,0.263672,0
22.3597,-263.759766,-5.311304,0.087891,0
22.3749,-263.583984,-5.308203,0.175781,0
22.3901,-263.496094,-5.306653,0.087891,0
22.4053,-263.320312,-5.303552,0.175781,0
22.4205,-263.232422,-5.302002,0.087891,0
22.4358,-263.144531,-5.300452,0.087891,0
22.4510,-262.968750,-5.297351,0.175781,0
22.4662,-262.705078,-5.292700,0.263672,0
22.4815,-262.617188,-5.291150,0.087891,0
22.4968,-262.529297,-5.289600,0.087891,0
22.5120,-262.353516,-5.286499,0.175781,0
22.5274,-262.265625,-5.284949,0.087891,0
22.5426,-262.001953,-5.280298,0.263672,0
22.5578,-261.914062,-5.278748,0.087891,0
22.5731,-261.738281,-5.275647,0.175781,0
22.5883,-261.650391,-5.274097,0.087891,0
22.6035,-261.386719,-5.269446,0.263672,0
22.6187,-261.298828,-5.267896,0.087891,0
22.6340,-261.210938,-5.266345,0.087891,0
22.6492,-261.035156,-5.263245,0.175781,0
22.6645,-260.947266,-5.261694,0.087891,0
22.6797,-260.771484,-5.258594,0.175781,0
22.6949,-260.683594,-5.257043,0.087891,0
22.7101,-260.419922,-5.252393,0.263672,0
22.7254,-260.419922,-5.252393,0.000000,0
22.7406,-260.156250,-5.247742,0.263672,0
22.7559,-260.068359,-5.246191,0.087891,0
22.7711,-259.804688,-5.241541,0.263672,0
22.7863,-259.716797,-5.239990,0.087891,0
22.8016,-259.541016,-5.236890,0.175781,0
22.8168,-259.541016,-5.236890,0.000000,0
22.8320,-259.453125,-5.235339,0.087891,0
22.8477,-259.277344,-5.232239,0.175781,0
22.8629,-259.189453,-5.230688,0.087891,0
22.8781,-259.013672,-5.227588,0.175781,0
22.8934,-258.837891,-5.224487,0.175781,0
22.9086,-258.662109,-5.221387,0.175781,0
22.9238,-258.574219,-5.219836,0.087891,0
22.9390,-258.398438,-5.216736,0.175781,0
22.9542,-258.310547,-5.215186,0.087891,0
22.9699,-258.046875,-5.210535,0.263672,0
22.9852,-257.958984,-5.208984,0.087891,0
23.0004,-257.695312,-5.204333,0.263672,0
23.0157,-257.695312,-5.204333,0.000000,0
23.0309,-257.519531,-5.201233,0.175781,0
23.0461,-257.343750,-5.198132,0.175781,0
23.0613,-257.255859,-5.196582,0.087891,0
23.0765,-257.080078,-5.193481,0.175781,0
23.0918,-256.992188,-5.191931,0.087891,0
23.1070,-256.816406,-5.188831,0.175781,0
23.1223,-256.640625,-5.185730,0.175781,0
23.1375,-256.464844,-5.182629,0.175781,0
23.1529,-256.376953,-5.181079,0.087891,0
23.1681,-256.113281,-5.176428,0.263672,0
23.1833,-256.025391,-5.174878,0.087891,0
23.1988,-255.937500,-5.173328,0.087891,0
23.2140,-255.849609,-5.171777,0.087891,0
23.2292,-255.761719,-5.170227,0.087891,0
23.2444,-255.585938,-5.167126,0.175781,0
23.2606,-255.498047,-5.165576,0.087891,0
23.2758,-255.322266,-5.162476,0.175781,0
23.2912,-255.146484,-5.159375,0.175781,0
23.3065,-254.970703,-5.156274,0.175781,0
23.3217,-254.882812,-5.154724,0.087891,0
23.3369,-254.707031,-5.151624,0.175781,0
23.3521,-254.531250,-5.148523,0.175781,0
23.3674,-254.355469,-5.145422,0.175781,0
23.3826,-254.179688,-5.142322,0.175781,0
23.3979,-254.091797,-5.140771,0.087891,0
23.4131,-253.916016,-5.137671,0.175781,0
23.4283,-253.916016,-5.137671,0.000000,0
23.4435,-253.652344,-5.133020,0.263672,0
23.4587,-253.476562,-5.129919,0.175781,0
23.4740,-253.300781,-5.126819,0.175781,0
23.4892,-253.212891,-5.125269,0.087891,0
23.5046,-253.037109,-5.122168,0.175781,0
23.5198,-252.949219,-5.120618,0.087891,0
23.5350,-252.685547,-5.115967,0.263672,0
23.5502,-252.597656,-5.114417,0.087891,0
23.5654,-252.509766,-5.112866,0.087891,0
23.5806,-252.333984,-5.109766,0.175781,0
23.5960,-252.246094,-5.108215,0.087891,0
23.6112,-252.070312,-5.105115,0.175781,0
23.6264,-251.982422,-5.103564,0.087891,0
23.6417,-251.894531,-5.102014,0.087891,0
23.6569,-251.806641,-5.100464,0.087891,0
23.6721,-251.455078,-5.094263,0.351562,0
23.6873,-251.367188,-5.092712,0.087891,0
23.7026,-251.191406,-5.089612,0.175781,0
23.7178,-251.103516,-5.088062,0.087891,0
23.7330,-251.015625,-5.086511,0.087891,0
23.7482,-250.751953,-5.081860,0.263672,0
23.7634,-250.664062,-5.080310,0.087891,0
23.7786,-250.400391,-5.075659,0.263672,0
23.7939,-250.312500,-5.074109,0.087891,0
23.8092,-250.224609,-5.072559,0.087891,0
23.8244,-250.136719,-5.071008,0.087891,0
23.8396,-249.873047,-5.066357,0.263672,0
23.8549,-249.785156,-5.064807,0.087891,0
23.8701,-249.697266,-5.063257,0.087891,0
23.8853,-249.521484,-5.060156,0.175781,0
23.9005,-249.433594,-5.058606,0.087891,0
23.9160,-249.257812,-5.055505,0.175781,0
23.9319,-249.082031,-5.052405,0.175781,0
23.9472,-248.906250,-5.049304,0.175781,0
23.9624,-248.818359,-5.047754,0.087891,0
23.9776,-248.642578,-5.044653,0.175781,0
23.9930,-248.554688,-5.043103,0.087891,0
24.0082,-248.378906,-5.040002,0.175781,0
24.0234,-248.291016,-5.038452,0.087891,0
24.0386,-248.115234,-5.035352,0.175781,0
24.0538,-248.027344,-5.033801,0.087891,0
24.0690,-247.851562,-5.030701,0.175781,0
24.0845,-247.675781,-5.027600,0.175781,0
24.0998,-247.587891,-5.026050,0.087891,0
24.1151,-247.412109,-5.022949,0.175781,0
24.1303,-247.324219,-5.021399,0.087891,0
24.1455,-247.060547,-5.016748,0.263672,0
24.1608,-246.972656,-5.015198,0.087891,0
24.1761,-246.796875,-5.012097,0.175781,0
24.1914,-246.708984,-5.010547,0.087891,0
24.2066,-246.533203,-5.007446,0.175781,0
24.2218,-246.445312,-5.005896,0.087891,0
24.2373,-246.181641,-5.001245,0.263672,0
24.2526,-246.093750,-4.999695,0.087891,0
24.2678,-246.005859,-4.998145,0.087891,0
24.2830,-245.830078,-4.995044,0.175781,0
24.2982,-245.742188,-4.993494,0.087891,0
24.3135,-245.478516,-4.988843,0.263672,0
24.3287,-245.390625,-4.987292,0.087891,0
24.3440,-245.214844,-4.984192,0.175781,0
24.3593,-245.126953,-4.982642,0.087891,0
24.3745,-244.951172,-4.979541,0.175781,0
24.3897,-244.951172,-4.979541,0.000000,0
24.4053,-244.687500,-4.974890,0.263672,0
24.4205,-244.599609,-4.973340,0.087891,0
24.4357,-244.511719,-4.971790,0.087891,0
24.4510,-244.335938,-4.968689,0.175781,0
24.4662,-244.160156,-4.965588,0.175781,0
24.4820,-243.984375,-4.962488,0.175781,0
24.4973,-243.896484,-4.960938,0.087891,0
24.5125,-243.632812,-4.956287,0.263672,0
24.5277,-243.544922,-4.954736,0.087891,0
24.5434,-243.281250,-4.950085,0.263672,0
24.5586,-243.193359,-4.948535,0.087891,0
24.5738,-243.105469,-4.946985,0.087891,0
24.5890,-243.017578,-4.945435,0.087891,0
24.6054,-242.753906,-4.940784,0.263672,0
24.6206,-242.666016,-4.939233,0.087891,0
24.6358,-242.490234,-4.936133,0.175781,0
24.6510,-242.402344,-4.934583,0.087891,0
24.6662,-242.226562,-4.931482,0.175781,0
24.6815,-242.138672,-4.929932,0.087891,0
24.6967,-241.962891,-4.926831,0.175781,0
24.7119,-241.787109,-4.923730,0.175781,0
24.7271,-241.699219,-4.922180,0.087891,0
24.7423,-241.523438,-4.919080,0.175781,0
24.7576,-241.435547,-4.917529,0.087891,0
24.7728,-241.259766,-4.914429,0.175781,0
24.7880,-241.171875,-4.912878,0.087891,0
24.8033,-240.996094,-4.909778,0.175781,0
24.8186,-240.908203,-4.908228,0.087891,0
24.8338,-240.732422,-4.905127,0.175781,0
24.8490,-240.644531,-4.903577,0.087891,0
24.8642,-240.556641,-4.902026,0.087891,0
24.8794,-240.292969,-4.897375,0.263672,0
24.8946,-240.205078,-4.895825,0.087891,0
24.9100,-239.941406,-4.891174,0.263672,0
24.9253,-239.853516,-4.889624,0.087891,0
24.9405,-239.589844,-4.884973,0.263672,0
24.9557,-239.501953,-4.883423,0.087891,0
24.9709,-239.414062,-4.881873,0.087891,0
24.9861,-239.238281,-4.878772,0.175781,0
25.0014,-239.150391,-4.877222,0.087891,0
25.0166,-238.974609,-4.874121,0.175781,0
25.0318,-238.886719,-4.872571,0.087891,0
25.0470,-238.710938,-4.869470,0.175781,0
25.0622,-238.623047,-4.867920,0.087891,0
25.0775,-238.359375,-4.863269,0.263672,0
25.0929,-238.359375,-4.863269,0.000000,0
25.1081,-238.095703,-4.858618,0.263672,0
25.1234,-238.007812,-4.857068,0.087891,0
25.1386,-237.832031,-4.853967,0.175781,0
25.1539,-237.744141,-4.852417,0.087891,0
25.1691,-237.656250,-4.850867,0.087891,0
25.1843,-237.480469,-4.847766,0.175781,0
25.1995,-237.392578,-4.846216,0.087891,0
25.2148,-237.216797,-4.843115,0.175781,0
25.2300,-237.041016,-4.840015,0.175781,0
25.2452,-236.865234,-4.836914,0.175781,0
25.2606,-236.777344,-4.835364,0.087891,0
25.2758,-236.601562,-4.832263,0.175781,0
25.2911,-236.425781,-4.829163,0.175781,0
25.3063,-236.250000,-4.826062,0.175781,0
25.3216,-236.162109,-4.824512,0.087891,0
25.3368,-235.986328,-4.821411,0.175781,0
25.3520,-235.898438,-4.819861,0.087891,0
25.3672,-235.722656,-4.816760,0.175781,0
25.3825,-235.546875,-4.813660,0.175781,0
25.3978,-235.458984,-4.812109,0.087891,0
25.4132,-235.283203,-4.809009,0.175781,0
25.4284,-235.195312,-4.807458,0.087891,0
25.4436,-235.019531,-4.804358,0.175781,0
25.4588,-234.843750,-4.801257,0.175781,0
25.4740,-234.667969,-4.798157,0.175781,0
25.4892,-234.580078,-4.796606,0.087891,0
25.5045,-234.492188,-4.795056,0.087891,0
25.5197,-234.316406,-4.791956,0.175781,0
25.5349,-234.316406,-4.791956,0.000000,0
25.5502,-234.052734,-4.787305,0.263672,0
25.5654,-233.964844,-4.785754,0.087891,0
25.5806,-233.789062,-4.782654,0.175781,0
25.5959,-233.613281,-4.779553,0.175781,0
25.6120,-233.437500,-4.776453,0.175781,0
25.6274,-233.349609,-4.774902,0.087891,0
25.6426,-233.173828,-4.771802,0.175781,0
25.6580,-232.998047,-4.768701,0.175781,0
25.6732,-232.822266,-4.765601,0.175781,0
25.6884,-232.646484,-4.762500,0.175781,0
25.7036,-232.558594,-4.760950,0.087891,0
25.7196,-232.382812,-4.757849,0.175781,0
25.7349,-232.382812,-4.757849,0.000000,0
25.7502,-232.119141,-4.753198,0.263672,0
25.7654,-232.031250,-4.751648,0.087891,0
25.7806,-231.767578,-4.746997,0.263672,0
25.7958,-231.679688,-4.745447,0.087891,0
25.8110,-231.591797,-4.743896,0.087891,0
25.8264,-231.503906,-4.742346,0.087891,0
25.8416,-231.240234,-4.737695,0.263672,0
25.8569,-231.152344,-4.736145,0.087891,0
25.8721,-230.976562,-4.733044,0.175781,0
25.8874,-230.888672,-4.731494,0.087891,0
25.9026,-230.800781,-4.729944,0.087891,0
25.9178,-230.712891,-4.728394,0.087891,0
25.9340,-230.625000,-4.726843,0.087891,0
25.9492,-230.361328,-4.722192,0.263672,0
25.9644,-230.273438,-4.720642,0.087891,0
25.9796,-230.009766,-4.715991,0.263672,0
25.9948,-229.921875,-4.714441,0.087891,0
26.0100,-229.746094,-4.711340,0.175781,0
26.0255,-229.658203,-4.709790,0.087891,0
26.0408,-229.482422,-4.706689,0.175781,0
26.0560,-229.306641,-4.703589,0.175781,0
26.0713,-229.130859,-4.700488,0.175781,0
26.0865,-229.042969,-4.698938,0.087891,0
26.1021,-228.955078,-4.697388,0.087891,0
26.1174,-228.779297,-4.694287,0.175781,0
26.1327,-228.691406,-4.692737,0.087891,0
26.1480,-228.427734,-4.688086,0.263672,0
26.1633,-228.339844,-4.686536,0.087891,0
26.1785,-228.164062,-4.683435,0.175781,0
26.1937,-228.076172,-4.681885,0.087891,0
26.2089,-227.812500,-4.677234,0.263672,0
26.2242,-227.724609,-4.675684,0.087891,0
26.2395,-227.548828,-4.672583,0.175781,0
26.2548,-227.460938,-4.671033,0.087891,0
26.2700,-227.373047,-4.669482,0.087891,0
26.2852,-227.285156,-4.667932,0.087891,0
26.3004,-227.109375,-4.664832,0.175781,0
26.3157,-226.933594,-4.661731,0.175781,0
26.3309,-226.845703,-4.660181,0.087891,0
26.3470,-226.669922,-4.657080,0.175781,0
26.3622,-226.494141,-4.653979,0.175781,0
26.3774,-226.318359,-4.650879,0.175781,0
26.3926,-226.230469,-4.649329,0.087891,0
26.4079,-225.966797,-4.644678,0.263672,0
26.4231,-225.878906,-4.643127,0.087891,0
26.4383,-225.703125,-4.640027,0.175781,0
26.4535,-225.615234,-4.638477,0.087891,0
26.4687,-225.527344,-4.636926,0.087891,0
26.4839,-225.263672,-4.632275,0.263672,0
26.4992,-225.175781,-4.630725,0.087891,0
26.5144,-225.000000,-4.627625,0.175781,0
26.5297,-224.912109,-4.626074,0.087891,0
26.5450,-224.736328,-4.622974,0.175781,0
26.5603,-224.648438,-4.621423,0.087891,0
26.5756,-224.472656,-4.618323,0.175781,0
26.5908,-224.384766,-4.616772,0.087891,0
26.6060,-224.121094,-4.612122,0.263672,0
26.6212,-224.033203,-4.610571,0.087891,0
26.6366,-224.033203,-4.610571,0.000000,0
26.6518,-223.857422,-4.607471,0.175781,0
26.6671,-223.769531,-4.605920,0.087891,0
26.6824,-223.505859,-4.601270,0.263672,0
26.6976,-223.417969,-4.599719,0.087891,0
26.7129,-223.242188,-4.596619,0.175781,0
26.7281,-223.154297,-4.595068,0.087891,0
26.7434,-222.978516,-4.591968,0.175781,0
26.7586,-222.802734,-4.588867,0.175781,0
26.7738,-222.626953,-4.585767,0.175781,0
26.7890,-222.539062,-4.584216,0.087891,0
26.8042,-222.363281,-4.581116,0.175781,0
26.8194,-222.275391,-4.579565,0.087891,0
26.8347,-222.099609,-4.576465,0.175781,0
26.8499,-221.923828,-4.573364,0.175781,0
26.8651,-221.835938,-4.571814,0.087891,0
26.8803,-221.572266,-4.567163,0.263672,0
26.8956,-221.484375,-4.565613,0.087891,0
26.9109,-221.308594,-4.562512,0.175781,0
26.9261,-221.308594,-4.562512,0.000000,0
26.9414,-221.044922,-4.557861,0.263672,0
26.9566,-220.957031,-4.556311,0.087891,0
26.9718,-220.869141,-4.554761,0.087891,0
26.9870,-220.693359,-4.551660,0.175781,0
27.0023,-220.693359,-4.551660,0.000000,0
27.0175,-220.429688,-4.547009,0.263672,0
27.0329,-220.341797,-4.545459,0.087891,0
27.0481,-220.166016,-4.542358,0.175781,0
27.0633,-220.078125,-4.540808,0.087891,0
27.0785,-219.902344,-4.537708,0.175781,0
27.0938,-219.726562,-4.534607,0.175781,0
27.1090,-219.550781,-4.531506,0.175781,0
27.1242,-219.462891,-4.529956,0.087891,0
27.1395,-219.287109,-4.526855,0.175781,0
27.1547,-219.111328,-4.523755,0.175781,0
27.1699,-219.023438,-4.522205,0.087891,0
27.1859,-218.847656,-4.519104,0.175781,0
27.2011,-218.759766,-4.517554,0.087891,0
27.2163,-218.496094,-4.512903,0.263672,0
27.2315,-218.496094,-4.512903,0.000000,0
27.2468,-218.320312,-4.509802,0.175781,0
27.2620,-218.144531,-4.506702,0.175781,0
27.2772,-217.968750,-4.503601,0.175781,0
27.2924,-217.880859,-4.502051,0.087891,0
27.3076,-217.705078,-4.498950,0.175781,0
27.3228,-217.617188,-4.497400,0.087891,0
27.3382,-217.441406,-4.494299,0.175781,0
27.3534,-217.353516,-4.492749,0.087891,0
27.3687,-217.265625,-4.491199,0.087891,0
27.3840,-217.089844,-4.488098,0.175781,0
27.3993,-216.914062,-4.484998,0.175781,0
27.4147,-216.738281,-4.481897,0.175781,0
27.4299,-216.650391,-4.480347,0.087891,0
27.4453,-216.386719,-4.475696,0.263672,0
27.4605,-216.298828,-4.474146,0.087891,0
27.4758,-216.035156,-4.469495,0.263672,0
27.4911,-215.859375,-4.466394,0.175781,0
27.5075,-215.683594,-4.463293,0.175781,0
27.5227,-215.595703,-4.461743,0.087891,0
27.5379,-215.507812,-4.460193,0.087891,0
27.5532,-215.332031,-4.457092,0.175781,0
27.5684,-215.244141,-4.455542,0.087891,0
27.5836,-215.068359,-4.452441,0.175781,0
27.5989,-214.980469,-4.450891,0.087891,0
27.6142,-214.804688,-4.447791,0.175781,0
27.6295,-214.628906,-4.444690,0.175781,0
27.6447,-214.453125,-4.441589,0.175781,0
27.6599,-214.365234,-4.440039,0.087891,0
27.6751,-214.189453,-4.436938,0.175781,0
27.6903,-214.101562,-4.435388,0.087891,0
27.7055,-214.013672,-4.433838,0.087891,0
27.7208,-213.925781,-4.432288,0.087891,0
27.7360,-213.750000,-4.429187,0.175781,0
27.7514,-213.574219,-4.426086,0.175781,0
27.7666,-213.398438,-4.422986,0.175781,0
27.7818,-213.222656,-4.419885,0.175781,0
27.7971,-213.134766,-4.418335,0.087891,0
27.8123,-212.958984,-4.415234,0.175781,0
27.8275,-212.783203,-4.412134,0.175781,0
27.8428,-212.519531,-4.407483,0.263672,0
27.8580,-212.431641,-4.405933,0.087891,0
27.8733,-212.343750,-4.404382,0.087891,0
27.8885,-212.167969,-4.401282,0.175781,0
27.9038,-212.080078,-4.399731,0.087891,0
27.9190,-211.904297,-4.396631,0.175781,0
27.9342,-211.816406,-4.395081,0.087891,0
27.9495,-211.640625,-4.391980,0.175781,0
27.9647,-211.552734,-4.390430,0.087891,0
27.9799,-211.376953,-4.387329,0.175781,0
27.9951,-211.201172,-4.384229,0.175781,0
28.0105,-211.025391,-4.381128,0.175781,0
28.0257,-210.937500,-4.379578,0.087891,0
28.0409,-210.849609,-4.378027,0.087891,0
28.0561,-210.673828,-4.374927,0.175781,0
28.0714,-210.585938,-4.373376,0.087891,0
28.0866,-210.410156,-4.370276,0.175781,0
28.1019,-210.322266,-4.368726,0.087891,0
28.1171,-210.146484,-4.365625,0.175781,0
28.1323,-210.058594,-4.364075,0.087891,0
28.1477,-209.794922,-4.359424,0.263672,0
28.1629,-209.794922,-4.359424,0.000000,0
28.1782,-209.531250,-4.354773,0.263672,0
28.1934,-209.355469,-4.351672,0.175781,0
28.2087,-209.179688,-4.348572,0.175781,0
28.2239,-209.003906,-4.345471,0.175781,0
28.2391,-209.003906,-4.345471,0.000000,0
28.2543,-208.740234,-4.340820,0.263672,0
28.2696,-208.652344,-4.339270,0.087891,0
28.2848,-208.476562,-4.336169,0.175781,0
28.3000,-208.388672,-4.334619,0.087891,0
28.3153,-208.212891,-4.331519,0.175781,0
28.3305,-208.125000,-4.329968,0.087891,0
28.3457,-207.861328,-4.325317,0.263672,0
28.3610,-207.773438,-4.323767,0.087891,0
28.3762,-207.685547,-4.322217,0.087891,0
28.3915,-207.509766,-4.319116,0.175781,0
28.4067,-207.421875,-4.317566,0.087891,0
28.4219,-207.333984,-4.316016,0.087891,0
28.4374,-207.246094,-4.314465,0.087891,0
28.4530,-206.982422,-4.309814,0.263672,0
28.4683,-206.894531,-4.308264,0.087891,0
28.4835,-206.630859,-4.303613,0.263672,0
28.4987,-206.542969,-4.302063,0.087891,0
28.5139,-206.367188,-4.298962,0.175781,0
28.5291,-206.279297,-4.297412,0.087891,0
28.5443,-206.015625,-4.292761,0.263672,0
28.5600,-205.927734,-4.291211,0.087891,0
28.5753,-205.751953,-4.288110,0.175781,0
28.5905,-205.664062,-4.286560,0.087891,0
28.6058,-205.488281,-4.283459,0.175781,0
28.6210,-205.312500,-4.280359,0.175781,0
28.6362,-205.224609,-4.278809,0.087891,0
28.6515,-204.960938,-4.274158,0.263672,0
28.6667,-204.873047,-4.272607,0.087891,0
28.6819,-204.785156,-4.271057,0.087891,0
28.6971,-204.609375,-4.267957,0.175781,0
28.7123,-204.433594,-4.264856,0.175781,0
28.7281,-204.345703,-4.263306,0.087891,0
28.7433,-204.257812,-4.261755,0.087891,0
28.7587,-204.082031,-4.258655,0.175781,0
28.7740,-204.082031,-4.258655,0.000000,0
28.7892,-203.906250,-4.255554,0.175781,0
28.8045,-203.730469,-4.252454,0.175781,0
28.8197,-203.554688,-4.249353,0.175781,0
28.8349,-203.466797,-4.247803,0.087891,0
28.8501,-203.203125,-4.243152,0.263672,0
28.8653,-203.115234,-4.241602,0.087891,0
28.8807,-202.939453,-4.238501,0.175781,0
28.8961,-202.763672,-4.235400,0.175781,0
28.9114,-202.500000,-4.230750,0.263672,0
28.9267,-202.412109,-4.229199,0.087891,0
28.9419,-202.324219,-4.227649,0.087891,0
28.9572,-202.148438,-4.224548,0.175781,0
28.9724,-202.060547,-4.222998,0.087891,0
28.9882,-201.884766,-4.219897,0.175781,0
29.0035,-201.796875,-4.218347,0.087891,0
29.0187,-201.621094,-4.215247,0.175781,0
29.0340,-201.533203,-4.213696,0.087891,0
29.0492,-201.269531,-4.209045,0.263672,0
29.0644,-201.181641,-4.207495,0.087891,0
29.0796,-201.005859,-4.204395,0.175781,0
29.0948,-200.917969,-4.202844,0.087891,0
29.1100,-200.830078,-4.201294,0.087891,0
29.1253,-200.742188,-4.199744,0.087891,0
29.1405,-200.566406,-4.196643,0.175781,0
29.1557,-200.390625,-4.193542,0.175781,0
29.1710,-200.302734,-4.191992,0.087891,0
29.1863,-200.039062,-4.187341,0.263672,0
29.2017,-199.951172,-4.185791,0.087891,0
29.2169,-199.775391,-4.182690,0.175781,0
29.2321,-199.687500,-4.181140,0.087891,0
29.2474,-199.423828,-4.176489,0.263672,0
29.2628,-199.248047,-4.173389,0.175781,0
29.2780,-199.160156,-4.171838,0.087891,0
29.2932,-199.072266,-4.170288,0.087891,0
29.3085,-198.984375,-4.168738,0.087891,0
29.3237,-198.720703,-4.164087,0.263672,0
29.3389,-198.632812,-4.162537,0.087891,0
29.3541,-198.369141,-4.157886,0.263672,0
29.3694,-198.281250,-4.156335,0.087891,0
29.3846,-198.105469,-4.153235,0.175781,0
29.3998,-197.929688,-4.150134,0.175781,0
29.4154,-197.841797,-4.148584,0.087891,0
29.4306,-197.753906,-4.147034,0.087891,0
29.4458,-197.578125,-4.143933,0.175781,0
29.4611,-197.490234,-4.142383,0.087891,0
29.4763,-197.402344,-4.140833,0.087891,0
29.4916,-197.226562,-4.137732,0.175781,0
29.5068,-197.138672,-4.136182,0.087891,0
29.5220,-196.875000,-4.131531,0.263672,0
29.5372,-196.787109,-4.129980,0.087891,0
29.5524,-196.611328,-4.126880,0.175781,0
29.5677,-196.523438,-4.125330,0.087891,0
29.5829,-196.259766,-4.120679,0.263672,0
29.5981,-196.083984,-4.117578,0.175781,0
29.6135,-195.908203,-4.114478,0.175781,0
29.6292,-195.820312,-4.112927,0.087891,0
29.6445,-195.732422,-4.111377,0.087891,0
29.6599,-195.556641,-4.108276,0.175781,0
29.6751,-195.468750,-4.106726,0.087891,0
29.6904,-195.292969,-4.103625,0.175781,0
29.7056,-195.205078,-4.102075,0.087891,0
29.7208,-194.941406,-4.097424,0.263672,0
29.7360,-194.853516,-4.095874,0.087891,0
29.7513,-194.677734,-4.092773,0.175781,0
29.7665,-194.589844,-4.091223,0.087891,0
29.7818,-194.414062,-4.088123,0.175781,0
29.7970,-194.326172,-4.086572,0.087891,0
29.8122,-194.238281,-4.085022,0.087891,0
29.8274,-194.062500,-4.081921,0.175781,0
29.8427,-193.974609,-4.080371,0.087891,0
29.8579,-193.710938,-4.075720,0.263672,0
29.8731,-193.623047,-4.074170,0.087891,0
29.8884,-193.447266,-4.071069,0.175781,0
29.9036,-193.359375,-4.069519,0.087891,0
29.9188,-193.095703,-4.064868,0.263672,0
29.9340,-193.007812,-4.063318,0.087891,0
29.9519,-192.744141,-4.058667,0.263672,0
29.9675,-192.656250,-4.057117,0.087891,0
29.9827,-192.480469,-4.054016,0.175781,0
29.9980,-192.392578,-4.052466,0.087891,0
30.0133,-192.216797,-4.049365,0.175781,0
30.0285,-192.128906,-4.047815,0.087891,0
30.0437,-191.953125,-4.044714,0.175781,0
30.0589,-191.777344,-4.041614,0.175781,0
30.0742,-191.777344,-4.041614,0.000000,0
30.0894,-191.513672,-4.036963,0.263672,0
30.1046,-191.425781,-4.035413,0.087891,0
30.1198,-191.250000,-4.032312,0.175781,0
30.1350,-191.162109,-4.030762,0.087891,0
30.1502,-190.986328,-4.027661,0.175781,0
30.1656,-190.898438,-4.026111,0.087891,0
30.1808,-190.722656,-4.023010,0.175781,0
30.1960,-190.634766,-4.021460,0.087891,0
30.2113,-190.371094,-4.016809,0.263672,0
30.2266,-190.283203,-4.015259,0.087891,0
30.2418,-190.107422,-4.012158,0.175781,0
30.2570,-189.931641,-4.009058,0.175781,0
30.2724,-189.843750,-4.007507,0.087891,0
30.2876,-189.580078,-4.002856,0.263672,0
30.3030,-189.404297,-3.999756,0.175781,0
30.3182,-189.316406,-3.998206,0.087891,0
30.3334,-189.228516,-3.996655,0.087891,0
30.3486,-188.964844,-3.992004,0.263672,0
30.3639,-188.876953,-3.990454,0.087891,0
30.3790,-188.701172,-3.987354,0.175781,0
30.3943,-188.613281,-3.985803,0.087891,0
30.4095,-188.525391,-3.984253,0.087891,0
30.4247,-188.261719,-3.979602,0.263672,0
30.4400,-188.173828,-3.978052,0.087891,0
30.4553,-187.998047,-3.974951,0.175781,0
30.4712,-187.910156,-3.973401,0.087891,0
30.4865,-187.734375,-3.970300,0.175781,0
30.5019,-187.734375,-3.970300,0.000000,0
30.5171,-187.470703,-3.965649,0.263672,0
30.5323,-187.382812,-3.964099,0.087891,0
30.5475,-187.207031,-3.960999,0.175781,0
30.5628,-187.031250,-3.957898,0.175781,0
30.5780,-186.855469,-3.954797,0.175781,0
30.5932,-186.767578,-3.953247,0.087891,0
30.6084,-186.679688,-3.951697,0.087891,0
30.6236,-186.416016,-3.947046,0.263672,0
30.6389,-186.240234,-3.943945,0.175781,0
30.6541,-186.064453,-3.940845,0.175781,0
30.6693,-185.976562,-3.939294,0.087891,0
30.6845,-185.800781,-3.936194,0.175781,0
30.6998,-185.625000,-3.933093,0.175781,0
30.7151,-185.449219,-3.929993,0.175781,0
30.7304,-185.361328,-3.928442,0.087891,0
30.7458,-185.185547,-3.925342,0.175781,0
30.7610,-185.097656,-3.923792,0.087891,0
30.7763,-184.921875,-3.920691,0.175781,0
30.7915,-184.746094,-3.917590,0.175781,0
30.8067,-184.658203,-3.916040,0.087891,0
30.8220,-184.482422,-3.912939,0.175781,0
30.8372,-184.394531,-3.911389,0.087891,0
30.8524,-184.306641,-3.909839,0.087891,0
30.8677,-184.218750,-3.908289,0.087891,0
30.8830,-183.955078,-3.903638,0.263672,0
30.8994,-183.867188,-3.902087,0.087891,0
30.9146,-183.691406,-3.898987,0.175781,0
30.9298,-183.603516,-3.897437,0.087891,0
30.9451,-183.339844,-3.892786,0.263672,0
30.9604,-183.251953,-3.891235,0.087891,0
30.9757,-182.988281,-3.886584,0.263672,0
30.9910,-182.900391,-3.885034,0.087891,0
31.0063,-182.724609,-3.881934,0.175781,0
31.0216,-182.636719,-3.880383,0.087891,0
31.0368,-182.460938,-3.877283,0.175781,0
31.0520,-182.285156,-3.874182,0.175781,0
31.0674,-182.197266,-3.872632,0.087891,0
31.0827,-181.933594,-3.867981,0.263672,0
31.0979,-181.845703,-3.866431,0.087891,0
31.1131,-181.757812,-3.864880,0.087891,0
31.1283,-181.582031,-3.861780,0.175781,0
31.1436,-181.406250,-3.858679,0.175781,0
31.1589,-181.318359,-3.857129,0.087891,0
31.1741,-181.230469,-3.855579,0.087891,0
31.1893,-181.054688,-3.852478,0.175781,0
31.2045,-181.054688,-3.852478,0.000000,0
31.2198,-180.791016,-3.847827,0.263672,0
31.2350,-180.703125,-3.846277,0.087891,0
31.2511,-180.439453,-3.841626,0.263672,0
31.2666,-180.439453,-3.841626,0.000000,0
31.2822,-180.175781,-3.836975,0.263672,0
31.2975,-180.087891,-3.835425,0.087891,0
31.3128,-179.912109,-3.832324,0.175781,0
31.3280,-179.736328,-3.829224,0.175781,0
31.3432,-179.472656,-3.824573,0.263672,0
31.3585,-179.384766,-3.823022,0.087891,0
31.3737,-179.384766,-3.823022,0.000000,0
31.3889,-179.121094,-3.818372,0.263672,0
31.4041,-179.033203,-3.816821,0.087891,0
31.4194,-178.769531,-3.812170,0.263672,0
31.4346,-178.681641,-3.810620,0.087891,0
31.4498,-178.505859,-3.807520,0.175781,0
31.4651,-178.417969,-3.805969,0.087891,0
31.4804,-178.242188,-3.802869,0.175781,0
31.4956,-178.154297,-3.801318,0.087891,0
31.5108,-177.978516,-3.798218,0.175781,0
31.5261,-177.890625,-3.796667,0.087891,0
31.5413,-177.714844,-3.793567,0.175781,0
31.5566,-177.626953,-3.792017,0.087891,0
31.5718,-177.539062,-3.790466,0.087891,0
31.5870,-177.363281,-3.787366,0.175781,0
31.6022,-177.187500,-3.784265,0.175781,0
31.6175,-177.011719,-3.781165,0.175781,0
31.6327,-176.923828,-3.779614,0.087891,0
31.6479,-176.748047,-3.776514,0.175781,0
31.6631,-176.660156,-3.774963,0.087891,0
31.6783,-176.308594,-3.768762,0.351562,0
31.6943,-176.220703,-3.767212,0.087891,0
31.7095,-175.957031,-3.762561,0.263672,0
31.7248,-175.957031,-3.762561,0.000000,0
31.7400,-175.781250,-3.759460,0.175781,0
31.7553,-175.605469,-3.756360,0.175781,0
31.7706,-175.429688,-3.753259,0.175781,0
31.7858,-175.253906,-3.750159,0.175781,0
31.8010,-175.166016,-3.748608,0.087891,0
31.8162,-174.990234,-3.745508,0.175781,0
31.8314,-174.902344,-3.743958,0.087891,0
31.8467,-174.638672,-3.739307,0.263672,0
31.8619,-174.550781,-3.737756,0.087891,0
31.8771,-174.375000,-3.734656,0.175781,0
31.8931,-174.287109,-3.733105,0.087891,0
31.9086,-174.199219,-3.731555,0.087891,0
31.9239,-174.111328,-3.730005,0.087891,0
31.9391,-174.023438,-3.728455,0.087891,0
31.9543,-173.759766,-3.723804,0.263672,0
31.9696,-173.671875,-3.722253,0.087891,0
31.9848,-173.496094,-3.719153,0.175781,0
32.0000,-173.320312,-3.716052,0.175781,0
32.0153,-173.144531,-3.712952,0.175781,0
32.0305,-172.968750,-3.709851,0.175781,0
32.0457,-172.705078,-3.705200,0.263672,0
32.0609,-172.617188,-3.703650,0.087891,0
32.0761,-172.441406,-3.700549,0.175781,0
32.0914,-172.353516,-3.698999,0.087891,0
32.1067,-172.265625,-3.697449,0.087891,0
32.1219,-172.001953,-3.692798,0.263672,0
32.1372,-171.914062,-3.691248,0.087891,0
32.1525,-171.738281,-3.688147,0.175781,0
32.1678,-171.650391,-3.686597,0.087891,0
32.1830,-171.386719,-3.681946,0.263672,0
32.1983,-171.298828,-3.680396,0.087891,0
32.2135,-171.123047,-3.677295,0.175781,0
32.2287,-171.035156,-3.675745,0.087891,0
32.2439,-170.947266,-3.674194,0.087891,0
32.2591,-170.771484,-3.671094,0.175781,0
32.2743,-170.683594,-3.669543,0.087891,0
32.2896,-170.507812,-3.666443,0.175781,0
32.3048,-170.419922,-3.664893,0.087891,0
32.3208,-170.244141,-3.661792,0.175781,0
32.3363,-170.156250,-3.660242,0.087891,0
32.3515,-169.892578,-3.655591,0.263672,0
32.3668,-169.804688,-3.654041,0.087891,0
32.3820,-169.541016,-3.649390,0.263672,0
32.3972,-169.453125,-3.647839,0.087891,0
32.4124,-169.277344,-3.644739,0.175781,0
32.4277,-169.189453,-3.643188,0.087891,0
32.4429,-168.925781,-3.638538,0.263672,0
32.4581,-168.837891,-3.636987,0.087891,0
32.4733,-168.750000,-3.635437,0.087891,0
32.4886,-168.574219,-3.632336,0.175781,0
32.5038,-168.398438,-3.629236,0.175781,0
32.5190,-168.222656,-3.626135,0.175781,0
32.5342,-168.134766,-3.624585,0.087891,0
32.5494,-167.958984,-3.621484,0.175781,0
32.5646,-167.871094,-3.619934,0.087891,0
32.5798,-167.695312,-3.616833,0.175781,0
32.5952,-167.519531,-3.613733,0.175781,0
32.6104,-167.431641,-3.612183,0.087891,0
32.6256,-167.343750,-3.610632,0.087891,0
32.6408,-167.255859,-3.609082,0.087891,0
32.6561,-166.992188,-3.604431,0.263672,0
32.6713,-166.904297,-3.602881,0.087891,0
32.6865,-166.728516,-3.599780,0.175781,0
32.7019,-166.640625,-3.598230,0.087891,0
32.7171,-166.376953,-3.593579,0.263672,0
32.7324,-166.289062,-3.592029,0.087891,0
32.7476,-166.025391,-3.587378,0.263672,0
32.7628,-165.937500,-3.585828,0.087891,0
32.7780,-165.761719,-3.582727,0.175781,0
32.7932,-165.585938,-3.579626,0.175781,0
32.8085,-165.585938,-3.579626,0.000000,0
32.8237,-165.322266,-3.574976,0.263672,0
32.8395,-165.234375,-3.573425,0.087891,0
32.8547,-165.058594,-3.570325,0.175781,0
32.8699,-164.882812,-3.567224,0.175781,0
32.8852,-164.707031,-3.564124,0.175781,0
32.9005,-164.619141,-3.562573,0.087891,0
32.9158,-164.355469,-3.557922,0.263672,0
32.9310,-164.355469,-3.557922,0.000000,0
32.9466,-164.179688,-3.554822,0.175781,0
32.9618,-164.003906,-3.551721,0.175781,0
32.9772,-163.916016,-3.550171,0.087891,0
32.9924,-163.828125,-3.548621,0.087891,0
33.0077,-163.740234,-3.547070,0.087891,0
33.0229,-163.476562,-3.542419,0.263672,0
33.0381,-163.388672,-3.540869,0.087891,0
33.0533,-163.125000,-3.536218,0.263672,0
33.0687,-163.037109,-3.534668,0.087891,0
33.0839,-162.861328,-3.531567,0.175781,0
33.0991,-162.685547,-3.528467,0.175781,0
33.1154,-162.509766,-3.525366,0.175781,0
33.1306,-162.333984,-3.522266,0.175781,0
33.1459,-162.158203,-3.519165,0.175781,0
33.1611,-162.070312,-3.517615,0.087891,0
33.1763,-161.894531,-3.514514,0.175781,0
33.1915,-161.718750,-3.511414,0.175781,0
33.2068,-161.630859,-3.509863,0.087891,0
33.2220,-161.367188,-3.505212,0.263672,0
33.2372,-161.367188,-3.505212,0.000000,0
33.2524,-161.103516,-3.500562,0.263672,0
33.2676,-161.015625,-3.499011,0.087891,0
33.2829,-160.751953,-3.494360,0.263672,0
33.2982,-160.664062,-3.492810,0.087891,0
33.3134,-160.576172,-3.491260,0.087891,0
33.3286,-160.488281,-3.489709,0.087891,0
33.3439,-160.400391,-3.488159,0.087891,0
33.3591,-160.224609,-3.485059,0.175781,0
33.3743,-160.136719,-3.483508,0.087891,0
33.3896,-159.960938,-3.480408,0.175781,0
33.4049,-159.785156,-3.477307,0.175781,0
33.4201,-159.609375,-3.474207,0.175781,0
33.4366,-159.521484,-3.472656,0.087891,0
33.4520,-159.345703,-3.469556,0.175781,0
33.4672,-159.257812,-3.468005,0.087891,0
33.4826,-158.994141,-3.463354,0.263672,0
33.4978,-158.818359,-3.460254,0.175781,0
33.5131,-158.642578,-3.457153,0.175781,0
33.5284,-158.554688,-3.455603,0.087891,0
33.5436,-158.378906,-3.452502,0.175781,0
33.5588,-158.203125,-3.449402,0.175781,0
33.5741,-158.115234,-3.447852,0.087891,0
33.5894,-157.939453,-3.444751,0.175781,0
33.6046,-157.851562,-3.443201,0.087891,0
33.6199,-157.675781,-3.440100,0.175781,0
33.6351,-157.587891,-3.438550,0.087891,0
33.6503,-157.412109,-3.435449,0.175781,0
33.6655,-157.236328,-3.432349,0.175781,0
33.6807,-157.060547,-3.429248,0.175781,0
33.6960,-156.972656,-3.427698,0.087891,0
33.7113,-156.884766,-3.426147,0.087891,0
33.7281,-156.796875,-3.424597,0.087891,0
33.7434,-156.533203,-3.419946,0.263672,0
33.7586,-156.533203,-3.419946,0.000000,0
33.7738,-156.269531,-3.415295,0.263672,0
33.7891,-156.181641,-3.413745,0.087891,0
33.8045,-156.093750,-3.412195,0.087891,0
33.8198,-155.917969,-3.409094,0.175781,0
33.8354,-155.830078,-3.407544,0.087891,0
33.8506,-155.566406,-3.402893,0.263672,0
33.8659,-155.478516,-3.401343,0.087891,0
33.8811,-155.126953,-3.395142,0.351562,0
33.8963,-155.039062,-3.393591,0.087891,0
33.9115,-154.863281,-3.390491,0.175781,0
33.9267,-154.775391,-3.388940,0.087891,0
33.9419,-154.511719,-3.384290,0.263672,0
33.9572,-154.423828,-3.382739,0.087891,0
33.9727,-154.335938,-3.381189,0.087891,0
33.9879,-154.072266,-3.376538,0.263672,0
34.0032,-153.984375,-3.374988,0.087891,0
34.0185,-153.808594,-3.371887,0.175781,0
34.0337,-153.720703,-3.370337,0.087891,0
34.0490,-153.544922,-3.367236,0.175781,0
34.0642,-153.457031,-3.365686,0.087891,0
34.0794,-153.281250,-3.362585,0.175781,0
34.0946,-153.193359,-3.361035,0.087891,0
34.1099,-153.017578,-3.357935,0.175781,0
34.1251,-152.929688,-3.356384,0.087891,0
34.1404,-152.841797,-3.354834,0.087891,0
34.1556,-152.578125,-3.350183,0.263672,0
34.1708,-152.490234,-3.348633,0.087891,0
34.1860,-152.314453,-3.345532,0.175781,0
34.2013,-152.226562,-3.343982,0.087891,0
34.2167,-151.962891,-3.339331,0.263672,0
34.2319,-151.875000,-3.337781,0.087891,0
34.2472,-151.611328,-3.333130,0.263672,0
34.2628,-151.435547,-3.330029,0.175781,0
34.2780,-151.347656,-3.328479,0.087891,0
34.2932,-151.171875,-3.325378,0.175781,0
34.3084,-150.996094,-3.322278,0.175781,0
34.3237,-150.820312,-3.319177,0.175781,0
34.3392,-150.820312,-3.319177,0.000000,0
34.3545,-150.556641,-3.314526,0.263672,0
34.3698,-150.468750,-3.312976,0.087891,0
34.3850,-150.292969,-3.309875,0.175781,0
34.4002,-150.117188,-3.306775,0.175781,0
34.4155,-149.941406,-3.303674,0.175781,0
34.4307,-149.853516,-3.302124,0.087891,0
34.4459,-149.677734,-3.299023,0.175781,0
34.4611,-149.501953,-3.295923,0.175781,0
34.4763,-149.414062,-3.294373,0.087891,0
34.4916,-149.326172,-3.292822,0.087891,0
34.5068,-149.238281,-3.291272,0.087891,0
34.5221,-149.062500,-3.288171,0.175781,0
34.5373,-148.886719,-3.285071,0.175781,0
34.5526,-148.710938,-3.281970,0.175781,0
34.5679,-148.623047,-3.280420,0.087891,0
34.5831,-148.359375,-3.275769,0.263672,0
34.5983,-148.271484,-3.274219,0.087891,0
34.6135,-148.007812,-3.269568,0.263672,0
34.6303,-147.832031,-3.266467,0.175781,0
34.6455,-147.656250,-3.263367,0.175781,0
34.6607,-147.568359,-3.261816,0.087891,0
34.6759,-147.392578,-3.258716,0.175781,0
34.6911,-147.304688,-3.257166,0.087891,0
34.7064,-147.128906,-3.254065,0.175781,0
34.7216,-146.953125,-3.250964,0.175781,0
34.7369,-146.865234,-3.249414,0.087891,0
34.7521,-146.601562,-3.244763,0.263672,0
34.7675,-146.513672,-3.243213,0.087891,0
34.7827,-146.337891,-3.240112,0.175781,0
34.7979,-146.250000,-3.238562,0.087891,0
34.8131,-145.986328,-3.233911,0.263672,0
34.8283,-145.898438,-3.232361,0.087891,0
34.8436,-145.722656,-3.229260,0.175781,0
34.8594,-145.722656,-3.229260,0.000000,0
34.8746,-145.546875,-3.226160,0.175781,0
34.8898,-145.458984,-3.224609,0.087891,0
34.9051,-145.371094,-3.223059,0.087891,0
34.9203,-145.195312,-3.219958,0.175781,0
34.9356,-145.107422,-3.218408,0.087891,0
34.9521,-144.843750,-3.213757,0.263672,0
34.9673,-144.755859,-3.212207,0.087891,0
34.9836,-144.580078,-3.209106,0.175781,0
34.9989,-144.492188,-3.207556,0.087891,0
35.0141,-144.140625,-3.201355,0.351562,0
35.0294,-144.052734,-3.199805,0.087891,0
35.0447,-143.789062,-3.195154,0.263672,0
35.0599,-143.789062,-3.195154,0.000000,0
35.0751,-143.525391,-3.190503,0.263672,0
35.0904,-143.437500,-3.188953,0.087891,0
35.1056,-143.261719,-3.185852,0.175781,0
35.1208,-143.173828,-3.184302,0.087891,0
35.1360,-143.085938,-3.182751,0.087891,0
35.1513,-142.822266,-3.178101,0.263672,0
35.1665,-142.734375,-3.176550,0.087891,0
35.1817,-142.558594,-3.173450,0.175781,0
35.1970,-142.382812,-3.170349,0.175781,0
35.2122,-142.207031,-3.167249,0.175781,0
35.2275,-142.119141,-3.165698,0.087891,0
35.2427,-141.943359,-3.162598,0.175781,0
35.2579,-141.943359,-3.162598,0.000000,0
35.2731,-141.679688,-3.157947,0.263672,0
35.2883,-141.679688,-3.157947,0.000000,0
35.3035,-141.591797,-3.156396,0.087891,0
35.3187,-141.328125,-3.151746,0.263672,0
35.3341,-141.240234,-3.150195,0.087891,0
35.3493,-141.064453,-3.147095,0.175781,0
35.3645,-140.976562,-3.145544,0.087891,0
35.3799,-140.800781,-3.142444,0.175781,0
35.3953,-140.712891,-3.140894,0.087891,0
35.4105,-140.449219,-3.136243,0.263672,0
35.4258,-140.273438,-3.133142,0.175781,0
35.4410,-140.097656,-3.130042,0.175781,0
35.4562,-140.097656,-3.130042,0.000000,0
35.4714,-139.921875,-3.126941,0.175781,0
35.4868,-139.746094,-3.123840,0.175781,0
35.5020,-139.658203,-3.122290,0.087891,0
35.5180,-139.482422,-3.119189,0.175781,0
35.5332,-139.306641,-3.116089,0.175781,0
35.5484,-139.130859,-3.112988,0.175781,0
35.5637,-139.042969,-3.111438,0.087891,0
35.5790,-138.867188,-3.108337,0.175781,0
35.5943,-138.691406,-3.105237,0.175781,0
35.6103,-138.515625,-3.102136,0.175781,0
35.6255,-138.427734,-3.100586,0.087891,0
35.6407,-138.251953,-3.097485,0.175781,0
35.6560,-138.251953,-3.097485,0.000000,0
35.6712,-138.076172,-3.094385,0.175781,0
35.6864,-137.988281,-3.092834,0.087891,0
35.7019,-137.900391,-3.091284,0.087891,0
35.7171,-137.636719,-3.086633,0.263672,0
35.7323,-137.460938,-3.083533,0.175781,0
35.7476,-137.373047,-3.081982,0.087891,0
35.7628,-137.285156,-3.080432,0.087891,0
35.7780,-137.021484,-3.075781,0.263672,0
35.7933,-136.933594,-3.074231,0.087891,0
35.8085,-136.669922,-3.069580,0.263672,0
35.8237,-136.582031,-3.068030,0.087891,0
35.8389,-136.318359,-3.063379,0.263672,0
35.8542,-136.318359,-3.063379,0.000000,0
35.8694,-136.142578,-3.060278,0.175781,0
35.8846,-135.966797,-3.057178,0.175781,0
35.8998,-135.878906,-3.055627,0.087891,0
35.9151,-135.703125,-3.052527,0.175781,0
35.9303,-135.527344,-3.049426,0.175781,0
35.9455,-135.351562,-3.046326,0.175781,0
35.9609,-135.263672,-3.044775,0.087891,0
35.9761,-135.087891,-3.041675,0.175781,0
35.9913,-134.912109,-3.038574,0.175781,0
36.0066,-134.736328,-3.035474,0.175781,0
36.0218,-134.648438,-3.033923,0.087891,0
36.0371,-134.560547,-3.032373,0.087891,0
36.0524,-134.472656,-3.030823,0.087891,0
36.0685,-134.296875,-3.027722,0.175781,0
36.0837,-134.208984,-3.026172,0.087891,0
36.0989,-134.121094,-3.024622,0.087891,0
36.1141,-133.857422,-3.019971,0.263672,0
36.1293,-133.769531,-3.018420,0.087891,0
36.1455,-133.505859,-3.013770,0.263672,0
36.1610,-133.505859,-3.013770,0.000000,0
36.1764,-133.242188,-3.009119,0.263672,0
36.1916,-133.154297,-3.007568,0.087891,0
36.2068,-132.890625,-3.002917,0.263672,0
36.2220,-132.802734,-3.001367,0.087891,0
36.2372,-132.539062,-2.996716,0.263672,0
36.2526,-132.539062,-2.996716,0.000000,0
36.2678,-132.363281,-2.993616,0.175781,0
36.2830,-132.187500,-2.990515,0.175781,0
36.2983,-132.099609,-2.988965,0.087891,0
36.3135,-131.923828,-2.985864,0.175781,0
36.3288,-131.748047,-2.982764,0.175781,0
36.3440,-131.572266,-2.979663,0.175781,0
36.3593,-131.484375,-2.978113,0.087891,0
36.3745,-131.308594,-2.975012,0.175781,0
36.3898,-131.132812,-2.971912,0.175781,0
36.4050,-130.957031,-2.968811,0.175781,0
36.4202,-130.869141,-2.967261,0.087891,0
36.4354,-130.781250,-2.965710,0.087891,0
36.4507,-130.693359,-2.964160,0.087891,0
36.4659,-130.517578,-2.961060,0.175781,0
36.4811,-130.341797,-2.957959,0.175781,0
36.4963,-130.253906,-2.956409,0.087891,0
36.5115,-130.078125,-2.953308,0.175781,0
36.5268,-129.902344,-2.950208,0.175781,0
36.5420,-129.726562,-2.947107,0.175781,0
36.5572,-129.638672,-2.945557,0.087891,0
36.5725,-129.462891,-2.942456,0.175781,0
36.5877,-129.375000,-2.940906,0.087891,0
36.6029,-129.199219,-2.937805,0.175781,0
36.6181,-128.935547,-2.933154,0.263672,0
36.6333,-128.847656,-2.931604,0.087891,0
36.6486,-128.671875,-2.928503,0.175781,0
36.6638,-128.583984,-2.926953,0.087891,0
36.6790,-128.320312,-2.922302,0.263672,0
36.6942,-128.232422,-2.920752,0.087891,0
36.7094,-128.056641,-2.917651,0.175781,0
36.7247,-127.968750,-2.916101,0.087891,0
36.7399,-127.705078,-2.911450,0.263672,0
36.7551,-127.617188,-2.909900,0.087891,0
36.7703,-127.617188,-2.909900,0.000000,0
36.7855,-127.353516,-2.905249,0.263672,0
36.8008,-127.177734,-2.902148,0.175781,0
36.8160,-127.089844,-2.900598,0.087891,0
36.8312,-127.001953,-2.899048,0.087891,0
36.8464,-126.826172,-2.895947,0.175781,0
36.8617,-126.738281,-2.894397,0.087891,0
36.8772,-126.562500,-2.891296,0.175781,0
36.8930,-126.562500,-2.891296,0.000000,0
36.9083,-126.298828,-2.886646,0.263672,0
36.9235,-126.123047,-2.883545,0.175781,0
36.9387,-126.035156,-2.881995,0.087891,0
36.9540,-125.947266,-2.880444,0.087891,0
36.9692,-125.771484,-2.877344,0.175781,0
36.9845,-125.595703,-2.874243,0.175781,0
36.9997,-125.419922,-2.871143,0.175781,0
37.0149,-125.244141,-2.868042,0.175781,0
37.0301,-125.068359,-2.864941,0.175781,0
37.0453,-124.892578,-2.861841,0.175781,0
37.0606,-124.804688,-2.860291,0.087891,0
37.0758,-124.628906,-2.857190,0.175781,0
37.0910,-124.541016,-2.855640,0.087891,0
37.1063,-124.365234,-2.852539,0.175781,0
37.1216,-124.189453,-2.849438,0.175781,0
37.1368,-124.101562,-2.847888,0.087891,0
37.1520,-123.925781,-2.844788,0.175781,0
37.1673,-123.837891,-2.843237,0.087891,0
37.1826,-123.574219,-2.838586,0.263672,0
37.1978,-123.486328,-2.837036,0.087891,0
37.2132,-123.310547,-2.833936,0.175781,0
37.2285,-123.222656,-2.832385,0.087891,0
37.2437,-123.046875,-2.829285,0.175781,0
37.2592,-122.958984,-2.827734,0.087891,0
37.2744,-122.783203,-2.824634,0.175781,0
37.2896,-122.695312,-2.823083,0.087891,0
37.3049,-122.607422,-2.821533,0.087891,0
37.3201,-122.431641,-2.818433,0.175781,0
37.3353,-122.255859,-2.815332,0.175781,0
37.3506,-122.080078,-2.812231,0.175781,0
37.3658,-121.992188,-2.810681,0.087891,0
37.3810,-121.728516,-2.806030,0.263672,0
37.3962,-121.640625,-2.804480,0.087891,0
37.4119,-121.376953,-2.799829,0.263672,0
37.4272,-121.201172,-2.796729,0.175781,0
37.4426,-121.113281,-2.795178,0.087891,0
37.4579,-120.937500,-2.792078,0.175781,0
37.4731,-120.849609,-2.790527,0.087891,0
37.4883,-120.673828,-2.787427,0.175781,0
37.5035,-120.585938,-2.785876,0.087891,0
37.5187,-120.322266,-2.781226,0.263672,0
37.5340,-120.322266,-2.781226,0.000000,0
37.5492,-120.058594,-2.776575,0.263672,0
37.5644,-119.970703,-2.775024,0.087891,0
37.5797,-119.794922,-2.771924,0.175781,0
37.5952,-119.707031,-2.770374,0.087891,0
37.6107,-119.443359,-2.765723,0.263672,0
37.6259,-119.355469,-2.764172,0.087891,0
37.6411,-119.179688,-2.761072,0.175781,0
37.6565,-119.179688,-2.761072,0.000000,0
37.6718,-119.091797,-2.759521,0.087891,0
37.6870,-118.828125,-2.754871,0.263672,0
37.7022,-118.740234,-2.753320,0.087891,0
37.7174,-118.564453,-2.750220,0.175781,0
37.7327,-118.388672,-2.747119,0.175781,0
37.7479,-118.212891,-2.744019,0.175781,0
37.7633,-118.212891,-2.744019,0.000000,0
37.7785,-117.949219,-2.739368,0.263672,0
37.7937,-117.861328,-2.737817,0.087891,0
37.8096,-117.597656,-2.733167,0.263672,0
37.8249,-117.509766,-2.731616,0.087891,0
37.8411,-117.246094,-2.726965,0.263672,0
37.8571,-117.246094,-2.726965,0.000000,0
37.8724,-116.982422,-2.722314,0.263672,0
37.8876,-116.894531,-2.720764,0.087891,0
37.9029,-116.806641,-2.717664,0.087891,0
37.9181,-116.630859,-2.716113,0.175781,0
37.9333,-116.542969,-2.714563,0.087891,0
37.9490,-116.279297,-2.709912,0.263672,0
37.9646,-116.191406,-2.708362,0.087891,0
37.9799,-116.015625,-2.705261,0.175781,0
37.9952,-115.927734,-2.703711,0.087891,0
38.0104,-115.751953,-2.700610,0.175781,0
38.0257,-115.576172,-2.697510,0.175781,0
38.0409,-115.400391,-2.694409,0.175781,0
38.0562,-115.400391,-2.694409,0.000000,0
38.0714,-115.224609,-2.691309,0.175781,0
38.0867,-115.136719,-2.689758,0.087891,0
38.1020,-114.960938,-2.686658,0.175781,0
38.1172,-114.873047,-2.685107,0.087891,0
38.1326,-114.697266,-2.682007,0.175781,0
38.1478,-114.521484,-2.678906,0.175781,0
38.1630,-114.433594,-2.677356,0.087891,0
38.1783,-114.257812,-2.674255,0.175781,0
38.1935,-114.082031,-2.671155,0.175781,0
38.2087,-113.906250,-2.668054,0.175781,0
38.2239,-113.730469,-2.664954,0.175781,0
38.2391,-113.466797,-2.660303,0.263672,0
38.2543,-113.378906,-2.658752,0.087891,0
38.2697,-113.203125,-2.655652,0.175781,0
38.2849,-113.115234,-2.654102,0.087891,0
38.3002,-113.027344,-2.652551,0.087891,0
38.3154,-112.851562,-2.649451,0.175781,0
38.3306,-112.763672,-2.647900,0.087891,0
38.3459,-112.587891,-2.644800,0.175781,0
38.3611,-112.412109,-2.641699,0.175781,0
38.3764,-112.236328,-2.638599,0.175781,0
38.3916,-112.148438,-2.637048,0.087891,0
38.4069,-111.972656,-2.633948,0.175781,0
38.4221,-111.796875,-2.630847,0.175781,0
38.4374,-111.621094,-2.627747,0.175781,0
38.4526,-111.621094,-2.627747,0.000000,0
38.4687,-111.533203,-2.626196,0.087891,0
38.4839,-111.357422,-2.623096,0.175781,0
38.4991,-111.269531,-2.621545,0.087891,0
38.5143,-111.093750,-2.618445,0.175781,0
38.5295,-110.917969,-2.615344,0.175781,0
38.5447,-110.742188,-2.612244,0.175781,0
38.5599,-110.654297,-2.610693,0.087891,0
38.5754,-110.478516,-2.607593,0.175781,0
38.5907,-110.302734,-2.604492,0.175781,0
38.6060,-110.126953,-2.601392,0.175781,0
38.6213,-110.126953,-2.601392,0.000000,0
38.6365,-109.775391,-2.595190,0.351562,0
38.6519,-109.599609,-2.592090,0.175781,0
38.6671,-109.511719,-2.590540,0.087891,0
38.6823,-109.423828,-2.588989,0.087891,0
38.6975,-109.335938,-2.587439,0.087891,0
38.7127,-109.072266,-2.582788,0.263672,0
38.7280,-108.984375,-2.581238,0.087891,0
38.7432,-108.808594,-2.578137,0.175781,0
38.7585,-108.720703,-2.576587,0.087891,0
38.7738,-108.457031,-2.571936,0.263672,0
38.7892,-108.457031,-2.571936,0.000000,0
38.8044,-108.193359,-2.567285,0.263672,0
38.8196,-108.017578,-2.564185,0.175781,0
38.8348,-107.929688,-2.562634,0.087891,0
38.8501,-107.841797,-2.561084,0.087891,0
38.8653,-107.753906,-2.559534,0.087891,0
38.8805,-107.578125,-2.556433,0.175781,0
38.8957,-107.490234,-2.554883,0.087891,0
38.9110,-107.314453,-2.551782,0.175781,0
38.9262,-107.226562,-2.550232,0.087891,0
38.9414,-106.962891,-2.545581,0.263672,0
38.9566,-106.875000,-2.544031,0.087891,0
38.9719,-106.699219,-2.540930,0.175781,0
38.9873,-106.611328,-2.539380,0.087891,0
39.0025,-106.523438,-2.537830,0.087891,0
39.0177,-106.347656,-2.534729,0.175781,0
39.0329,-106.259766,-2.533179,0.087891,0
39.0481,-105.908203,-2.526978,0.351562,0
39.0634,-105.732422,-2.523877,0.175781,0
39.0787,-105.644531,-2.522327,0.087891,0
39.0939,-105.556641,-2.520776,0.087891,0
39.1091,-105.380859,-2.517676,0.175781,0
39.1244,-105.292969,-2.516125,0.087891,0
39.1396,-105.117188,-2.513025,0.175781,0
39.1548,-105.029297,-2.511475,0.087891,0
39.1701,-104.853516,-2.508374,0.175781,0
39.1860,-104.677734,-2.505273,0.175781,0
39.2013,-104.589844,-2.503723,0.087891,0
39.2165,-104.414062,-2.500623,0.175781,0
39.2317,-104.238281,-2.497522,0.175781,0
39.2470,-104.150391,-2.495972,0.087891,0
39.2623,-104.062500,-2.494421,0.087891,0
39.2775,-103.798828,-2.489771,0.263672,0
39.2928,-103.798828,-2.489771,0.000000,0
39.3080,-103.623047,-2.486670,0.175781,0
39.3233,-103.535156,-2.485120,0.087891,0
39.3385,-103.447266,-2.483569,0.087891,0
39.3537,-103.183594,-2.478918,0.263672,0
39.3689,-103.095703,-2.477368,0.087891,0
39.3842,-102.919922,-2.474268,0.175781,0
39.3994,-102.832031,-2.472717,0.087891,0
39.4146,-102.568359,-2.468066,0.263672,0
39.4298,-102.480469,-2.466516,0.087891,0
39.4450,-102.304688,-2.463416,0.175781,0
39.4602,-102.128906,-2.460315,0.175781,0
39.4755,-101.865234,-2.455664,0.263672,0
39.4907,-101.865234,-2.455664,0.000000,0
39.5059,-101.777344,-2.454114,0.087891,0
39.5211,-101.513672,-2.449463,0.263672,0
39.5364,-101.425781,-2.447913,0.087891,0
39.5516,-101.250000,-2.444812,0.175781,0
39.5668,-101.162109,-2.443262,0.087891,0
39.5820,-100.898438,-2.438611,0.263672,0
39.5972,-100.810547,-2.437061,0.087891,0
39.6125,-100.634766,-2.433960,0.175781,0
39.6277,-100.546875,-2.432410,0.087891,0
39.6429,-100.371094,-2.429309,0.175781,0
39.6581,-100.195312,-2.426208,0.175781,0
39.6734,-100.107422,-2.424658,0.087891,0
39.6886,-99.931641,-2.421558,0.175781,0
39.7038,-99.931641,-2.421558,0.000000,0
39.7191,-99.755859,-2.418457,0.175781,0
39.7343,-99.667969,-2.416907,0.087891,0
39.7495,-99.404297,-2.412256,0.263672,0
39.7647,-99.316406,-2.410706,0.087891,0
39.7799,-99.052734,-2.406055,0.263672,0
39.7951,-98.964844,-2.404504,0.087891,0
39.8103,-98.789062,-2.401404,0.175781,0
39.8256,-98.701172,-2.399854,0.087891,0
39.8408,-98.613281,-2.398303,0.087891,0
39.8560,-98.261719,-2.392102,0.351562,0
39.8713,-98.085938,-2.389001,0.175781,0
39.8868,-97.998047,-2.387451,0.087891,0
39.9025,-97.910156,-2.385901,0.087891,0
39.9177,-97.734375,-2.382800,0.175781,0
39.9329,-97.558594,-2.379700,0.175781,0
39.9481,-97.470703,-2.378149,0.087891,0
39.9634,-97.294922,-2.375049,0.175781,0
39.9787,-97.119141,-2.371948,0.175781,0
39.9939,-97.031250,-2.370398,0.087891,0
40.0092,-96.943359,-2.368848,0.087891,0
40.0245,-96.767578,-2.365747,0.175781,0
40.0397,-96.591797,-2.362646,0.175781,0
40.0549,-96.416016,-2.359546,0.175781,0
40.0701,-96.328125,-2.357996,0.087891,0
40.0854,-96.152344,-2.354895,0.175781,0
40.1007,-96.064453,-2.353345,0.087891,0
40.1159,-95.976562,-2.351794,0.087891,0
40.1311,-95.888672,-2.350244,0.087891,0
40.1463,-95.625000,-2.345593,0.263672,0
40.1615,-95.537109,-2.344043,0.087891,0
40.1771,-95.361328,-2.340942,0.175781,0
40.1924,-95.273438,-2.339392,0.087891,0
40.2076,-95.097656,-2.336292,0.175781,0
40.2237,-94.921875,-2.333191,0.175781,0
40.2389,-94.833984,-2.331641,0.087891,0
40.2541,-94.658203,-2.328540,0.175781,0
40.2693,-94.482422,-2.325439,0.175781,0
40.2845,-94.218750,-2.320789,0.263672,0
40.2999,-94.130859,-2.319238,0.087891,0
40.3151,-93.955078,-2.316138,0.175781,0
40.3303,-93.867188,-2.314587,0.087891,0
40.3455,-93.691406,-2.311487,0.175781,0
40.3608,-93.603516,-2.309937,0.087891,0
40.3761,-93.515625,-2.308386,0.087891,0
40.3918,-93.251953,-2.303735,0.263672,0
40.4070,-93.164062,-2.302185,0.087891,0
40.4222,-92.988281,-2.299084,0.175781,0
40.4375,-92.900391,-2.297534,0.087891,0
40.4528,-92.636719,-2.292883,0.263672,0
40.4680,-92.548828,-2.291333,0.087891,0
40.4833,-92.373047,-2.288232,0.175781,0
40.4986,-92.285156,-2.286682,0.087891,0
40.5138,-92.197266,-2.285132,0.087891,0
40.5290,-92.109375,-2.283582,0.087891,0
40.5442,-91.845703,-2.278931,0.263672,0
40.5594,-91.757812,-2.277380,0.087891,0
40.5746,-91.669922,-2.275830,0.087891,0
40.5899,-91.494141,-2.272729,0.175781,0
40.6051,-91.406250,-2.271179,0.087891,0
40.6203,-91.142578,-2.266528,0.263672,0
40.6355,-91.054688,-2.264978,0.087891,0
40.6508,-90.878906,-2.261877,0.175781,0
40.6660,-90.791016,-2.260327,0.087891,0
40.6812,-90.527344,-2.255676,0.263672,0
40.6964,-90.351562,-2.252576,0.175781,0
40.7116,-90.263672,-2.251025,0.087891,0
40.7270,-90.175781,-2.249475,0.087891,0
40.7422,-90.000000,-2.246375,0.175781,0
40.7574,-89.824219,-2.243274,0.175781,0
40.7726,-89.736328,-2.241724,0.087891,0
40.7880,-89.560547,-2.238623,0.175781,0
40.8033,-89.384766,-2.235522,0.175781,0
40.8185,-89.208984,-2.232422,0.175781,0
40.8338,-89.121094,-2.230872,0.087891,0
40.8490,-88.945312,-2.227771,0.175781,0
40.8642,-88.769531,-2.224670,0.175781,0
40.8794,-88.593750,-2.221570,0.175781,0
40.8947,-88.505859,-2.220020,0.087891,0
40.9100,-88.505859,-2.220020,0.000000,0
40.9257,-88.330078,-2.216919,0.175781,0
40.9410,-88.242188,-2.215369,0.087891,0
40.9562,-88.066406,-2.212268,0.175781,0
40.9715,-87.978516,-2.210718,0.087891,0
40.9868,-87.714844,-2.206067,0.263672,0
41.0020,-87.626953,-2.204517,0.087891,0
41.0172,-87.451172,-2.201416,0.175781,0
41.0324,-87.363281,-2.199866,0.087891,0
41.0477,-87.099609,-2.195215,0.263672,0
41.0629,-87.011719,-2.193665,0.087891,0
41.0781,-86.923828,-2.192114,0.087891,0
41.0933,-86.660156,-2.187463,0.263672,0
41.1085,-86.572266,-2.185913,0.087891,0
41.1238,-86.396484,-2.182813,0.175781,0
41.1390,-86.308594,-2.181262,0.087891,0
41.1542,-86.132812,-2.178162,0.175781,0
41.1694,-86.044922,-2.176611,0.087891,0
41.1846,-85.869141,-2.173511,0.175781,0
41.2004,-85.781250,-2.171960,0.087891,0
41.2158,-85.517578,-2.167310,0.263672,0
41.2310,-85.429688,-2.165759,0.087891,0
41.2462,-85.253906,-2.162659,0.175781,0
41.2616,-85.166016,-2.161108,0.087891,0
41.2768,-84.990234,-2.158008,0.175781,0
41.2920,-84.902344,-2.156458,0.087891,0
41.3073,-84.814453,-2.154907,0.087891,0
41.3225,-84.638672,-2.151807,0.175781,0
41.3377,-84.550781,-2.150256,0.087891,0
41.3532,-84.375000,-2.147156,0.175781,0
41.3684,-84.287109,-2.145605,0.087891,0
41.3837,-84.111328,-2.142505,0.175781,0
41.3990,-83.935547,-2.139404,0.175781,0
41.4142,-83.759766,-2.136304,0.175781,0
41.4294,-83.671875,-2.134753,0.087891,0
41.4446,-83.671875,-2.134753,0.000000,0
41.4598,-83.408203,-2.130103,0.263672,0
41.4750,-83.232422,-2.127002,0.175781,0
41.4903,-83.056641,-2.123901,0.175781,0
41.5055,-82.968750,-2.122351,0.087891,0
41.5207,-82.792969,-2.119250,0.175781,0
41.5360,-82.617188,-2.116150,0.175781,0
41.5512,-82.441406,-2.113049,0.175781,0
41.5665,-82.353516,-2.111499,0.087891,0
41.5817,-82.177734,-2.108398,0.175781,0
41.5969,-82.089844,-2.106848,0.087891,0
41.6121,-81.914062,-2.103748,0.175781,0
41.6274,-81.738281,-2.100647,0.175781,0
41.6426,-81.562500,-2.097546,0.175781,0
41.6578,-81.386719,-2.094446,0.175781,0
41.6735,-81.298828,-2.092896,0.087891,0
41.6888,-81.210938,-2.091345,0.087891,0
41.7042,-81.035156,-2.088245,0.175781,0
41.7194,-80.859375,-2.085144,0.175781,0
41.7347,-80.859375,-2.085144,0.000000,0
41.7499,-80.683594,-2.082043,0.175781,0
41.7651,-80.507812,-2.078943,0.175781,0
41.7803,-80.419922,-2.077393,0.087891,0
41.7955,-80.244141,-2.074292,0.175781,0
41.8108,-80.156250,-2.072742,0.087891,0
41.8260,-79.980469,-2.069641,0.175781,0
41.8412,-79.892578,-2.068091,0.087891,0
41.8564,-79.628906,-2.063440,0.263672,0
41.8717,-79.541016,-2.061890,0.087891,0
41.8869,-79.277344,-2.057239,0.263672,0
41.9021,-79.189453,-2.055688,0.087891,0
41.9173,-79.013672,-2.052588,0.175781,0
41.9325,-78.925781,-2.051038,0.087891,0
41.9478,-78.837891,-2.049487,0.087891,0
41.9630,-78.662109,-2.046387,0.175781,0
41.9783,-78.574219,-2.044836,0.087891,0
41.9936,-78.398438,-2.041736,0.175781,0
42.0088,-78.222656,-2.038635,0.175781,0
42.0240,-78.046875,-2.035535,0.175781,0
42.0393,-77.958984,-2.033984,0.087891,0
42.0545,-77.783203,-2.030884,0.175781,0
42.0697,-77.695312,-2.029333,0.087891,0
42.0850,-77.519531,-2.026233,0.175781,0
42.1002,-77.431641,-2.024683,0.087891,0
42.1154,-77.343750,-2.023132,0.087891,0
42.1306,-77.167969,-2.020032,0.175781,0
42.1458,-77.080078,-2.018481,0.087891,0
42.1611,-76.904297,-2.015381,0.175781,0
42.1763,-76.816406,-2.013831,0.087891,0
42.1915,-76.552734,-2.009180,0.263672,0
42.2068,-76.464844,-2.007629,0.087891,0
42.2220,-76.289062,-2.004529,0.175781,0
42.2372,-76.201172,-2.002979,0.087891,0
42.2524,-75.937500,-1.998328,0.263672,0
42.2676,-75.849609,-1.996777,0.087891,0
42.2828,-75.673828,-1.993677,0.175781,0
42.2980,-75.585938,-1.992126,0.087891,0
42.3133,-75.498047,-1.990576,0.087891,0
42.3286,-75.322266,-1.987476,0.175781,0
42.3439,-75.234375,-1.985925,0.087891,0
42.3591,-75.058594,-1.982825,0.175781,0
42.3747,-74.970703,-1.981274,0.087891,0
42.3899,-74.707031,-1.976624,0.263672,0
42.4052,-74.619141,-1.975073,0.087891,0
42.4204,-74.443359,-1.971973,0.175781,0
42.4357,-74.355469,-1.970422,0.087891,0
42.4509,-74.267578,-1.968872,0.087891,0
42.4661,-74.091797,-1.965771,0.175781,0
42.4814,-73.916016,-1.962671,0.175781,0
42.4966,-73.828125,-1.961121,0.087891,0
42.5120,-73.740234,-1.959570,0.087891,0
42.5277,-73.564453,-1.956470,0.175781,0
42.5429,-73.476562,-1.954919,0.087891,0
42.5581,-73.212891,-1.950269,0.263672,0
42.5734,-73.125000,-1.948718,0.087891,0
42.5886,-72.949219,-1.945618,0.175781,0
42.6038,-72.861328,-1.944067,0.087891,0
42.6190,-72.685547,-1.940967,0.175781,0
42.6342,-72.597656,-1.939417,0.087891,0
42.6496,-72.421875,-1.936316,0.175781,0
42.6648,-72.158203,-1.931665,0.263672,0
42.6800,-72.070312,-1.930115,0.087891,0
42.6956,-71.894531,-1.927014,0.175781,0
42.7109,-71.806641,-1.925464,0.087891,0
42.7263,-71.630859,-1.922363,0.175781,0
42.7416,-71.542969,-1.920813,0.087891,0
42.7568,-71.279297,-1.916162,0.263672,0
42.7720,-71.191406,-1.914612,0.087891,0
42.7873,-71.015625,-1.911511,0.175781,0
42.8025,-70.927734,-1.909961,0.087891,0
42.8177,-70.839844,-1.908411,0.087891,0
42.8329,-70.576172,-1.903760,0.263672,0
42.8481,-70.576172,-1.903760,0.000000,0
42.8634,-70.400391,-1.900659,0.175781,0
42.8786,-70.312500,-1.899109,0.087891,0
42.8938,-70.048828,-1.894458,0.263672,0
42.9090,-69.960938,-1.892908,0.087891,0
42.9242,-69.785156,-1.889807,0.175781,0
42.9394,-69.697266,-1.888257,0.087891,0
42.9546,-69.433594,-1.883606,0.263672,0
42.9699,-69.345703,-1.882056,0.087891,0
42.9851,-69.257812,-1.880505,0.087891,0
43.0003,-69.082031,-1.877405,0.175781,0
43.0155,-68.994141,-1.875854,0.087891,0
43.0307,-68.730469,-1.871204,0.263672,0
43.0460,-68.554688,-1.868103,0.175781,0
43.0613,-68.466797,-1.866553,0.087891,0
43.0766,-68.378906,-1.865002,0.087891,0
43.0919,-68.203125,-1.861902,0.175781,0
43.1071,-68.115234,-1.860352,0.087891,0
43.1223,-67.851562,-1.855701,0.263672,0
43.1381,-67.763672,-1.854150,0.087891,0
43.1536,-67.587891,-1.851050,0.175781,0
43.1702,-67.500000,-1.849500,0.087891,0
43.1854,-67.324219,-1.846399,0.175781,0
43.2006,-67.236328,-1.844849,0.087891,0
43.2159,-67.060547,-1.841748,0.175781,0
43.2311,-66.884766,-1.838647,0.175781,0
43.2463,-66.796875,-1.837097,0.087891,0
43.2615,-66.708984,-1.835547,0.087891,0
43.2767,-66.621094,-1.833997,0.087891,0
43.2920,-66.445312,-1.830896,0.175781,0
43.3073,-66.357422,-1.829346,0.087891,0
43.3227,-66.093750,-1.824695,0.263672,0
43.3382,-66.005859,-1.823145,0.087891,0
43.3534,-65.830078,-1.820044,0.175781,0
43.3686,-65.742188,-1.818494,0.087891,0
43.3838,-65.654297,-1.816943,0.087891,0
43.3991,-65.302734,-1.810742,0.351562,0
43.4143,-65.214844,-1.809192,0.087891,0
43.4297,-65.039062,-1.806091,0.175781,0
43.4449,-64.951172,-1.804541,0.087891,0
43.4601,-64.775391,-1.801440,0.175781,0
43.4754,-64.687500,-1.799890,0.087891,0
43.4906,-64.511719,-1.796790,0.175781,0
43.5058,-64.335938,-1.793689,0.175781,0
43.5210,-64.160156,-1.790588,0.175781,0
43.5363,-64.072266,-1.789038,0.087891,0
43.5516,-63.984375,-1.787488,0.087891,0
43.5668,-63.808594,-1.784387,0.175781,0
43.5821,-63.720703,-1.782837,0.087891,0
43.5974,-63.544922,-1.779736,0.175781,0
43.6127,-63.369141,-1.776636,0.175781,0
43.6279,-63.281250,-1.775085,0.087891,0
43.6431,-63.193359,-1.773535,0.087891,0
43.6586,-63.017578,-1.770435,0.175781,0
43.6738,-62.929688,-1.768884,0.087891,0
43.6891,-62.666016,-1.764233,0.263672,0
43.7044,-62.578125,-1.762683,0.087891,0
43.7196,-62.402344,-1.759583,0.175781,0
43.7349,-62.314453,-1.758032,0.087891,0
43.7501,-62.138672,-1.754932,0.175781,0
43.7653,-61.875000,-1.750281,0.263672,0
43.7806,-61.699219,-1.747180,0.175781,0
43.7958,-61.523438,-1.744080,0.175781,0
43.8110,-61.435547,-1.742529,0.087891,0
43.8263,-61.259766,-1.739429,0.175781,0
43.8415,-61.171875,-1.737878,0.087891,0
43.8567,-60.996094,-1.734778,0.175781,0
43.8720,-60.908203,-1.733228,0.087891,0
43.8874,-60.732422,-1.730127,0.175781,0
43.9026,-60.556641,-1.727026,0.175781,0
43.9178,-60.468750,-1.725476,0.087891,0
43.9331,-60.292969,-1.722375,0.175781,0
43.9483,-60.205078,-1.720825,0.087891,0
43.9635,-60.029297,-1.717725,0.175781,0
43.9787,-59.941406,-1.716174,0.087891,0
43.9939,-59.765625,-1.713074,0.175781,0
44.0091,-59.677734,-1.711523,0.087891,0
44.0244,-59.501953,-1.708423,0.175781,0
44.0396,-59.414062,-1.706873,0.087891,0
44.0548,-59.238281,-1.703772,0.175781,0
44.0705,-59.062500,-1.700671,0.175781,0
44.0857,-58.974609,-1.699121,0.087891,0
44.1009,-58.798828,-1.696021,0.175781,0
44.1161,-58.710938,-1.694470,0.087891,0
44.1314,-58.447266,-1.689819,0.263672,0
44.1467,-58.359375,-1.688269,0.087891,0
44.1620,-58.095703,-1.683618,0.263672,0
44.1773,-58.007812,-1.682068,0.087891,0
44.1925,-57.832031,-1.678967,0.175781,0
44.2077,-57.744141,-1.677417,0.087891,0
44.2229,-57.568359,-1.674316,0.175781,0
44.2382,-57.480469,-1.672766,0.087891,0
44.2534,-57.392578,-1.671216,0.087891,0
44.2686,-57.128906,-1.666565,0.263672,0
44.2839,-57.041016,-1.665015,0.087891,0
44.2991,-56.865234,-1.661914,0.175781,0
44.3143,-56.777344,-1.660364,0.087891,0
44.3297,-56.601562,-1.657263,0.175781,0
44.3450,-56.513672,-1.655713,0.087891,0
44.3602,-56.337891,-1.652612,0.175781,0
44.3754,-56.250000,-1.651062,0.087891,0
44.3906,-56.074219,-1.647961,0.175781,0
44.4059,-55.986328,-1.646411,0.087891,0
44.4211,-55.898438,-1.644861,0.087891,0
44.4364,-55.722656,-1.641760,0.175781,0
44.4516,-55.634766,-1.640210,0.087891,0
44.4668,-55.458984,-1.637109,0.175781,0
44.4820,-55.283203,-1.634009,0.175781,0
44.4972,-55.107422,-1.630908,0.175781,0
44.5132,-54.931641,-1.627808,0.175781,0
44.5285,-54.667969,-1.623157,0.263672,0
44.5437,-54.580078,-1.621606,0.087891,0
44.5590,-54.492188,-1.620056,0.087891,0
44.5742,-54.316406,-1.616956,0.175781,0
44.5895,-54.140625,-1.613855,0.175781,0
44.6047,-54.052734,-1.612305,0.087891,0
44.6199,-53.964844,-1.610754,0.087891,0
44.6351,-53.789062,-1.607654,0.175781,0
44.6503,-53.613281,-1.604553,0.175781,0
44.6655,-53.437500,-1.601453,0.175781,0
44.6808,-53.349609,-1.599902,0.087891,0
44.6960,-53.173828,-1.596802,0.175781,0
44.7112,-53.085938,-1.595251,0.087891,0
44.7265,-52.910156,-1.592151,0.175781,0
44.7418,-52.822266,-1.590601,0.087891,0
44.7570,-52.646484,-1.587500,0.175781,0
44.7722,-52.558594,-1.585950,0.087891,0
44.7874,-52.470703,-1.584399,0.087891,0
44.8026,-52.294922,-1.581299,0.175781,0
44.8184,-52.119141,-1.578198,0.175781,0
44.8337,-51.943359,-1.575098,0.175781,0
44.8490,-51.855469,-1.573547,0.087891,0
44.8642,-51.591797,-1.568896,0.263672,0
44.8794,-51.416016,-1.565796,0.175781,0
44.8946,-51.240234,-1.562695,0.175781,0
44.9099,-51.152344,-1.561145,0.087891,0
44.9251,-50.976562,-1.558044,0.175781,0
44.9404,-50.888672,-1.556494,0.087891,0
44.9556,-50.800781,-1.554944,0.087891,0
44.9708,-50.625000,-1.551843,0.175781,0
44.9861,-50.449219,-1.548743,0.175781,0
45.0013,-50.273438,-1.545642,0.175781,0
45.0165,-50.185547,-1.544092,0.087891,0
45.0317,-50.009766,-1.540991,0.175781,0
45.0469,-49.921875,-1.539441,0.087891,0
45.0622,-49.658203,-1.534790,0.263672,0
45.0774,-49.570312,-1.533240,0.087891,0
45.0926,-49.394531,-1.530139,0.175781,0
45.1079,-49.394531,-1.530139,0.000000,0
45.1231,-49.306641,-1.528589,0.087891,0
45.1383,-49.130859,-1.525488,0.175781,0
45.1536,-49.042969,-1.523938,0.087891,0
45.1688,-48.779297,-1.519287,0.263672,0
45.1840,-48.691406,-1.517737,0.087891,0
45.1992,-48.515625,-1.514636,0.175781,0
45.2144,-48.427734,-1.513086,0.087891,0
45.2296,-48.164062,-1.508435,0.263672,0
45.2449,-48.076172,-1.506885,0.087891,0
45.2602,-47.812500,-1.502234,0.263672,0
45.2754,-47.724609,-1.500684,0.087891,0
45.2907,-47.636719,-1.499133,0.087891,0
45.3059,-47.460938,-1.496033,0.175781,0
45.3219,-47.373047,-1.494482,0.087891,0
45.3371,-47.109375,-1.489832,0.263672,0
45.3524,-47.109375,-1.489832,0.000000,0
45.3676,-46.845703,-1.485181,0.263672,0
45.3828,-46.757812,-1.483630,0.087891,0
45.3980,-46.582031,-1.480530,0.175781,0
45.4132,-46.494141,-1.478979,0.087891,0
45.4284,-46.230469,-1.474329,0.263672,0
45.4438,-46.142578,-1.472778,0.087891,0
45.4590,-45.966797,-1.469678,0.175781,0
45.4743,-45.878906,-1.468127,0.087891,0
45.4895,-45.791016,-1.466577,0.087891,0
45.5047,-45.615234,-1.463477,0.175781,0
45.5199,-45.439453,-1.460376,0.175781,0
45.5351,-45.263672,-1.457275,0.175781,0
45.5504,-45.175781,-1.455725,0.087891,0
45.5656,-45.000000,-1.452625,0.175781,0
45.5810,-44.912109,-1.451074,0.087891,0
45.5962,-44.648438,-1.446423,0.263672,0
45.6114,-44.560547,-1.444873,0.087891,0
45.6266,-44.384766,-1.441772,0.175781,0
45.6418,-44.208984,-1.438672,0.175781,0
45.6570,-44.121094,-1.437122,0.087891,0
45.6735,-43.945312,-1.434021,0.175781,0
45.6887,-43.857422,-1.432471,0.087891,0
45.7040,-43.681641,-1.429370,0.175781,0
45.7193,-43.593750,-1.427820,0.087891,0
45.7345,-43.330078,-1.423169,0.263672,0
45.7499,-43.242188,-1.421619,0.087891,0
45.7651,-43.066406,-1.418518,0.175781,0
45.7804,-42.978516,-1.416968,0.087891,0
45.7956,-42.802734,-1.413867,0.175781,0
45.8108,-42.714844,-1.412317,0.087891,0
45.8261,-42.539062,-1.409216,0.175781,0
45.8413,-42.451172,-1.407666,0.087891,0
45.8565,-42.363281,-1.406116,0.087891,0
45.8717,-42.187500,-1.403015,0.175781,0
45.8870,-42.011719,-1.399915,0.175781,0
45.9028,-41.835938,-1.396814,0.175781,0
45.9180,-41.748047,-1.395264,0.087891,0
45.9332,-41.572266,-1.392163,0.175781,0
45.9485,-41.484375,-1.390613,0.087891,0
45.9637,-41.220703,-1.385962,0.263672,0
45.9789,-41.132812,-1.384412,0.087891,0
45.9942,-40.869141,-1.379761,0.263672,0
46.0094,-40.781250,-1.378210,0.087891,0
46.0246,-40.693359,-1.376660,0.087891,0
46.0399,-40.517578,-1.373560,0.175781,0
46.0551,-40.429688,-1.372009,0.087891,0
46.0704,-40.253906,-1.368909,0.175781,0
46.0856,-40.166016,-1.367358,0.087891,0
46.1008,-39.902344,-1.362708,0.263672,0
46.1160,-39.814453,-1.361157,0.087891,0
46.1313,-39.638672,-1.358057,0.175781,0
46.1465,-39.550781,-1.356506,0.087891,0
46.1617,-39.375000,-1.353406,0.175781,0
46.1770,-39.287109,-1.351855,0.087891,0
46.1922,-39.199219,-1.350305,0.087891,0
46.2082,-39.023438,-1.347205,0.175781,0
46.2235,-38.935547,-1.345654,0.087891,0
46.2387,-38.759766,-1.342554,0.175781,0
46.2540,-38.671875,-1.341003,0.087891,0
46.2692,-38.408203,-1.336353,0.263672,0
46.2844,-38.408203,-1.336353,0.000000,0
46.2998,-38.144531,-1.331702,0.263672,0
46.3151,-37.968750,-1.328601,0.175781,0
46.3303,-37.792969,-1.325500,0.175781,0
46.3455,-37.617188,-1.322400,0.175781,0
46.3607,-37.353516,-1.317749,0.263672,0
46.3759,-37.265625,-1.316199,0.087891,0
46.3913,-37.265625,-1.316199,0.000000,0
46.4073,-37.089844,-1.313098,0.175781,0
46.4225,-36.914062,-1.309998,0.175781,0
46.4378,-36.738281,-1.306897,0.175781,0
46.4530,-36.650391,-1.305347,0.087891,0
46.4683,-36.474609,-1.302246,0.175781,0
46.4835,-36.386719,-1.300696,0.087891,0
46.4987,-36.210938,-1.297595,0.175781,0
46.5139,-36.035156,-1.294495,0.175781,0
46.5291,-35.859375,-1.291394,0.175781,0
46.5443,-35.771484,-1.289844,0.087891,0
46.5602,-35.683594,-1.288293,0.087891,0
46.5755,-35.507812,-1.285193,0.175781,0
46.5907,-35.419922,-1.283643,0.087891,0
46.6060,-35.244141,-1.280542,0.175781,0
46.6212,-35.156250,-1.278992,0.087891,0
46.6365,-34.980469,-1.275891,0.175781,0
46.6519,-34.892578,-1.274341,0.087891,0
46.6671,-34.628906,-1.269690,0.263672,0
46.6824,-34.628906,-1.269690,0.000000,0
46.6976,-34.365234,-1.265039,0.263672,0
46.7128,-34.189453,-1.261938,0.175781,0
46.7280,-34.013672,-1.258838,0.175781,0
46.7445,-33.925781,-1.257288,0.087891,0
46.7597,-33.750000,-1.254187,0.175781,0
46.7750,-33.662109,-1.252637,0.087891,0
46.7902,-33.486328,-1.249536,0.175781,0
46.8054,-33.398438,-1.247986,0.087891,0
46.8208,-33.222656,-1.244885,0.175781,0
46.8360,-33.046875,-1.241785,0.175781,0
46.8513,-32.958984,-1.240234,0.087891,0
46.8668,-32.783203,-1.237134,0.175781,0
46.8820,-32.695312,-1.235583,0.087891,0
46.8972,-32.519531,-1.232483,0.175781,0
46.9124,-32.343750,-1.229382,0.175781,0
46.9276,-32.255859,-1.227832,0.087891,0
46.9428,-32.167969,-1.226282,0.087891,0
46.9580,-31.992188,-1.223181,0.175781,0
46.9733,-31.816406,-1.220081,0.175781,0
46.9885,-31.728516,-1.218530,0.087891,0
47.0037,-31.552734,-1.215430,0.175781,0
47.0190,-31.464844,-1.213879,0.087891,0
47.0342,-31.289062,-1.210779,0.175781,0
47.0494,-31.201172,-1.209229,0.087891,0
47.0647,-30.937500,-1.204578,0.263672,0
47.0800,-30.761719,-1.201477,0.175781,0
47.0953,-30.585938,-1.198376,0.175781,0
47.1105,-30.498047,-1.196826,0.087891,0
47.1257,-30.322266,-1.193726,0.175781,0
47.1409,-30.234375,-1.192175,0.087891,0
47.1561,-30.058594,-1.189075,0.175781,0
47.1714,-29.882812,-1.185974,0.175781,0
47.1866,-29.794922,-1.184424,0.087891,0
47.2019,-29.619141,-1.181323,0.175781,0
47.2171,-29.443359,-1.178223,0.175781,0
47.2323,-29.267578,-1.175122,0.175781,0
47.2475,-29.179688,-1.173572,0.087891,0
47.2627,-29.091797,-1.172021,0.087891,0
47.2782,-28.916016,-1.168921,0.175781,0
47.2934,-28.740234,-1.165820,0.175781,0
47.3086,-28.652344,-1.164270,0.087891,0
47.3238,-28.564453,-1.162720,0.087891,0
47.3390,-28.388672,-1.159619,0.175781,0
47.3542,-28.300781,-1.158069,0.087891,0
47.3695,-28.125000,-1.154968,0.175781,0
47.3849,-28.037109,-1.153418,0.087891,0
47.4001,-27.773438,-1.148767,0.263672,0
47.4153,-27.685547,-1.147217,0.087891,0
47.4306,-27.421875,-1.142566,0.263672,0
47.4458,-27.333984,-1.141016,0.087891,0
47.4611,-27.158203,-1.137915,0.175781,0
47.4768,-27.070312,-1.136365,0.087891,0
47.4920,-26.894531,-1.133264,0.175781,0
47.5074,-26.718750,-1.130164,0.175781,0
47.5226,-26.630859,-1.128613,0.087891,0
47.5378,-26.455078,-1.125513,0.175781,0
47.5530,-26.367188,-1.123962,0.087891,0
47.5682,-26.191406,-1.120862,0.175781,0
47.5835,-26.015625,-1.117761,0.175781,0
47.5987,-25.927734,-1.116211,0.087891,0
47.6139,-25.839844,-1.114661,0.087891,0
47.6291,-25.576172,-1.110010,0.263672,0
47.6443,-25.576172,-1.110010,0.000000,0
47.6595,-25.488281,-1.108459,0.087891,0
47.6748,-25.312500,-1.105359,0.175781,0
47.6900,-25.224609,-1.103809,0.087891,0
47.7052,-24.960938,-1.099158,0.263672,0
47.7204,-24.873047,-1.097607,0.087891,0
47.7356,-24.697266,-1.094507,0.175781,0
47.7509,-24.609375,-1.092957,0.087891,0
47.7661,-24.345703,-1.088306,0.263672,0
47.7815,-24.169922,-1.085205,0.175781,0
47.7967,-23.994141,-1.082104,0.175781,0
47.8119,-23.906250,-1.080554,0.087891,0
47.8271,-23.818359,-1.079004,0.087891,0
47.8423,-23.642578,-1.075903,0.175781,0
47.8575,-23.554688,-1.074353,0.087891,0
47.8728,-23.378906,-1.071252,0.175781,0
47.8880,-23.203125,-1.068152,0.175781,0
47.9033,-23.027344,-1.065051,0.175781,0
47.9185,-22.939453,-1.063501,0.087891,0
47.9337,-22.675781,-1.058850,0.263672,0
47.9489,-22.587891,-1.057300,0.087891,0
47.9642,-22.412109,-1.054199,0.175781,0
47.9795,-22.324219,-1.052649,0.087891,0
47.9947,-22.236328,-1.051099,0.087891,0
48.0100,-22.060547,-1.047998,0.175781,0
48.0254,-21.972656,-1.046448,0.087891,0
48.0406,-21.796875,-1.043347,0.175781,0
48.0558,-21.621094,-1.040247,0.175781,0
48.0711,-21.445312,-1.037146,0.175781,0
48.0863,-21.357422,-1.035596,0.087891,0
48.1015,-21.093750,-1.030945,0.263672,0
48.1167,-21.005859,-1.029395,0.087891,0
48.1319,-20.742188,-1.024744,0.263672,0
48.1472,-20.654297,-1.023193,0.087891,0
48.1624,-20.478516,-1.020093,0.175781,0
48.1777,-20.390625,-1.018542,0.087891,0
48.1930,-20.302734,-1.016992,0.087891,0
48.2082,-20.126953,-1.013892,0.175781,0
48.2235,-19.951172,-1.010791,0.175781,0
48.2387,-19.775391,-1.007690,0.175781,0
48.2539,-19.687500,-1.006140,0.087891,0
48.2691,-19.511719,-1.003040,0.175781,0
48.2844,-19.423828,-1.001489,0.087891,0
48.2996,-19.160156,-0.996838,0.263672,0
48.3148,-19.160156,-0.996838,0.000000,0
48.3300,-19.072266,-0.995288,0.087891,0
48.3452,-18.808594,-0.990637,0.263672,0
48.3605,-18.808594,-0.990637,0.000000,0
48.3757,-18.544922,-0.985986,0.263672,0
48.3909,-18.457031,-0.984436,0.087891,0
48.4062,-18.281250,-0.981335,0.175781,0
48.4214,-18.193359,-0.979785,0.087891,0
48.4366,-18.017578,-0.976685,0.175781,0
48.4518,-17.841797,-0.973584,0.175781,0
48.4670,-17.666016,-0.970483,0.175781,0
48.4823,-17.578125,-0.968933,0.087891,0
48.4975,-17.402344,-0.965833,0.175781,0
48.5127,-17.226562,-0.962732,0.175781,0
48.5280,-17.138672,-0.961182,0.087891,0
48.5432,-16.962891,-0.958081,0.175781,0
48.5584,-16.787109,-0.954980,0.175781,0
48.5737,-16.611328,-0.951880,0.175781,0
48.5901,-16.523438,-0.950330,0.087891,0
48.6053,-16.347656,-0.947229,0.175781,0
48.6205,-16.171875,-0.944128,0.175781,0
48.6357,-16.083984,-0.942578,0.087891,0
48.6510,-15.908203,-0.939478,0.175781,0
48.6662,-15.732422,-0.936377,0.175781,0
48.6814,-15.644531,-0.934827,0.087891,0
48.6966,-15.556641,-0.933276,0.087891,0
48.7118,-15.380859,-0.930176,0.175781,0
48.7270,-15.292969,-0.928625,0.087891,0
48.7423,-15.117188,-0.925525,0.175781,0
48.7575,-15.029297,-0.923975,0.087891,0
48.7727,-14.853516,-0.920874,0.175781,0
48.7880,-14.765625,-0.919324,0.087891,0
48.8033,-14.501953,-0.914673,0.263672,0
48.8185,-14.414062,-0.913123,0.087891,0
48.8337,-14.150391,-0.908472,0.263672,0
48.8489,-14.062500,-0.906921,0.087891,0
48.8641,-13.886719,-0.903821,0.175781,0
48.8794,-13.623047,-0.899170,0.263672,0
48.8947,-13.623047,-0.899170,0.000000,0
48.9099,-13.447266,-0.896069,0.175781,0
48.9251,-13.359375,-0.894519,0.087891,0
48.9404,-13.095703,-0.889868,0.263672,0
48.9557,-13.007812,-0.888318,0.087891,0
48.9709,-12.832031,-0.885217,0.175781,0
48.9863,-12.656250,-0.882117,0.175781,0
49.0016,-12.480469,-0.879016,0.175781,0
49.0169,-12.392578,-0.877466,0.087891,0
49.0321,-12.304688,-0.875916,0.087891,0
49.0477,-12.128906,-0.872815,0.175781,0
49.0629,-12.041016,-0.871265,0.087891,0
49.0782,-11.865234,-0.868164,0.175781,0
49.0935,-11.777344,-0.866614,0.087891,0
49.1087,-11.601562,-0.863513,0.175781,0
49.1240,-11.513672,-0.861963,0.087891,0
49.1392,-11.250000,-0.857312,0.263672,0
49.1544,-11.162109,-0.855762,0.087891,0
49.1702,-10.986328,-0.852661,0.175781,0
49.1854,-10.810547,-0.849561,0.175781,0
49.2007,-10.634766,-0.846460,0.175781,0
49.2159,-10.546875,-0.844910,0.087891,0
49.2311,-10.371094,-0.841809,0.175781,0
49.2463,-10.195312,-0.838708,0.175781,0
49.2615,-10.107422,-0.837158,0.087891,0
49.2767,-9.931641,-0.834058,0.175781,0
49.2920,-9.755859,-0.830957,0.175781,0
49.3073,-9.580078,-0.827856,0.175781,0
49.3225,-9.492188,-0.826306,0.087891,0
49.3377,-9.316406,-0.823206,0.175781,0
49.3530,-9.228516,-0.821655,0.087891,0
49.3682,-8.964844,-0.817004,0.263672,0
49.3834,-8.876953,-0.815454,0.087891,0
49.3986,-8.789062,-0.813904,0.087891,0
49.4138,-8.613281,-0.810803,0.175781,0
49.4290,-8.525391,-0.809253,0.087891,0
49.4443,-8.349609,-0.806152,0.175781,0
49.4596,-8.261719,-0.804602,0.087891,0
49.4748,-8.085938,-0.801501,0.175781,0
49.4901,-7.998047,-0.799951,0.087891,0
49.5053,-7.734375,-0.795300,0.263672,0
49.5206,-7.646484,-0.793750,0.087891,0
49.5358,-7.470703,-0.790649,0.175781,0
49.5510,-7.382812,-0.789099,0.087891,0
49.5677,-7.119141,-0.784448,0.263672,0
49.5829,-7.031250,-0.782898,0.087891,0
49.5982,-6.855469,-0.779797,0.175781,0
49.6134,-6.679688,-0.776697,0.175781,0
49.6287,-6.591797,-0.775146,0.087891,0
49.6439,-6.328125,-0.770496,0.263672,0
49.6591,-6.240234,-0.768945,0.087891,0
49.6743,-5.976562,-0.764294,0.263672,0
49.6896,-5.888672,-0.762744,0.087891,0
49.7049,-5.712891,-0.759644,0.175781,0
49.7209,-5.537109,-0.756543,0.175781,0
49.7361,-5.361328,-0.753442,0.175781,0
49.7514,-5.361328,-0.753442,0.000000,0
49.7666,-5.097656,-0.748792,0.263672,0
49.7818,-5.009766,-0.747241,0.087891,0
49.7971,-4.921875,-0.745691,0.087891,0
49.8123,-4.746094,-0.742590,0.175781,0
49.8276,-4.746094,-0.742590,0.000000,0
49.8428,-4.570312,-0.739490,0.175781,0
49.8580,-4.394531,-0.736389,0.175781,0
49.8732,-4.218750,-0.733289,0.175781,0
49.8885,-4.130859,-0.731738,0.087891,0
49.9037,-3.955078,-0.728638,0.175781,0
49.9189,-3.779297,-0.725537,0.175781,0
49.9341,-3.603516,-0.722437,0.175781,0
49.9493,-3.427734,-0.719336,0.175781,0
49.9645,-3.339844,-0.717786,0.087891,0
49.9798,-3.076172,-0.713135,0.263672,0
49.9950,-3.076172,-0.713135,0.000000,0
50.0102,-2.812500,-0.708484,0.263672,0
50.0254,-2.724609,-0.706934,0.087891,0
50.0406,-2.460938,-0.702283,0.263672,0
50.0558,-2.460938,-0.702283,0.000000,0
50.0710,-2.197266,-0.697632,0.263672,0
50.0863,-2.109375,-0.696082,0.087891,0
50.1015,-2.021484,-0.694531,0.087891,0
50.1168,-1.757812,-0.689880,0.263672,0
50.1320,-1.669922,-0.688330,0.087891,0
50.1472,-1.582031,-0.686780,0.087891,0
50.1624,-1.406250,-0.683679,0.175781,0
50.1776,-1.318359,-0.682129,0.087891,0
50.1929,-1.230469,-0.680579,0.087891,0
50.2081,-1.054688,-0.677478,0.175781,0
50.2234,-0.878906,-0.674377,0.175781,0
50.2386,-0.703125,-0.671277,0.175781,0
50.2540,-0.615234,-0.669727,0.087891,0
50.2693,-0.439453,-0.666626,0.175781,0
50.2845,-0.263672,-0.663525,0.175781,0
50.3005,-0.175781,-0.661975,0.087891,0
50.3157,-0.087891,-0.660425,0.087891,0
50.3310,-0.087891,-0.660425,0.000000,0
50.3462,-0.087891,-0.660425,0.000000,0
50.3614,-0.087891,-0.660425,0.000000,0
50.3766,-0.087891,-0.660425,0.000000,0
50.3919,-0.087891,-0.660425,0.000000,0
50.4072,0.966797,-0.641821,1.054688,0
50.4224,1.142578,-0.638721,0.175781,0
50.4376,1.318359,-0.635620,0.175781,0
50.4528,1.406250,-0.634070,0.087891,0
50.4681,1.582031,-0.630969,0.175781,0
50.4833,1.845703,-0.626318,0.263672,0
50.4987,1.933594,-0.624768,0.087891,0
50.5139,2.109375,-0.621667,0.175781,0
50.5291,2.197266,-0.620117,0.087891,0
50.5443,2.285156,-0.618567,0.087891,0
50.5596,2.460938,-0.615466,0.175781,0
50.5748,2.636719,-0.612366,0.175781,0
50.5900,2.724609,-0.610815,0.087891,0
50.6052,2.900391,-0.607715,0.175781,0
50.6204,2.988281,-0.606165,0.087891,0
50.6357,3.076172,-0.604614,0.087891,0
50.6510,3.251953,-0.601514,0.175781,0
50.6662,3.427734,-0.598413,0.175781,0
50.6815,3.691406,-0.593762,0.263672,0
50.6967,3.779297,-0.592212,0.087891,0
50.7120,3.955078,-0.589111,0.175781,0
50.7272,4.130859,-0.586011,0.175781,0
50.7424,4.306641,-0.582910,0.175781,0
50.7577,4.394531,-0.581360,0.087891,0
50.7729,4.570312,-0.578259,0.175781,0
50.7881,4.658203,-0.576709,0.087891,0
50.8034,4.746094,-0.575159,0.087891,0
50.8186,5.009766,-0.570508,0.263672,0
50.8341,5.097656,-0.568958,0.087891,0
50.8493,5.273438,-0.565857,0.175781,0
50.8646,5.361328,-0.564307,0.087891,0
50.8798,5.537109,-0.561206,0.175781,0
50.8951,5.625000,-0.559656,0.087891,0
50.9103,5.888672,-0.555005,0.263672,0
50.9256,5.888672,-0.555005,0.000000,0
50.9411,6.064453,-0.551904,0.175781,0
50.9563,6.152344,-0.550354,0.087891,0
50.9717,6.416016,-0.545703,0.263672,0
50.9869,6.503906,-0.544153,0.087891,0
51.0021,6.591797,-0.542603,0.087891,0
51.0174,6.767578,-0.539502,0.175781,0
51.0326,6.943359,-0.536401,0.175781,0
51.0479,7.119141,-0.533301,0.175781,0
51.0631,7.207031,-0.531750,0.087891,0
51.0783,7.558594,-0.525549,0.351562,0
51.0936,7.646484,-0.523999,0.087891,0
51.1088,7.734375,-0.522449,0.087891,0
51.1240,7.910156,-0.519348,0.175781,0
51.1393,8.085938,-0.516248,0.175781,0
51.1545,8.173828,-0.514697,0.087891,0
51.1697,8.261719,-0.513147,0.087891,0
51.1850,8.525391,-0.508496,0.263672,0
51.2002,8.613281,-0.506946,0.087891,0
51.2159,8.789062,-0.503845,0.175781,0
51.2311,8.876953,-0.502295,0.087891,0
51.2463,9.052734,-0.499194,0.175781,0
51.2616,9.140625,-0.497644,0.087891,0
51.2768,9.316406,-0.494543,0.175781,0
51.2920,9.404297,-0.492993,0.087891,0
51.3073,9.580078,-0.489893,0.175781,0
51.3228,9.667969,-0.488342,0.087891,0
51.3380,9.755859,-0.486792,0.087891,0
51.3532,9.931641,-0.483691,0.175781,0
51.3684,10.019531,-0.482141,0.087891,0
51.3837,10.283203,-0.477490,0.263672,0
51.3989,10.371094,-0.475940,0.087891,0
51.4141,10.546875,-0.472839,0.175781,0
51.4293,10.634766,-0.471289,0.087891,0
51.4445,10.898438,-0.466638,0.263672,0
51.4598,10.986328,-0.465088,0.087891,0
51.4750,11.250000,-0.460437,0.263672,0
51.4902,11.337891,-0.458887,0.087891,0
51.5054,11.425781,-0.457336,0.087891,0
51.5207,11.601562,-0.454236,0.175781,0
51.5359,11.689453,-0.452686,0.087891,0
51.5523,11.953125,-0.448035,0.263672,0
51.5717,12.128906,-0.444934,0.175781,0
51.5869,12.216797,-0.443384,0.087891,0
51.6022,12.392578,-0.440283,0.175781,0
51.6175,12.568359,-0.437183,0.175781,0
51.6328,12.744141,-0.434082,0.175781,0
51.6480,12.832031,-0.432532,0.087891,0
51.6634,13.007812,-0.429431,0.175781,0
51.6786,13.095703,-0.427881,0.087891,0
51.6939,13.183594,-0.426331,0.087891,0
51.7091,13.359375,-0.423230,0.175781,0
51.7243,13.447266,-0.421680,0.087891,0
51.7395,13.710938,-0.417029,0.263672,0
51.7548,13.798828,-0.415479,0.087891,0
51.7700,13.974609,-0.412378,0.175781,0
51.7866,14.062500,-0.410828,0.087891,0
51.8020,14.238281,-0.407727,0.175781,0
51.8173,14.414062,-0.404626,0.175781,0
51.8326,14.589844,-0.401526,0.175781,0
51.8478,14.765625,-0.398425,0.175781,0
51.8630,14.941406,-0.395325,0.175781,0
51.8782,15.117188,-0.392224,0.175781,0
51.8934,15.117188,-0.392224,0.000000,0
51.9087,15.292969,-0.389124,0.175781,0
51.9239,15.468750,-0.386023,0.175781,0
51.9392,15.644531,-0.382922,0.175781,0
51.9544,15.732422,-0.381372,0.087891,0
51.9696,15.996094,-0.376721,0.263672,0
51.9848,16.083984,-0.375171,0.087891,0
52.0000,16.259766,-0.372070,0.175781,0
52.0154,16.347656,-0.370520,0.087891,0
52.0362,16.523438,-0.367419,0.175781,0
52.0520,16.699219,-0.364319,0.175781,0
52.0673,16.787109,-0.362769,0.087891,0
52.0825,16.875000,-0.361218,0.087891,0
52.0980,17.050781,-0.358118,0.175781,0
52.1133,17.138672,-0.356567,0.087891,0
52.1286,17.314453,-0.353467,0.175781,0
52.1438,17.490234,-0.350366,0.175781,0
52.1590,17.578125,-0.348816,0.087891,0
52.1743,17.666016,-0.347266,0.087891,0
52.1895,17.929688,-0.342615,0.263672,0
52.2054,18.105469,-0.339514,0.175781,0
52.2207,18.281250,-0.336414,0.175781,0
52.2359,18.457031,-0.333313,0.175781,0
52.2512,18.632812,-0.330212,0.175781,0
52.2664,18.720703,-0.328662,0.087891,0
52.2816,18.896484,-0.325562,0.175781,0
52.2969,18.984375,-0.324011,0.087891,0
52.3121,19.160156,-0.320911,0.175781,0
52.3273,19.335938,-0.317810,0.175781,0
52.3429,19.423828,-0.316260,0.087891,0
52.3581,19.599609,-0.313159,0.175781,0
52.3734,19.687500,-0.311609,0.087891,0
52.3886,19.863281,-0.308508,0.175781,0
52.4039,20.039062,-0.305408,0.175781,0
52.4193,20.214844,-0.302307,0.175781,0
52.4345,20.302734,-0.300757,0.087891,0
52.4497,20.478516,-0.297656,0.175781,0
52.4649,20.566406,-0.296106,0.087891,0
52.4801,20.654297,-0.294556,0.087891,0
52.4954,20.830078,-0.291455,0.175781,0
52.5106,20.917969,-0.289905,0.087891,0
52.5258,21.093750,-0.286804,0.175781,0
52.5410,21.181641,-0.285254,0.087891,0
52.5562,21.357422,-0.282153,0.175781,0
52.5715,21.445312,-0.280603,0.087891,0
52.5867,21.708984,-0.275952,0.263672,0
52.6019,21.796875,-0.274402,0.087891,0
52.6174,22.060547,-0.269751,0.263672,0
52.6326,22.148438,-0.268201,0.087891,0
52.6478,22.324219,-0.265100,0.175781,0
52.6630,22.500000,-0.262000,0.175781,0
52.6785,22.587891,-0.260449,0.087891,0
52.6938,22.763672,-0.257349,0.175781,0
52.7090,22.851562,-0.255798,0.087891,0
52.7242,23.115234,-0.251147,0.263672,0
52.7395,23.203125,-0.249597,0.087891,0
52.7547,23.378906,-0.246497,0.175781,0
52.7700,23.466797,-0.244946,0.087891,0
52.7855,23.642578,-0.241846,0.175781,0
52.8007,23.730469,-0.240295,0.087891,0
52.8159,23.994141,-0.235645,0.263672,0
52.8311,24.082031,-0.234094,0.087891,0
52.8463,24.082031,-0.234094,0.000000,0
52.8616,24.257812,-0.230994,0.175781,0
52.8768,24.345703,-0.229443,0.087891,0
52.8920,24.521484,-0.226343,0.175781,0
52.9072,24.609375,-0.224792,0.087891,0
52.9225,24.873047,-0.220142,0.263672,0
52.9378,24.873047,-0.220142,0.000000,0
52.9530,25.136719,-0.215491,0.263672,0
52.9683,25.224609,-0.213940,0.087891,0
52.9835,25.312500,-0.212390,0.087891,0
52.9987,25.576172,-0.207739,0.263672,0
53.0139,25.664062,-0.206189,0.087891,0
53.0295,25.927734,-0.201538,0.263672,0
53.0448,26.015625,-0.199988,0.087891,0
53.0600,26.191406,-0.196887,0.175781,0
53.0753,26.279297,-0.195337,0.087891,0
53.0905,26.542969,-0.190686,0.263672,0
53.1057,26.630859,-0.189136,0.087891,0
53.1210,26.806641,-0.186035,0.175781,0
53.1362,26.894531,-0.184485,0.087891,0
53.1514,27.070312,-0.181384,0.175781,0
53.1667,27.246094,-0.178284,0.175781,0
53.1819,27.333984,-0.176733,0.087891,0
53.1972,27.509766,-0.173633,0.175781,0
53.2125,27.597656,-0.172083,0.087891,0
53.2280,27.773438,-0.168982,0.175781,0
53.2433,27.861328,-0.167432,0.087891,0
53.2586,28.037109,-0.164331,0.175781,0
53.2739,28.037109,-0.164331,0.000000,0
53.2891,28.212891,-0.161230,0.175781,0
53.3044,28.388672,-0.158130,0.175781,0
53.3196,28.564453,-0.155029,0.175781,0
53.3349,28.652344,-0.153479,0.087891,0
53.3501,28.828125,-0.150378,0.175781,0
53.3653,29.003906,-0.147278,0.175781,0
53.3805,29.091797,-0.145728,0.087891,0
53.3957,29.355469,-0.141077,0.263672,0
53.4109,29.443359,-0.139526,0.087891,0
53.4264,29.619141,-0.136426,0.175781,0
53.4416,29.794922,-0.133325,0.175781,0
53.4568,29.970703,-0.130225,0.175781,0
53.4720,30.058594,-0.128674,0.087891,0
53.4873,30.234375,-0.125574,0.175781,0
53.5025,30.322266,-0.124023,0.087891,0
53.5177,30.410156,-0.122473,0.087891,0
53.5329,30.585938,-0.119373,0.175781,0
53.5481,30.761719,-0.116272,0.175781,0
53.5634,30.937500,-0.113171,0.175781,0
53.5786,31.025391,-0.111621,0.087891,0
53.5938,31.201172,-0.108521,0.175781,0
53.6090,31.289062,-0.106970,0.087891,0
53.6242,31.552734,-0.102319,0.263672,0
53.6395,31.640625,-0.100769,0.087891,0
53.6547,31.816406,-0.097668,0.175781,0
53.6699,31.904297,-0.096118,0.087891,0
53.6865,32.080078,-0.093018,0.175781,0
53.7017,32.167969,-0.091467,0.087891,0
53.7169,32.255859,-0.089917,0.087891,0
53.7322,32.519531,-0.085266,0.263672,0
53.7474,32.607422,-0.083716,0.087891,0
53.7626,32.783203,-0.080615,0.175781,0
53.7779,32.871094,-0.079065,0.087891,0
53.7931,33.134766,-0.074414,0.263672,0
53.8083,33.222656,-0.072864,0.087891,0
53.8235,33.398438,-0.069763,0.175781,0
53.8387,33.574219,-0.066663,0.175781,0
53.8539,33.662109,-0.065112,0.087891,0
53.8692,33.837891,-0.062012,0.175781,0
53.8844,33.925781,-0.060461,0.087891,0
53.8997,34.101562,-0.057361,0.175781,0
53.9149,34.277344,-0.054260,0.175781,0
53.9301,34.365234,-0.052710,0.087891,0
53.9459,34.541016,-0.049609,0.175781,0
53.9612,34.716797,-0.046509,0.175781,0
53.9766,34.804688,-0.044958,0.087891,0
53.9918,34.980469,-0.041858,0.175781,0
54.0070,35.068359,-0.040308,0.087891,0
54.0223,35.244141,-0.037207,0.175781,0
54.0375,35.332031,-0.035657,0.087891,0
54.0531,35.507812,-0.032556,0.175781,0
54.0683,35.507812,-0.032556,0.000000,0
54.0835,35.683594,-0.029456,0.175781,0
54.0989,35.859375,-0.026355,0.175781,0
54.1141,36.035156,-0.023254,0.175781,0
54.1293,36.210938,-0.020154,0.175781,0
54.1445,36.298828,-0.018604,0.087891,0
54.1597,36.562500,-0.013953,0.263672,0
54.1750,36.650391,-0.012402,0.087891,0
54.1902,36.914062,-0.007751,0.263672,0
54.2054,37.001953,-0.006201,0.087891,0
54.2206,37.177734,-0.003101,0.175781,0
54.2359,37.265625,-0.001550,0.087891,0
54.2511,37.353516,0.000000,0.087891,0
54.2664,37.617188,0.004651,0.263672,0
54.2816,37.705078,0.006201,0.087891,0
54.2968,37.880859,0.009302,0.175781,0
54.3120,37.968750,0.010852,0.087891,0
54.3272,38.144531,0.013953,0.175781,0
54.3425,38.320312,0.017053,0.175781,0
54.3577,38.496094,0.020154,0.175781,0
54.3730,38.583984,0.021704,0.087891,0
54.3882,38.759766,0.024805,0.175781,0
54.4034,38.847656,0.026355,0.087891,0
54.4187,38.847656,0.026355,0.000000,0
54.4339,39.111328,0.031006,0.263672,0
54.4491,39.199219,0.032556,0.087891,0
54.4643,39.462891,0.037207,0.263672,0
54.4796,39.550781,0.038757,0.087891,0
54.4955,39.726562,0.041858,0.175781,0
54.5108,39.814453,0.043408,0.087891,0
54.5260,39.990234,0.046509,0.175781,0
54.5413,40.166016,0.049609,0.175781,0
54.5566,40.341797,0.052710,0.175781,0
54.5728,40.429688,0.054260,0.087891,0
54.5883,40.693359,0.058911,0.263672,0
54.6035,40.781250,0.060461,0.087891,0
54.6187,41.044922,0.065112,0.263672,0
54.6339,41.044922,0.065112,0.000000,0
54.6492,41.132812,0.066663,0.087891,0
54.6644,41.396484,0.071313,0.263672,0
54.6797,41.484375,0.072864,0.087891,0
54.6949,41.660156,0.075964,0.175781,0
54.7101,41.748047,0.077515,0.087891,0
54.7254,42.011719,0.082166,0.263672,0
54.7407,42.099609,0.083716,0.087891,0
54.7559,42.275391,0.086816,0.175781,0
54.7711,42.363281,0.088367,0.087891,0
54.7863,42.539062,0.091467,0.175781,0
54.8015,42.626953,0.093018,0.087891,0
54.8172,42.626953,0.093018,0.000000,0
54.8324,42.802734,0.096118,0.175781,0
54.8476,42.890625,0.097668,0.087891,0
54.8635,43.154297,0.102319,0.263672,0
54.8791,43.242188,0.103870,0.087891,0
54.8943,43.417969,0.106970,0.175781,0
54.9095,43.593750,0.110071,0.175781,0
54.9247,43.769531,0.113171,0.175781,0
54.9400,43.945312,0.116272,0.175781,0
54.9553,44.208984,0.120923,0.263672,0
54.9705,44.208984,0.120923,0.000000,0
54.9857,44.472656,0.125574,0.263672,0
55.0009,44.472656,0.125574,0.000000,0
55.0161,44.648438,0.128674,0.175781,0
55.0314,44.824219,0.131775,0.175781,0
55.0466,45.000000,0.134875,0.175781,0
55.0618,45.175781,0.137976,0.175781,0
55.0771,45.263672,0.139526,0.087891,0
55.0924,45.439453,0.142627,0.175781,0
55.1077,45.615234,0.145728,0.175781,0
55.1229,45.791016,0.148828,0.175781,0
55.1382,45.878906,0.150378,0.087891,0
55.1534,46.054688,0.153479,0.175781,0
55.1686,46.142578,0.155029,0.087891,0
55.1838,46.230469,0.156580,0.087891,0
55.1990,46.406250,0.159680,0.175781,0
55.2143,46.494141,0.161230,0.087891,0
55.2296,46.669922,0.164331,0.175781,0
55.2449,46.757812,0.165881,0.087891,0
55.2601,47.021484,0.170532,0.263672,0
55.2753,47.109375,0.172083,0.087891,0
55.2906,47.285156,0.175183,0.175781,0
55.3058,47.373047,0.176733,0.087891,0
55.3211,47.636719,0.181384,0.263672,0
55.3363,47.724609,0.182935,0.087891,0
55.3517,47.900391,0.186035,0.175781,0
55.3670,48.076172,0.189136,0.175781,0
55.3823,48.164062,0.190686,0.087891,0
55.3975,48.339844,0.193787,0.175781,0
55.4128,48.427734,0.195337,0.087891,0
55.4280,48.691406,0.199988,0.263672,0
55.4432,48.779297,0.201538,0.087891,0
55.4585,48.955078,0.204639,0.175781,0
55.4737,49.042969,0.206189,0.087891,0
55.4889,49.218750,0.209290,0.175781,0
55.5041,49.306641,0.210840,0.087891,0
55.5195,49.482422,0.213940,0.175781,0
55.5347,49.658203,0.217041,0.175781,0
55.5499,49.746094,0.218591,0.087891,0
55.5653,49.921875,0.221692,0.175781,0
55.5805,50.009766,0.223242,0.087891,0
55.5957,50.185547,0.226343,0.175781,0
55.6110,50.273438,0.227893,0.087891,0
55.6262,50.449219,0.230994,0.175781,0
55.6414,50.537109,0.232544,0.087891,0
55.6567,50.712891,0.235645,0.175781,0
55.6719,50.888672,0.238745,0.175781,0
55.6871,50.976562,0.240295,0.087891,0
55.7023,51.152344,0.243396,0.175781,0
55.7175,51.240234,0.244946,0.087891,0
55.7327,51.503906,0.249597,0.263672,0
55.7480,51.591797,0.251147,0.087891,0
55.7633,51.855469,0.255798,0.263672,0
55.7785,51.943359,0.257349,0.087891,0
55.7937,52.207031,0.262000,0.263672,0
55.8089,52.294922,0.263550,0.087891,0
55.8241,52.470703,0.266650,0.175781,0
55.8394,52.558594,0.268201,0.087891,0
55.8546,52.734375,0.271301,0.175781,0
55.8698,52.910156,0.274402,0.175781,0
55.8850,52.910156,0.274402,0.000000,0
55.9002,53.173828,0.279053,0.263672,0
55.9154,53.261719,0.280603,0.087891,0
55.9308,53.437500,0.283704,0.175781,0
55.9460,53.525391,0.285254,0.087891,0
55.9613,53.789062,0.289905,0.263672,0
55.9765,53.789062,0.289905,0.000000,0
55.9917,53.964844,0.293005,0.175781,0
56.0069,54.052734,0.294556,0.087891,0
56.0222,54.140625,0.296106,0.087891,0
56.0374,54.404297,0.300757,0.263672,0
56.0526,54.492188,0.302307,0.087891,0
56.0679,54.667969,0.305408,0.175781,0
56.0831,54.755859,0.306958,0.087891,0
56.0983,55.019531,0.311609,0.263672,0
56.1135,55.107422,0.313159,0.087891,0
56.1292,55.371094,0.317810,0.263672,0
56.1444,55.458984,0.319360,0.087891,0
56.1597,55.722656,0.324011,0.263672,0
56.1751,55.722656,0.324011,0.000000,0
56.1907,55.986328,0.328662,0.263672,0
56.2059,56.074219,0.330212,0.087891,0
56.2211,56.162109,0.331763,0.087891,0
56.2364,56.425781,0.336414,0.263672,0
56.2516,56.513672,0.337964,0.087891,0
56.2670,56.601562,0.339514,0.087891,0
56.2822,56.689453,0.341064,0.087891,0
56.2974,57.041016,0.347266,0.351562,0
56.3126,57.128906,0.348816,0.087891,0
56.3279,57.216797,0.350366,0.087891,0
56.3431,57.392578,0.353467,0.175781,0
56.3584,57.568359,0.356567,0.175781,0
56.3736,57.656250,0.358118,0.087891,0
56.3888,57.744141,0.359668,0.087891,0
56.4040,57.832031,0.361218,0.087891,0
56.4193,58.007812,0.364319,0.175781,0
56.4345,58.271484,0.368970,0.263672,0
56.4497,58.359375,0.370520,0.087891,0
56.4650,58.535156,0.373621,0.175781,0
56.4802,58.623047,0.375171,0.087891,0
56.4955,58.798828,0.378271,0.175781,0
56.5107,58.974609,0.381372,0.175781,0
56.5260,59.150391,0.384473,0.175781,0
56.5413,59.238281,0.386023,0.087891,0
56.5565,59.414062,0.389124,0.175781,0
56.5717,59.589844,0.392224,0.175781,0
56.5869,59.677734,0.393774,0.087891,0
56.6022,59.853516,0.396875,0.175781,0
56.6174,60.029297,0.399976,0.175781,0
56.6326,60.205078,0.403076,0.175781,0
56.6478,60.292969,0.404626,0.087891,0
56.6630,60.468750,0.407727,0.175781,0
56.6785,60.556641,0.409277,0.087891,0
56.6937,60.820312,0.413928,0.263672,0
56.7089,60.908203,0.415479,0.087891,0
56.7242,60.996094,0.417029,0.087891,0
56.7394,61.259766,0.421680,0.263672,0
56.7546,61.347656,0.423230,0.087891,0
56.7699,61.435547,0.424780,0.087891,0
56.7851,61.523438,0.426331,0.087891,0
56.8003,61.699219,0.429431,0.175781,0
56.8155,61.787109,0.430981,0.087891,0
56.8307,62.050781,0.435632,0.263672,0
56.8459,62.138672,0.437183,0.087891,0
56.8612,62.314453,0.440283,0.175781,0
56.8764,62.402344,0.441833,0.087891,0
56.8917,62.490234,0.443384,0.087891,0
56.9070,62.753906,0.448035,0.263672,0
56.9222,62.841797,0.449585,0.087891,0
56.9374,63.105469,0.454236,0.263672,0
56.9526,63.193359,0.455786,0.087891,0
56.9685,63.457031,0.460437,0.263672,0
56.9843,63.457031,0.460437,0.000000,0
56.9995,63.632812,0.463538,0.175781,0
57.0148,63.808594,0.466638,0.175781,0
57.0300,63.984375,0.469739,0.175781,0
57.0453,64.072266,0.471289,0.087891,0
57.0606,64.248047,0.474390,0.175781,0
57.0758,64.423828,0.477490,0.175781,0
57.0910,64.511719,0.479041,0.087891,0
57.1062,64.687500,0.482141,0.175781,0
57.1214,64.775391,0.483691,0.087891,0
57.1366,65.039062,0.488342,0.263672,0
57.1518,65.126953,0.489893,0.087891,0
57.1670,65.302734,0.492993,0.175781,0
57.1823,65.390625,0.494543,0.087891,0
57.1976,65.566406,0.497644,0.175781,0
57.2128,65.654297,0.499194,0.087891,0
57.2280,65.830078,0.502295,0.175781,0
57.2433,65.917969,0.503845,0.087891,0
57.2590,66.093750,0.506946,0.175781,0
57.2743,66.181641,0.508496,0.087891,0
57.2895,66.357422,0.511597,0.175781,0
57.3047,66.533203,0.514697,0.175781,0
57.3199,66.621094,0.516248,0.087891,0
57.3353,66.972656,0.522449,0.351562,0
57.3505,67.060547,0.523999,0.087891,0
57.3658,67.236328,0.527100,0.175781,0
57.3813,67.412109,0.530200,0.175781,0
57.3965,67.587891,0.533301,0.175781,0
57.4118,67.675781,0.534851,0.087891,0
57.4270,67.763672,0.536401,0.087891,0
57.4423,68.027344,0.541052,0.263672,0
57.4575,68.027344,0.541052,0.000000,0
57.4727,68.291016,0.545703,0.263672,0
57.4881,68.378906,0.547253,0.087891,0
57.5035,68.554688,0.550354,0.175781,0
57.5187,68.730469,0.553455,0.175781,0
57.5339,68.906250,0.556555,0.175781,0
57.5492,68.994141,0.558105,0.087891,0
57.5644,69.169922,0.561206,0.175781,0
57.5803,69.257812,0.562756,0.087891,0
57.5957,69.433594,0.565857,0.175781,0
57.6110,69.433594,0.565857,0.000000,0
57.6262,69.521484,0.567407,0.087891,0
57.6414,69.697266,0.570508,0.175781,0
57.6567,69.873047,0.573608,0.175781,0
57.6720,70.048828,0.576709,0.175781,0
57.6873,70.136719,0.578259,0.087891,0
57.7025,70.312500,0.581360,0.175781,0
57.7177,70.400391,0.582910,0.087891,0
57.7329,70.664062,0.587561,0.263672,0
57.7481,70.751953,0.589111,0.087891,0
57.7634,71.015625,0.593762,0.263672,0
57.7786,71.103516,0.595313,0.087891,0
57.7939,71.191406,0.596863,0.087891,0
57.8091,71.367188,0.599963,0.175781,0
57.8243,71.455078,0.601514,0.087891,0
57.8396,71.718750,0.606165,0.263672,0
57.8548,71.806641,0.607715,0.087891,0
57.8701,71.982422,0.610815,0.175781,0
57.8853,72.158203,0.613916,0.175781,0
57.9006,72.246094,0.615466,0.087891,0
57.9158,72.421875,0.618567,0.175781,0
57.9311,72.597656,0.621667,0.175781,0
57.9463,72.685547,0.623218,0.087891,0
57.9617,72.949219,0.627869,0.263672,0
57.9769,73.037109,0.629419,0.087891,0
57.9922,73.037109,0.629419,0.000000,0
58.0074,73.300781,0.634070,0.263672,0
58.0227,73.300781,0.634070,0.000000,0
58.0379,73.476562,0.637170,0.175781,0
58.0531,73.564453,0.638721,0.087891,0
58.0683,73.740234,0.641821,0.175781,0
58.0835,73.916016,0.644922,0.175781,0
58.0987,74.091797,0.648022,0.175781,0
58.1139,74.179688,0.649573,0.087891,0
58.1292,74.267578,0.651123,0.087891,0
58.1444,74.531250,0.655774,0.263672,0
58.1596,74.619141,0.657324,0.087891,0
58.1748,74.794922,0.660425,0.175781,0
58.1901,74.970703,0.663525,0.175781,0
58.2053,75.234375,0.668176,0.263672,0
58.2205,75.322266,0.669727,0.087891,0
58.2357,75.410156,0.671277,0.087891,0
58.2514,75.585938,0.674377,0.175781,0
58.2666,75.761719,0.677478,0.175781,0
58.2820,75.849609,0.679028,0.087891,0
58.2972,76.025391,0.682129,0.175781,0
58.3125,76.113281,0.683679,0.087891,0
58.3277,76.201172,0.685229,0.087891,0
58.3431,76.376953,0.688330,0.175781,0
58.3583,76.464844,0.689880,0.087891,0
58.3735,76.728516,0.694531,0.263672,0
58.3888,76.816406,0.696082,0.087891,0
58.4040,76.992188,0.699182,0.175781,0
58.4205,77.080078,0.700732,0.087891,0
58.4357,77.255859,0.703833,0.175781,0
58.4514,77.255859,0.703833,0.000000,0
58.4666,77.519531,0.708484,0.263672,0
58.4818,77.607422,0.710034,0.087891,0
58.4970,77.783203,0.713135,0.175781,0
58.5122,77.958984,0.716235,0.175781,0
58.5275,78.046875,0.717786,0.087891,0
58.5427,78.222656,0.720886,0.175781,0
58.5580,78.398438,0.723987,0.175781,0
58.5733,78.574219,0.727087,0.175781,0
58.5887,78.662109,0.728638,0.087891,0
58.6042,78.925781,0.733289,0.263672,0
58.6195,79.013672,0.734839,0.087891,0
58.6347,79.189453,0.737939,0.175781,0
58.6499,79.277344,0.739490,0.087891,0
58.6651,79.541016,0.744141,0.263672,0
58.6804,79.628906,0.745691,0.087891,0
58.6957,79.804688,0.748792,0.175781,0
58.7109,79.892578,0.750342,0.087891,0
58.7261,79.980469,0.751892,0.087891,0
58.7414,80.156250,0.754993,0.175781,0
58.7566,80.244141,0.756543,0.087891,0
58.7723,80.507812,0.761194,0.263672,0
58.7876,80.595703,0.762744,0.087891,0
58.8029,80.859375,0.767395,0.263672,0
58.8181,80.859375,0.767395,0.000000,0
58.8333,81.035156,0.770496,0.175781,0
58.8486,81.123047,0.772046,0.087891,0
58.8638,81.298828,0.775146,0.175781,0
58.8793,81.386719,0.776697,0.087891,0
58.8946,81.562500,0.779797,0.175781,0
58.9098,81.738281,0.782898,0.175781,0
58.9250,81.826172,0.784448,0.087891,0
58.9403,82.001953,0.787549,0.175781,0
58.9555,82.001953,0.787549,0.000000,0
58.9707,82.265625,0.792200,0.263672,0
58.9859,82.441406,0.795300,0.175781,0
59.0012,82.617188,0.798401,0.175781,0
59.0164,82.705078,0.799951,0.087891,0
59.0316,82.968750,0.804602,0.263672,0
59.0468,83.056641,0.806152,0.087891,0
59.0621,83.144531,0.807703,0.087891,0
59.0773,83.320312,0.810803,0.175781,0
59.0926,83.408203,0.812354,0.087891,0
59.1079,83.583984,0.815454,0.175781,0
59.1231,83.671875,0.817004,0.087891,0
59.1383,83.935547,0.821655,0.263672,0
59.1535,83.935547,0.821655,0.000000,0
59.1690,84.199219,0.826306,0.263672,0
59.1849,84.287109,0.827856,0.087891,0
59.2004,84.550781,0.832507,0.263672,0
59.2156,84.550781,0.832507,0.000000,0
59.2308,84.814453,0.837158,0.263672,0
59.2460,84.902344,0.838708,0.087891,0
59.2612,84.990234,0.840259,0.087891,0
59.2764,85.078125,0.841809,0.087891,0
59.2920,85.166016,0.843359,0.087891,0
59.3073,85.429688,0.848010,0.263672,0
59.3225,85.429688,0.848010,0.000000,0
59.3378,85.693359,0.852661,0.263672,0
59.3530,85.781250,0.854211,0.087891,0
59.3683,85.957031,0.857312,0.175781,0
59.3835,86.044922,0.858862,0.087891,0
59.3988,86.308594,0.863513,0.263672,0
59.4141,86.396484,0.865063,0.087891,0
59.4293,86.572266,0.868164,0.175781,0
59.4445,86.748047,0.871265,0.175781,0
59.4597,86.835938,0.872815,0.087891,0
59.4749,87.011719,0.875916,0.175781,0
59.4902,87.099609,0.877466,0.087891,0
59.5054,87.275391,0.880566,0.175781,0
59.5207,87.451172,0.883667,0.175781,0
59.5359,87.626953,0.886768,0.175781,0
59.5511,87.626953,0.886768,0.000000,0
59.5663,87.890625,0.891418,0.263672,0
59.5815,87.978516,0.892969,0.087891,0
59.5968,88.154297,0.896069,0.175781,0
59.6123,88.242188,0.897620,0.087891,0
59.6275,88.417969,0.900720,0.175781,0
59.6427,88.593750,0.903821,0.175781,0
59.6580,88.681641,0.905371,0.087891,0
59.6732,88.857422,0.908472,0.175781,0
59.6884,88.857422,0.908472,0.000000,0
59.7036,89.121094,0.913123,0.263672,0
59.7188,89.121094,0.913123,0.000000,0
59.7340,89.472656,0.919324,0.351562,0
59.7494,89.560547,0.920874,0.087891,0
59.7646,89.736328,0.923975,0.175781,0
59.7800,89.824219,0.925525,0.087891,0
59.7953,90.000000,0.928625,0.175781,0
59.8106,90.175781,0.931726,0.175781,0
59.8266,90.263672,0.933276,0.087891,0
59.8418,90.527344,0.937927,0.263672,0
59.8570,90.615234,0.939478,0.087891,0
59.8722,90.791016,0.942578,0.175781,0
59.8874,90.878906,0.944128,0.087891,0
59.9027,91.054688,0.947229,0.175781,0
59.9180,91.230469,0.950330,0.175781,0
59.9332,91.406250,0.953430,0.175781,0
59.9485,91.494141,0.954980,0.087891,0
59.9637,91.669922,0.958081,0.175781,0
59.9789,91.757812,0.959631,0.087891,0
59.9941,91.845703,0.961182,0.087891,0
60.0094,92.109375,0.965833,0.263672,0
60.0246,92.197266,0.967383,0.087891,0
60.0398,92.373047,0.970483,0.175781,0
60.0550,92.460938,0.972034,0.087891,0
60.0702,92.636719,0.975134,0.175781,0
60.0856,92.724609,0.976685,0.087891,0
60.1008,92.900391,0.979785,0.175781,0
60.1161,92.900391,0.979785,0.000000,0
60.1314,93.251953,0.985986,0.351562,0
60.1467,93.251953,0.985986,0.000000,0
60.1630,93.515625,0.990637,0.263672,0
60.1782,93.515625,0.990637,0.000000,0
60.1943,93.779297,0.995288,0.263672,0
60.2095,93.867188,0.996838,0.087891,0
60.2253,93.955078,0.999939,0.087891,0
60.2405,94.218750,1.003040,0.263672,0
60.2557,94.306641,1.004590,0.087891,0
60.2709,94.570312,1.009241,0.263672,0
60.2861,94.570312,1.009241,0.000000,0
60.3013,94.746094,1.012341,0.175781,0
60.3166,94.921875,1.015442,0.175781,0
60.3318,95.097656,1.018542,0.175781,0
60.3470,95.185547,1.020093,0.087891,0
60.3622,95.361328,1.023193,0.175781,0
60.3774,95.537109,1.026294,0.175781,0
60.3926,95.625000,1.027844,0.087891,0
60.4079,95.712891,1.029395,0.087891,0
60.4231,95.888672,1.032495,0.175781,0
60.4388,96.064453,1.035596,0.175781,0
60.4540,96.240234,1.038696,0.175781,0
60.4692,96.328125,1.040247,0.087891,0
60.4844,96.416016,1.041797,0.087891,0
60.4997,96.591797,1.044897,0.175781,0
60.5149,96.679688,1.046448,0.087891,0
60.5301,96.855469,1.049548,0.175781,0
60.5453,96.943359,1.051099,0.087891,0
60.5605,97.119141,1.054199,0.175781,0
60.5758,97.294922,1.057300,0.175781,0
60.5910,97.382812,1.058850,0.087891,0
60.6062,97.558594,1.061951,0.175781,0
60.6214,97.646484,1.063501,0.087891,0
60.6368,97.910156,1.068152,0.263672,0
60.6520,97.998047,1.069702,0.087891,0
60.6673,98.173828,1.072803,0.175781,0
60.6826,98.349609,1.075903,0.175781,0
60.6978,98.525391,1.079004,0.175781,0
60.7131,98.613281,1.080554,0.087891,0
60.7283,98.701172,1.082104,0.087891,0
60.7435,98.876953,1.085205,0.175781,0
60.7587,98.964844,1.086755,0.087891,0
60.7740,99.228516,1.091406,0.263672,0
60.7892,99.228516,1.091406,0.000000,0
60.8045,99.492188,1.096057,0.263672,0
60.8197,99.580078,1.097607,0.087891,0
60.8349,99.843750,1.102258,0.263672,0
60.8502,99.931641,1.103809,0.087891,0
60.8655,100.107422,1.106909,0.175781,0
60.8807,100.195312,1.108459,0.087891,0
60.8959,100.195312,1.108459,0.000000,0
60.9113,100.371094,1.111560,0.175781,0
60.9265,100.458984,1.113110,0.087891,0
60.9417,100.722656,1.117761,0.263672,0
60.9569,100.810547,1.119312,0.087891,0
60.9721,100.986328,1.122412,0.175781,0
60.9874,101.074219,1.123962,0.087891,0
61.0026,101.337891,1.128613,0.263672,0
61.0178,101.425781,1.130164,0.087891,0
61.0331,101.601562,1.133264,0.175781,0
61.0483,101.689453,1.134814,0.087891,0
61.0636,101.865234,1.137915,0.175781,0
61.0792,102.041016,1.141016,0.175781,0
61.0944,102.128906,1.142566,0.087891,0
61.1096,102.304688,1.145667,0.175781,0
61.1249,102.392578,1.147217,0.087891,0
61.1401,102.656250,1.151868,0.263672,0
61.1555,102.744141,1.153418,0.087891,0
61.1707,102.919922,1.156519,0.175781,0
61.1863,103.007812,1.158069,0.087891,0
61.2015,103.183594,1.161169,0.175781,0
61.2168,103.359375,1.164270,0.175781,0
61.2320,103.535156,1.167371,0.175781,0
61.2472,103.623047,1.168921,0.087891,0
61.2624,103.710938,1.170471,0.087891,0
61.2777,103.886719,1.173572,0.175781,0
61.2930,103.886719,1.173572,0.000000,0
61.3084,104.062500,1.176672,0.175781,0
61.3236,104.150391,1.178223,0.087891,0
61.3389,104.414062,1.182874,0.263672,0
61.3541,104.501953,1.184424,0.087891,0
61.3693,104.677734,1.187524,0.175781,0
61.3845,104.765625,1.189075,0.087891,0
61.4001,105.029297,1.193726,0.263672,0
61.4157,105.117188,1.195276,0.087891,0
61.4309,105.292969,1.198376,0.175781,0
61.4462,105.380859,1.199927,0.087891,0
61.4616,105.556641,1.203027,0.175781,0
61.4768,105.732422,1.206128,0.175781,0
61.4920,105.820312,1.207678,0.087891,0
61.5079,105.996094,1.210779,0.175781,0
61.5231,106.083984,1.212329,0.087891,0
61.5384,106.259766,1.215430,0.175781,0
61.5536,106.347656,1.216980,0.087891,0
61.5688,106.611328,1.221631,0.263672,0
61.5842,106.699219,1.223181,0.087891,0
61.5994,106.875000,1.226282,0.175781,0
61.6149,106.962891,1.227832,0.087891,0
61.6302,107.226562,1.232483,0.263672,0
61.6454,107.314453,1.234033,0.087891,0
61.6606,107.314453,1.234033,0.000000,0
61.6759,107.578125,1.238684,0.263672,0
61.6911,107.578125,1.238684,0.000000,0
61.7064,107.753906,1.241785,0.175781,0
61.7217,107.841797,1.243335,0.087891,0
61.7369,108.105469,1.247986,0.263672,0
61.7521,108.193359,1.249536,0.087891,0
61.7673,108.369141,1.252637,0.175781,0
61.7826,108.544922,1.255737,0.175781,0
61.7978,108.632812,1.257288,0.087891,0
61.8131,108.720703,1.258838,0.087891,0
61.8284,108.896484,1.261938,0.175781,0
61.8436,109.160156,1.266589,0.263672,0
61.8588,109.248047,1.268140,0.087891,0
61.8740,109.423828,1.271240,0.175781,0
61.8892,109.511719,1.272791,0.087891,0
61.9044,109.687500,1.275891,0.175781,0
61.9197,109.863281,1.278992,0.175781,0
61.9349,110.039062,1.282092,0.175781,0
61.9501,110.126953,1.283643,0.087891,0
61.9655,110.302734,1.286743,0.175781,0
61.9807,110.390625,1.288293,0.087891,0
61.9959,110.478516,1.289844,0.087891,0
62.0113,110.742188,1.294495,0.263672,0
62.0266,110.830078,1.296045,0.087891,0
62.0419,111.005859,1.299146,0.175781,0
62.0571,111.093750,1.300696,0.087891,0
62.0726,111.269531,1.303796,0.175781,0
62.0878,111.269531,1.303796,0.000000,0
62.1030,111.445312,1.306897,0.175781,0
62.1182,111.533203,1.308447,0.087891,0
62.1335,111.796875,1.313098,0.263672,0
62.1488,111.884766,1.314648,0.087891,0
62.1640,111.972656,1.316199,0.087891,0
62.1792,112.148438,1.319299,0.175781,0
62.1945,112.324219,1.322400,0.175781,0
62.2097,112.500000,1.325500,0.175781,0
62.2254,112.587891,1.327051,0.087891,0
62.2406,112.851562,1.331702,0.263672,0
62.2558,112.939453,1.333252,0.087891,0
62.2711,113.027344,1.334802,0.087891,0
62.2863,113.203125,1.337903,0.175781,0
62.3015,113.466797,1.342554,0.263672,0
62.3167,113.554688,1.344104,0.087891,0
62.3319,113.642578,1.345654,0.087891,0
62.3471,113.818359,1.348755,0.175781,0
62.3623,113.906250,1.350305,0.087891,0
62.3778,114.082031,1.353406,0.175781,0
62.3930,114.169922,1.354956,0.087891,0
62.4082,114.433594,1.359607,0.263672,0
62.4234,114.521484,1.361157,0.087891,0
62.4386,114.697266,1.364258,0.175781,0
62.4539,114.785156,1.365808,0.087891,0
62.4691,114.960938,1.368909,0.175781,0
62.4843,114.960938,1.368909,0.000000,0
62.4995,115.136719,1.372009,0.175781,0
62.5147,115.312500,1.375110,0.175781,0
62.5300,115.400391,1.376660,0.087891,0
62.5453,115.664062,1.381311,0.263672,0
62.5605,115.664062,1.381311,0.000000,0
62.5758,115.839844,1.384412,0.175781,0
62.5911,116.015625,1.387512,0.175781,0
62.6063,116.191406,1.390613,0.175781,0
62.6215,116.367188,1.393713,0.175781,0
62.6368,116.542969,1.396814,0.175781,0
62.6521,116.630859,1.398364,0.087891,0
62.6673,116.806641,1.401465,0.175781,0
62.6826,116.894531,1.403015,0.087891,0
62.6979,116.982422,1.404565,0.087891,0
62.7131,117.246094,1.409216,0.263672,0
62.7283,117.333984,1.410767,0.087891,0
62.7439,117.509766,1.413867,0.175781,0
62.7595,117.597656,1.415417,0.087891,0
62.7749,117.773438,1.418518,0.175781,0
62.7901,117.949219,1.421619,0.175781,0
62.8053,118.125000,1.424719,0.175781,0
62.8206,118.212891,1.426270,0.087891,0
62.8359,118.300781,1.427820,0.087891,0
62.8511,118.388672,1.429370,0.087891,0
62.8663,118.652344,1.434021,0.263672,0
62.8816,118.740234,1.435571,0.087891,0
62.8968,118.828125,1.437122,0.087891,0
62.9122,119.003906,1.440222,0.175781,0
62.9274,119.091797,1.441772,0.087891,0
62.9432,119.355469,1.446423,0.263672,0
62.9584,119.443359,1.447974,0.087891,0
62.9757,119.619141,1.451074,0.175781,0
62.9909,119.794922,1.454175,0.175781,0
63.0061,119.970703,1.457275,0.175781,0
63.0213,120.058594,1.458826,0.087891,0
63.0371,120.234375,1.461926,0.175781,0
63.0524,120.410156,1.465027,0.175781,0
63.0676,120.585938,1.468127,0.175781,0
63.0828,120.673828,1.469678,0.087891,0
63.0981,120.849609,1.472778,0.175781,0
63.1133,120.937500,1.474329,0.087891,0
63.1285,121.113281,1.477429,0.175781,0
63.1437,121.201172,1.478979,0.087891,0
63.1589,121.289062,1.480530,0.087891,0
63.1745,121.552734,1.485181,0.263672,0
63.1897,121.640625,1.486731,0.087891,0
63.2050,121.816406,1.489832,0.175781,0
63.2202,121.904297,1.491382,0.087891,0
63.2354,121.992188,1.492932,0.087891,0
63.2506,122.080078,1.494482,0.087891,0
63.2658,122.255859,1.497583,0.175781,0
63.2810,122.431641,1.500684,0.175781,0
63.2963,122.607422,1.503784,0.175781,0
63.3115,122.783203,1.506885,0.175781,0
63.3267,122.871094,1.508435,0.087891,0
63.3420,123.046875,1.511536,0.175781,0
63.3572,123.134766,1.513086,0.087891,0
63.3725,123.398438,1.517737,0.263672,0
63.3877,123.486328,1.519287,0.087891,0
63.4029,123.662109,1.522388,0.175781,0
63.4181,123.750000,1.523938,0.087891,0
63.4333,124.013672,1.528589,0.263672,0
63.4486,124.101562,1.530139,0.087891,0
63.4638,124.277344,1.533240,0.175781,0
63.4791,124.365234,1.534790,0.087891,0
63.4943,124.453125,1.536340,0.087891,0
63.5095,124.628906,1.539441,0.175781,0
63.5247,124.716797,1.540991,0.087891,0
63.5399,124.892578,1.544092,0.175781,0
63.5553,124.980469,1.545642,0.087891,0
63.5705,125.244141,1.550293,0.263672,0
63.5861,125.332031,1.551843,0.087891,0
63.6014,125.507812,1.554944,0.175781,0
63.6166,125.595703,1.556494,0.087891,0
63.6319,125.771484,1.559595,0.175781,0
63.6471,125.859375,1.561145,0.087891,0
63.6623,125.947266,1.562695,0.087891,0
63.6776,126.123047,1.565796,0.175781,0
63.6928,126.298828,1.568896,0.175781,0
63.7080,126.474609,1.571997,0.175781,0
63.7236,126.562500,1.573547,0.087891,0
63.7388,126.738281,1.576648,0.175781,0
63.7541,126.914062,1.579749,0.175781,0
63.7693,127.089844,1.582849,0.175781,0
63.7846,127.177734,1.584399,0.087891,0
63.7998,127.353516,1.587500,0.175781,0
63.8150,127.441406,1.589050,0.087891,0
63.8302,127.617188,1.592151,0.175781,0
63.8455,127.792969,1.595251,0.175781,0
63.8607,127.880859,1.596802,0.087891,0
63.8759,127.968750,1.598352,0.087891,0
63.8911,128.144531,1.601453,0.175781,0
63.9063,128.408203,1.606104,0.263672,0
63.9215,128.496094,1.607654,0.087891,0
63.9368,128.671875,1.610754,0.175781,0
63.9520,128.759766,1.612305,0.087891,0
63.9673,128.847656,1.613855,0.087891,0
63.9825,128.935547,1.615405,0.087891,0
63.9977,129.023438,1.616956,0.087891,0
64.0131,129.287109,1.621606,0.263672,0
64.0283,129.375000,1.623157,0.087891,0
64.0435,129.638672,1.627808,0.263672,0
64.0587,129.726562,1.629358,0.087891,0
64.0739,129.902344,1.632458,0.175781,0
64.0893,129.990234,1.634009,0.087891,0
64.1045,130.166016,1.637109,0.175781,0
64.1198,130.341797,1.640210,0.175781,0
64.1351,130.517578,1.643311,0.175781,0
64.1508,130.605469,1.644861,0.087891,0
64.1660,130.781250,1.647961,0.175781,0
64.1816,130.957031,1.651062,0.175781,0
64.1968,131.044922,1.652612,0.087891,0
64.2120,131.132812,1.654163,0.087891,0
64.2272,131.220703,1.655713,0.087891,0
64.2424,131.484375,1.660364,0.263672,0
64.2576,131.572266,1.661914,0.087891,0
64.2729,131.748047,1.665015,0.175781,0
64.2881,131.835938,1.666565,0.087891,0
64.3033,132.099609,1.671216,0.263672,0
64.3186,132.187500,1.672766,0.087891,0
64.3338,132.275391,1.674316,0.087891,0
64.3490,132.363281,1.675867,0.087891,0
64.3642,132.451172,1.677417,0.087891,0
64.3794,132.626953,1.680518,0.175781,0
64.3946,132.802734,1.683618,0.175781,0
64.4098,132.978516,1.686719,0.175781,0
64.4250,133.066406,1.688269,0.087891,0
64.4402,133.330078,1.692920,0.263672,0
64.4555,133.417969,1.694470,0.087891,0
64.4707,133.593750,1.697571,0.175781,0
64.4859,133.681641,1.699121,0.087891,0
64.5011,133.945312,1.703772,0.263672,0
64.5165,134.033203,1.705322,0.087891,0
64.5321,134.121094,1.706873,0.087891,0
64.5476,134.296875,1.709973,0.175781,0
64.5628,134.384766,1.711523,0.087891,0
64.5780,134.560547,1.714624,0.175781,0
64.5933,134.648438,1.716174,0.087891,0
64.6089,134.824219,1.719275,0.175781,0
64.6241,135.000000,1.722375,0.175781,0
64.6393,135.175781,1.725476,0.175781,0
64.6546,135.351562,1.728577,0.175781,0
64.6698,135.527344,1.731677,0.175781,0
64.6850,135.615234,1.733228,0.087891,0
64.7002,135.703125,1.734778,0.087891,0
64.7154,135.791016,1.736328,0.087891,0
64.7307,135.878906,1.737878,0.087891,0
64.7459,136.142578,1.742529,0.263672,0
64.7612,136.142578,1.742529,0.000000,0
64.7764,136.406250,1.747180,0.263672,0
64.7917,136.494141,1.748730,0.087891,0
64.8069,136.669922,1.751831,0.175781,0
64.8221,136.845703,1.754932,0.175781,0
64.8377,137.021484,1.758032,0.175781,0
64.8530,137.197266,1.761133,0.175781,0
64.8682,137.373047,1.764233,0.175781,0
64.8834,137.373047,1.764233,0.000000,0
64.8997,137.636719,1.768884,0.263672,0
64.9149,137.724609,1.770435,0.087891,0
64.9301,137.812500,1.771985,0.087891,0
64.9453,137.988281,1.775085,0.175781,0
64.9606,138.076172,1.776636,0.087891,0
64.9763,138.251953,1.779736,0.175781,0
64.9915,138.427734,1.782837,0.175781,0
65.0067,138.603516,1.785938,0.175781,0
65.0220,138.691406,1.787488,0.087891,0
65.0372,138.867188,1.790588,0.175781,0
65.0525,138.955078,1.792139,0.087891,0
65.0682,139.130859,1.795239,0.175781,0
65.0834,139.130859,1.795239,0.000000,0
65.0986,139.394531,1.799890,0.263672,0
65.1138,139.482422,1.801440,0.087891,0
65.1290,139.658203,1.804541,0.175781,0
65.1442,139.833984,1.807642,0.175781,0
65.1595,139.833984,1.807642,0.000000,0
65.1748,140.097656,1.812292,0.263672,0
65.1901,140.185547,1.813843,0.087891,0
65.2054,140.449219,1.818494,0.263672,0
65.2206,140.537109,1.820044,0.087891,0
65.2358,140.712891,1.823145,0.175781,0
65.2511,140.800781,1.824695,0.087891,0
65.2663,140.976562,1.827795,0.175781,0
65.2819,141.152344,1.830896,0.175781,0
65.2971,141.240234,1.832446,0.087891,0
65.3125,141.416016,1.835547,0.175781,0
65.3277,141.591797,1.838647,0.175781,0
65.3429,141.679688,1.840198,0.087891,0
65.3594,141.855469,1.843298,0.175781,0
65.3746,142.031250,1.846399,0.175781,0
65.3900,142.119141,1.847949,0.087891,0
65.4053,142.294922,1.851050,0.175781,0
65.4211,142.382812,1.852600,0.087891,0
65.4363,142.558594,1.855701,0.175781,0
65.4515,142.646484,1.857251,0.087891,0
65.4669,142.822266,1.860352,0.175781,0
65.4821,142.998047,1.863452,0.175781,0
65.4974,143.173828,1.866553,0.175781,0
65.5126,143.261719,1.868103,0.087891,0
65.5278,143.349609,1.869653,0.087891,0
65.5431,143.613281,1.874304,0.263672,0
65.5583,143.701172,1.875854,0.087891,0
65.5735,143.876953,1.878955,0.175781,0
65.5887,144.052734,1.882056,0.175781,0
65.6040,144.140625,1.883606,0.087891,0
65.6192,144.228516,1.885156,0.087891,0
65.6344,144.492188,1.889807,0.263672,0
65.6496,144.580078,1.891357,0.087891,0
65.6650,144.755859,1.894458,0.175781,0
65.6802,144.843750,1.896008,0.087891,0
65.6954,144.931641,1.897559,0.087891,0
65.7106,145.107422,1.900659,0.175781,0
65.7258,145.283203,1.903760,0.175781,0
65.7411,145.371094,1.905310,0.087891,0
65.7563,145.546875,1.908411,0.175781,0
65.7716,145.722656,1.911511,0.175781,0
65.7869,145.722656,1.911511,0.000000,0
65.8021,145.898438,1.914612,0.175781,0
65.8173,145.986328,1.916162,0.087891,0
65.8325,146.250000,1.920813,0.263672,0
65.8478,146.337891,1.922363,0.087891,0
65.8630,146.513672,1.925464,0.175781,0
65.8782,146.689453,1.928564,0.175781,0
65.8935,146.777344,1.930115,0.087891,0
65.9087,146.953125,1.933215,0.175781,0
65.9239,147.128906,1.936316,0.175781,0
65.9392,147.304688,1.939417,0.175781,0
65.9545,147.392578,1.940967,0.087891,0
65.9697,147.568359,1.944067,0.175781,0
65.9849,147.656250,1.945618,0.087891,0
66.0001,147.832031,1.948718,0.175781,0
66.0154,148.007812,1.951819,0.175781,0
66.0306,148.095703,1.953369,0.087891,0
66.0458,148.271484,1.956470,0.175781,0
66.0610,148.359375,1.958020,0.087891,0
66.0764,148.623047,1.962671,0.263672,0
66.0916,148.710938,1.964221,0.087891,0
66.1068,148.886719,1.967322,0.175781,0
66.1220,148.974609,1.968872,0.087891,0
66.1374,149.062500,1.970422,0.087891,0
66.1526,149.150391,1.971973,0.087891,0
66.1678,149.501953,1.978174,0.351562,0
66.1830,149.589844,1.979724,0.087891,0
66.1983,149.677734,1.981274,0.087891,0
66.2135,149.853516,1.984375,0.175781,0
66.2287,149.941406,1.985925,0.087891,0
66.2440,150.117188,1.989026,0.175781,0
66.2606,150.292969,1.992126,0.175781,0
66.2760,150.556641,1.996777,0.263672,0
66.2913,150.644531,1.998328,0.087891,0
66.3065,150.732422,1.999878,0.087891,0
66.3217,150.908203,2.002979,0.175781,0
66.3370,151.083984,2.006079,0.175781,0
66.3523,151.171875,2.007629,0.087891,0
66.3675,151.435547,2.012280,0.263672,0
66.3827,151.523438,2.013831,0.087891,0
66.3979,151.611328,2.015381,0.087891,0
66.4132,151.787109,2.018481,0.175781,0
66.4288,151.875000,2.020032,0.087891,0
66.4440,152.138672,2.024683,0.263672,0
66.4593,152.226562,2.026233,0.087891,0
66.4745,152.314453,2.027783,0.087891,0
66.4898,152.314453,2.027783,0.000000,0
66.5050,152.578125,2.032434,0.263672,0
66.5202,152.666016,2.033984,0.087891,0
66.5354,152.929688,2.038635,0.263672,0
66.5506,153.017578,2.040186,0.087891,0
66.5659,153.193359,2.043286,0.175781,0
66.5812,153.281250,2.044836,0.087891,0
66.5965,153.369141,2.046387,0.087891,0
66.6118,153.632812,2.051038,0.263672,0
66.6270,153.720703,2.052588,0.087891,0
66.6422,153.984375,2.057239,0.263672,0
66.6574,154.072266,2.058789,0.087891,0
66.6727,154.248047,2.061890,0.175781,0
66.6879,154.335938,2.063440,0.087891,0
66.7031,154.511719,2.066541,0.175781,0
66.7183,154.599609,2.068091,0.087891,0
66.7336,154.775391,2.071191,0.175781,0
66.7488,154.863281,2.072742,0.087891,0
66.7640,155.039062,2.075842,0.175781,0
66.7792,155.214844,2.078943,0.175781,0
66.7945,155.302734,2.080493,0.087891,0
66.8097,155.478516,2.083594,0.175781,0
66.8249,155.566406,2.085144,0.087891,0
66.8401,155.742188,2.088245,0.175781,0
66.8554,155.830078,2.089795,0.087891,0
66.8706,156.005859,2.092896,0.175781,0
66.8865,156.093750,2.094446,0.087891,0
66.9017,156.357422,2.099097,0.263672,0
66.9169,156.445312,2.100647,0.087891,0
66.9321,156.533203,2.102197,0.087891,0
66.9474,156.708984,2.105298,0.175781,0
66.9626,156.796875,2.106848,0.087891,0
66.9778,157.060547,2.111499,0.263672,0
66.9937,157.236328,2.114600,0.175781,0
67.0089,157.324219,2.116150,0.087891,0
67.0241,157.500000,2.119250,0.175781,0
67.0394,157.675781,2.122351,0.175781,0
67.0552,157.763672,2.123901,0.087891,0
67.0704,157.939453,2.127002,0.175781,0
67.0857,158.027344,2.128552,0.087891,0
67.1015,158.291016,2.133203,0.263672,0
67.1167,158.378906,2.134753,0.087891,0
67.1320,158.554688,2.137854,0.175781,0
67.1472,158.642578,2.139404,0.087891,0
67.1624,158.730469,2.140955,0.087891,0
67.1777,158.906250,2.144055,0.175781,0
67.1932,158.994141,2.145605,0.087891,0
67.2085,159.169922,2.148706,0.175781,0
67.2237,159.257812,2.150256,0.087891,0
67.2390,159.521484,2.154907,0.263672,0
67.2542,159.609375,2.156458,0.087891,0
67.2694,159.697266,2.158008,0.087891,0
67.2846,159.785156,2.159558,0.087891,0
67.2999,160.048828,2.164209,0.263672,0
67.3151,160.224609,2.167310,0.175781,0
67.3303,160.312500,2.168860,0.087891,0
67.3455,160.576172,2.173511,0.263672,0
67.3607,160.576172,2.173511,0.000000,0
67.3759,160.839844,2.178162,0.263672,0
67.3913,160.927734,2.179712,0.087891,0
67.4066,161.103516,2.182813,0.175781,0
67.4218,161.191406,2.184363,0.087891,0
67.4371,161.367188,2.187463,0.175781,0
67.4547,161.455078,2.189014,0.087891,0
67.4699,161.630859,2.192114,0.175781,0
67.4851,161.806641,2.195215,0.175781,0
67.5004,161.982422,2.198315,0.175781,0
67.5156,162.070312,2.199866,0.087891,0
67.5308,162.158203,2.201416,0.087891,0
67.5464,162.246094,2.202966,0.087891,0
67.5617,162.509766,2.207617,0.263672,0
67.5769,162.597656,2.209167,0.087891,0
67.5922,162.685547,2.210718,0.087891,0
67.6075,162.861328,2.213818,0.175781,0
67.6227,163.037109,2.216919,0.175781,0
67.6386,163.300781,2.221570,0.263672,0
67.6539,163.388672,2.223120,0.087891,0
67.6692,163.652344,2.227771,0.263672,0
67.6844,163.740234,2.229321,0.087891,0
67.6997,163.916016,2.232422,0.175781,0
67.7149,164.003906,2.233972,0.087891,0
67.7302,164.179688,2.237073,0.175781,0
67.7454,164.267578,2.238623,0.087891,0
67.7606,164.531250,2.243274,0.263672,0
67.7758,164.619141,2.244824,0.087891,0
67.7910,164.707031,2.246375,0.087891,0
67.8063,164.882812,2.249475,0.175781,0
67.8215,164.970703,2.251025,0.087891,0
67.8368,165.146484,2.254126,0.175781,0
67.8522,165.234375,2.255676,0.087891,0
67.8674,165.410156,2.258777,0.175781,0
67.8828,165.498047,2.260327,0.087891,0
67.8981,165.673828,2.263428,0.175781,0
67.9133,165.761719,2.264978,0.087891,0
67.9285,166.025391,2.269629,0.263672,0
67.9439,166.113281,2.271179,0.087891,0
67.9591,166.201172,2.272729,0.087891,0
67.9743,166.376953,2.275830,0.175781,0
67.9895,166.552734,2.278931,0.175781,0
68.0048,166.728516,2.282031,0.175781,0
68.0202,166.904297,2.285132,0.175781,0
68.0354,167.080078,2.288232,0.175781,0
68.0506,167.167969,2.289783,0.087891,0
68.0659,167.343750,2.292883,0.175781,0
68.0811,167.431641,2.294434,0.087891,0
68.0963,167.607422,2.297534,0.175781,0
68.1116,167.695312,2.299084,0.087891,0
68.1268,167.783203,2.300635,0.087891,0
68.1420,168.046875,2.305286,0.263672,0
68.1574,168.134766,2.306836,0.087891,0
68.1726,168.310547,2.309937,0.175781,0
68.1878,168.398438,2.311487,0.087891,0
68.2032,168.574219,2.314587,0.175781,0
68.2185,168.662109,2.316138,0.087891,0
68.2338,168.837891,2.319238,0.175781,0
68.2492,168.925781,2.320789,0.087891,0
68.2644,169.101562,2.323889,0.175781,0
68.2797,169.277344,2.326990,0.175781,0
68.2949,169.453125,2.330090,0.175781,0
68.3102,169.541016,2.331641,0.087891,0
68.3254,169.628906,2.333191,0.087891,0
68.3407,169.892578,2.337842,0.263672,0
68.3559,169.980469,2.339392,0.087891,0
68.3711,170.244141,2.344043,0.263672,0
68.3863,170.332031,2.345593,0.087891,0
68.4015,170.595703,2.350244,0.263672,0
68.4168,170.683594,2.351794,0.087891,0
68.4320,170.859375,2.354895,0.175781,0
68.4472,170.947266,2.356445,0.087891,0
68.4624,171.035156,2.357996,0.087891,0
68.4778,171.210938,2.361096,0.175781,0
68.4930,171.298828,2.362646,0.087891,0
68.5083,171.562500,2.367297,0.263672,0
68.5235,171.650391,2.368848,0.087891,0
68.5389,171.826172,2.371948,0.175781,0
68.5544,171.914062,2.373499,0.087891,0
68.5698,172.089844,2.376599,0.175781,0
68.5850,172.177734,2.378149,0.087891,0
68.6003,172.353516,2.381250,0.175781,0
68.6155,172.441406,2.382800,0.087891,0
68.6307,172.705078,2.387451,0.263672,0
68.6459,172.792969,2.389001,0.087891,0
68.6612,172.880859,2.390552,0.087891,0
68.6764,173.056641,2.393652,0.175781,0
68.6916,173.232422,2.396753,0.175781,0
68.7069,173.496094,2.401404,0.263672,0
68.7221,173.583984,2.402954,0.087891,0
68.7373,173.759766,2.406055,0.175781,0
68.7525,173.847656,2.407605,0.087891,0
68.7678,174.023438,2.410706,0.175781,0
68.7830,174.111328,2.412256,0.087891,0
68.7982,174.287109,2.415356,0.175781,0
68.8134,174.462891,2.418457,0.175781,0
68.8286,174.550781,2.420007,0.087891,0
68.8439,174.726562,2.423108,0.175781,0
68.8591,174.814453,2.424658,0.087891,0
68.8745,174.990234,2.427759,0.175781,0
68.8897,175.078125,2.429309,0.087891,0
68.9059,175.253906,2.432410,0.175781,0
68.9211,175.341797,2.433960,0.087891,0
68.9380,175.517578,2.437061,0.175781,0
68.9532,175.605469,2.438611,0.087891,0
68.9684,175.869141,2.443262,0.263672,0
68.9837,175.957031,2.444812,0.087891,0
68.9991,176.132812,2.447913,0.175781,0
69.0144,176.308594,2.451013,0.175781,0
69.0297,176.484375,2.454114,0.175781,0
69.0449,176.572266,2.455664,0.087891,0
69.0601,176.835938,2.460315,0.263672,0
69.0753,176.923828,2.461865,0.087891,0
69.0906,177.011719,2.463416,0.087891,0
69.1058,177.275391,2.468066,0.263672,0
69.1210,177.363281,2.469617,0.087891,0
69.1362,177.539062,2.472717,0.175781,0
69.1515,177.626953,2.474268,0.087891,0
69.1668,177.802734,2.477368,0.175781,0
69.1821,177.890625,2.478918,0.087891,0
69.1973,178.154297,2.483569,0.263672,0
69.2125,178.242188,2.485120,0.087891,0
69.2278,178.417969,2.488220,0.175781,0
69.2430,178.505859,2.489771,0.087891,0
69.2582,178.593750,2.491321,0.087891,0
69.2734,178.681641,2.492871,0.087891,0
69.2886,178.769531,2.494421,0.087891,0
69.3039,179.033203,2.499072,0.263672,0
69.3191,179.121094,2.500623,0.087891,0
69.3343,179.384766,2.505273,0.263672,0
69.3495,179.472656,2.506824,0.087891,0
69.3649,179.648438,2.509924,0.175781,0
69.3801,179.736328,2.511475,0.087891,0
69.3953,180.000000,2.516125,0.263672,0
69.4105,180.175781,2.519226,0.175781,0
69.4258,180.263672,2.520776,0.087891,0
69.4411,180.439453,2.523877,0.175781,0
69.4563,180.527344,2.525427,0.087891,0
69.4715,180.703125,2.528528,0.175781,0
69.4867,180.791016,2.530078,0.087891,0
69.5019,181.054688,2.534729,0.263672,0
69.5171,181.142578,2.536279,0.087891,0
69.5324,181.318359,2.539380,0.175781,0
69.5476,181.406250,2.540930,0.087891,0
69.5628,181.494141,2.542480,0.087891,0
69.5781,181.669922,2.545581,0.175781,0
69.5933,181.845703,2.548682,0.175781,0
69.6085,182.021484,2.551782,0.175781,0
69.6237,182.021484,2.551782,0.000000,0
69.6389,182.285156,2.556433,0.263672,0
69.6541,182.373047,2.557983,0.087891,0
69.6694,182.548828,2.561084,0.175781,0
69.6847,182.636719,2.562634,0.087891,0
69.6999,182.900391,2.567285,0.263672,0
69.7151,182.988281,2.568835,0.087891,0
69.7304,183.164062,2.571936,0.175781,0
69.7458,183.339844,2.575037,0.175781,0
69.7610,183.515625,2.578137,0.175781,0
69.7762,183.691406,2.581238,0.175781,0
69.7914,183.779297,2.582788,0.087891,0
69.8067,183.955078,2.585889,0.175781,0
69.8219,184.042969,2.587439,0.087891,0
69.8372,184.218750,2.590540,0.175781,0
69.8524,184.394531,2.593640,0.175781,0
69.8676,184.570312,2.596741,0.175781,0
69.8828,184.658203,2.598291,0.087891,0
69.8980,184.746094,2.599841,0.087891,0
69.9132,185.009766,2.604492,0.263672,0
69.9285,185.097656,2.606042,0.087891,0
69.9437,185.185547,2.607593,0.087891,0
69.9590,185.273438,2.609143,0.087891,0
69.9742,185.449219,2.612244,0.175781,0
69.9894,185.537109,2.613794,0.087891,0
70.0046,185.712891,2.616895,0.175781,0
70.0199,185.800781,2.618445,0.087891,0
70.0351,186.064453,2.623096,0.263672,0
70.0503,186.152344,2.624646,0.087891,0
70.0662,186.328125,2.627747,0.175781,0
70.0815,186.503906,2.630847,0.175781,0
70.0967,186.591797,2.632397,0.087891,0
70.1119,186.855469,2.637048,0.263672,0
70.1271,186.943359,2.638599,0.087891,0
70.1424,187.119141,2.641699,0.175781,0
70.1576,187.207031,2.643250,0.087891,0
70.1728,187.470703,2.647900,0.263672,0
70.1887,187.558594,2.649451,0.087891,0
70.2039,187.734375,2.652551,0.175781,0
70.2192,187.910156,2.655652,0.175781,0
70.2344,188.085938,2.658752,0.175781,0
70.2497,188.173828,2.660303,0.087891,0
70.2650,188.261719,2.661853,0.087891,0
70.2802,188.437500,2.664954,0.175781,0
70.2963,188.525391,2.666504,0.087891,0
70.3115,188.701172,2.669604,0.175781,0
70.3267,188.789062,2.671155,0.087891,0
70.3421,188.964844,2.674255,0.175781,0
70.3573,189.052734,2.675806,0.087891,0
70.3725,189.228516,2.678906,0.175781,0
70.3877,189.404297,2.682007,0.175781,0
70.4029,189.580078,2.685107,0.175781,0
70.4181,189.667969,2.686658,0.087891,0
70.4334,189.843750,2.689758,0.175781,0
70.4486,190.019531,2.692859,0.175781,0
70.4638,190.107422,2.694409,0.087891,0
70.4790,190.371094,2.699060,0.263672,0
70.4943,190.546875,2.702161,0.175781,0
70.5095,190.722656,2.705261,0.175781,0
70.5247,190.810547,2.706812,0.087891,0
70.5401,190.986328,2.709912,0.175781,0
70.5554,191.074219,2.711462,0.087891,0
70.5706,191.337891,2.716113,0.263672,0
70.5858,191.425781,2.717664,0.087891,0
70.6010,191.601562,2.720764,0.175781,0
70.6162,191.777344,2.723865,0.175781,0
70.6315,191.865234,2.725415,0.087891,0
70.6469,192.041016,2.728516,0.175781,0
70.6621,192.128906,2.730066,0.087891,0
70.6773,192.304688,2.733167,0.175781,0
70.6925,192.304688,2.733167,0.000000,0
70.7078,192.480469,2.736267,0.175781,0
70.7230,192.656250,2.739368,0.175781,0
70.7382,192.832031,2.742468,0.175781,0
70.7535,193.007812,2.745569,0.175781,0
70.7687,193.183594,2.748669,0.175781,0
70.7839,193.271484,2.750220,0.087891,0
70.7992,193.359375,2.751770,0.087891,0
70.8144,193.623047,2.756421,0.263672,0
70.8296,193.710938,2.757971,0.087891,0
70.8448,193.974609,2.762622,0.263672,0
70.8601,194.062500,2.764172,0.087891,0
70.8753,194.238281,2.767273,0.175781,0
70.8905,194.326172,2.768823,0.087891,0
70.9057,194.501953,2.771924,0.175781,0
70.9210,194.589844,2.773474,0.087891,0
70.9362,194.853516,2.778125,0.263672,0
70.9514,194.941406,2.779675,0.087891,0
70.9666,195.029297,2.781226,0.087891,0
70.9819,195.205078,2.784326,0.175781,0
70.9971,195.380859,2.787427,0.175781,0
71.0124,195.556641,2.790527,0.175781,0
71.0276,195.644531,2.792078,0.087891,0
71.0428,195.732422,2.793628,0.087891,0
71.0580,195.820312,2.795178,0.087891,0
71.0732,195.996094,2.798279,0.175781,0
71.0885,196.171875,2.801379,0.175781,0
71.1037,196.347656,2.804480,0.175781,0
71.1190,196.435547,2.806030,0.087891,0
71.1342,196.523438,2.807581,0.087891,0
71.1497,196.699219,2.810681,0.175781,0
71.1651,196.875000,2.813782,0.175781,0
71.1805,197.050781,2.816882,0.175781,0
71.1957,197.226562,2.819983,0.175781,0
71.2109,197.490234,2.824634,0.263672,0
71.2261,197.578125,2.826184,0.087891,0
71.2413,197.753906,2.829285,0.175781,0
71.2566,197.841797,2.830835,0.087891,0
71.2718,198.105469,2.835486,0.263672,0
71.2870,198.105469,2.835486,0.000000,0
71.3068,198.369141,2.840137,0.263672,0
71.3221,198.457031,2.841687,0.087891,0
71.3374,198.632812,2.844788,0.175781,0
71.3527,198.808594,2.847888,0.175781,0
71.3679,198.984375,2.850989,0.175781,0
71.3831,199.160156,2.854089,0.175781,0
71.3984,199.335938,2.857190,0.175781,0
71.4136,199.335938,2.857190,0.000000,0
71.4289,199.511719,2.860291,0.175781,0
71.4441,199.599609,2.861841,0.087891,0
71.4595,199.687500,2.863391,0.087891,0
71.4748,199.951172,2.868042,0.263672,0
71.4900,200.039062,2.869592,0.087891,0
71.5052,200.214844,2.872693,0.175781,0
71.5204,200.302734,2.874243,0.087891,0
71.5357,200.478516,2.877344,0.175781,0
71.5509,200.654297,2.880444,0.175781,0
71.5662,200.917969,2.885095,0.263672,0
71.5814,201.093750,2.888196,0.175781,0
71.5966,201.181641,2.889746,0.087891,0
71.6118,201.269531,2.891296,0.087891,0
71.6270,201.357422,2.892847,0.087891,0
71.6422,201.621094,2.897498,0.263672,0
71.6575,201.708984,2.899048,0.087891,0
71.6727,201.884766,2.902148,0.175781,0
71.6879,201.972656,2.903699,0.087891,0
71.7031,202.148438,2.906799,0.175781,0
71.7185,202.324219,2.909900,0.175781,0
71.7337,202.500000,2.913000,0.175781,0
71.7489,202.587891,2.914551,0.087891,0
71.7642,202.763672,2.917651,0.175781,0
71.7797,202.851562,2.919202,0.087891,0
71.7953,202.939453,2.920752,0.087891,0
71.8105,203.027344,2.922302,0.087891,0
71.8257,203.115234,2.923853,0.087891,0
71.8409,203.378906,2.928503,0.263672,0
71.8562,203.466797,2.930054,0.087891,0
71.8715,203.730469,2.934705,0.263672,0
71.8867,203.730469,2.934705,0.000000,0
71.9020,203.906250,2.937805,0.175781,0
71.9172,204.082031,2.940906,0.175781,0
71.9324,204.345703,2.945557,0.263672,0
71.9476,204.433594,2.947107,0.087891,0
71.9629,204.697266,2.951758,0.263672,0
71.9782,204.785156,2.953308,0.087891,0
71.9934,204.873047,2.954858,0.087891,0
72.0086,205.048828,2.957959,0.175781,0
72.0238,205.136719,2.959509,0.087891,0
72.0391,205.400391,2.964160,0.263672,0
72.0543,205.488281,2.965710,0.087891,0
72.0695,205.664062,2.968811,0.175781,0
72.0847,205.751953,2.970361,0.087891,0
72.0999,206.015625,2.975012,0.263672,0
72.1159,206.103516,2.976563,0.087891,0
72.1311,206.279297,2.979663,0.175781,0
72.1463,206.367188,2.981213,0.087891,0
72.1616,206.455078,2.982764,0.087891,0
72.1768,206.630859,2.985864,0.175781,0
72.1921,206.718750,2.987415,0.087891,0
72.2073,206.806641,2.988965,0.087891,0
72.2226,206.982422,2.992065,0.175781,0
72.2387,207.158203,2.995166,0.175781,0
72.2539,207.333984,2.998267,0.175781,0
72.2691,207.509766,3.001367,0.175781,0
72.2844,207.597656,3.002917,0.087891,0
72.2996,207.773438,3.006018,0.175781,0
72.3163,207.949219,3.009119,0.175781,0
72.3315,208.212891,3.013770,0.263672,0
72.3467,208.388672,3.016870,0.175781,0
72.3620,208.564453,3.019971,0.175781,0
72.3772,208.652344,3.021521,0.087891,0
72.3924,208.740234,3.023071,0.087891,0
72.4076,208.916016,3.026172,0.175781,0
72.4234,209.003906,3.027722,0.087891,0
72.4386,209.267578,3.032373,0.263672,0
72.4538,209.355469,3.033923,0.087891,0
72.4692,209.619141,3.038574,0.263672,0
72.4844,209.707031,3.040125,0.087891,0
72.4997,209.882812,3.043225,0.175781,0
72.5149,209.970703,3.044775,0.087891,0
72.5301,210.234375,3.049426,0.263672,0
72.5453,210.234375,3.049426,0.000000,0
72.5605,210.410156,3.052527,0.175781,0
72.5760,210.498047,3.054077,0.087891,0
72.5912,210.585938,3.055627,0.087891,0
72.6065,210.849609,3.060278,0.263672,0
72.6217,210.937500,3.061829,0.087891,0
72.6369,211.113281,3.064929,0.175781,0
72.6522,211.201172,3.066479,0.087891,0
72.6675,211.464844,3.071130,0.263672,0
72.6827,211.552734,3.072681,0.087891,0
72.6979,211.816406,3.077332,0.263672,0
72.7132,211.992188,3.080432,0.175781,0
72.7284,212.167969,3.083533,0.175781,0
72.7436,212.167969,3.083533,0.000000,0
72.7588,212.343750,3.086633,0.175781,0
72.7741,212.519531,3.089734,0.175781,0
72.7893,212.695312,3.092834,0.175781,0
72.8045,212.871094,3.095935,0.175781,0
72.8197,212.958984,3.097485,0.087891,0
72.8349,213.134766,3.100586,0.175781,0
72.8501,213.222656,3.102136,0.087891,0
72.8657,213.486328,3.106787,0.263672,0
72.8809,213.574219,3.108337,0.087891,0
72.8961,213.750000,3.111438,0.175781,0
72.9114,213.837891,3.112988,0.087891,0
72.9266,214.013672,3.116089,0.175781,0
72.9418,214.101562,3.117639,0.087891,0
72.9571,214.189453,3.119189,0.087891,0
72.9729,214.365234,3.122290,0.175781,0
72.9881,214.453125,3.123840,0.087891,0
73.0034,214.716797,3.128491,0.263672,0
73.0186,214.804688,3.130042,0.087891,0
73.0338,214.980469,3.133142,0.175781,0
73.0491,215.156250,3.136243,0.175781,0
73.0643,215.332031,3.139343,0.175781,0
73.0795,215.507812,3.142444,0.175781,0
73.0947,215.771484,3.147095,0.263672,0
73.1099,215.859375,3.148645,0.087891,0
73.1251,215.947266,3.150195,0.087891,0
73.1404,216.123047,3.153296,0.175781,0
73.1557,216.210938,3.154846,0.087891,0
73.1718,216.386719,3.157947,0.175781,0
73.1870,216.474609,3.159497,0.087891,0
73.2022,216.738281,3.164148,0.263672,0
73.2175,216.826172,3.165698,0.087891,0
73.2327,217.001953,3.168799,0.175781,0
73.2480,217.089844,3.170349,0.087891,0
73.2632,217.353516,3.175000,0.263672,0
73.2784,217.441406,3.176550,0.087891,0
73.2937,217.529297,3.178101,0.087891,0
73.3089,217.705078,3.181201,0.175781,0
73.3245,217.792969,3.182751,0.087891,0
73.3397,217.880859,3.184302,0.087891,0
73.3549,217.968750,3.185852,0.087891,0
73.3701,218.144531,3.188953,0.175781,0
73.3855,218.320312,3.192053,0.175781,0
73.4007,218.496094,3.195154,0.175781,0
73.4159,218.583984,3.196704,0.087891,0
73.4313,218.759766,3.199805,0.175781,0
73.4465,218.847656,3.201355,0.087891,0
73.4618,219.111328,3.206006,0.263672,0
73.4776,219.199219,3.207556,0.087891,0
73.4928,219.287109,3.209106,0.087891,0
73.5081,219.550781,3.213757,0.263672,0
73.5234,219.638672,3.215308,0.087891,0
73.5386,219.814453,3.218408,0.175781,0
73.5538,219.902344,3.219958,0.087891,0
73.5690,220.078125,3.223059,0.175781,0
73.5843,220.166016,3.224609,0.087891,0
73.6001,220.429688,3.229260,0.263672,0
73.6155,220.429688,3.229260,0.000000,0
73.6307,220.693359,3.233911,0.263672,0
73.6460,220.781250,3.235461,0.087891,0
73.6614,221.044922,3.240112,0.263672,0
73.6767,221.044922,3.240112,0.000000,0
73.6919,221.132812,3.241663,0.087891,0
73.7072,221.308594,3.244763,0.175781,0
73.7224,221.484375,3.247864,0.175781,0
73.7376,221.572266,3.249414,0.087891,0
73.7528,221.660156,3.250964,0.087891,0
73.7681,221.835938,3.254065,0.175781,0
73.7834,221.923828,3.255615,0.087891,0
73.7986,222.187500,3.260266,0.263672,0
73.8139,222.275391,3.261816,0.087891,0
73.8291,222.451172,3.264917,0.175781,0
73.8444,222.539062,3.266467,0.087891,0
73.8597,222.714844,3.269568,0.175781,0
73.8749,222.890625,3.272668,0.175781,0
73.8903,223.066406,3.275769,0.175781,0
73.9056,223.330078,3.280420,0.263672,0
73.9208,223.417969,3.281970,0.087891,0
73.9361,223.593750,3.285071,0.175781,0
73.9513,223.681641,3.286621,0.087891,0
73.9665,223.857422,3.289722,0.175781,0
73.9817,223.945312,3.291272,0.087891,0
73.9970,224.208984,3.295923,0.263672,0
74.0123,224.296875,3.297473,0.087891,0
74.0275,224.472656,3.300574,0.175781,0
74.0427,224.560547,3.302124,0.087891,0
74.0579,224.736328,3.305225,0.175781,0
74.0732,224.912109,3.308325,0.175781,0
74.0885,225.000000,3.309875,0.087891,0
74.1037,225.175781,3.312976,0.175781,0
74.1191,225.263672,3.314526,0.087891,0
74.1343,225.351562,3.316077,0.087891,0
74.1495,225.439453,3.317627,0.087891,0
74.1648,225.615234,3.320728,0.175781,0
74.1800,225.791016,3.323828,0.175781,0
74.1955,226.054688,3.328479,0.263672,0
74.2108,226.054688,3.328479,0.000000,0
74.2260,226.142578,3.330029,0.087891,0
74.2412,226.406250,3.334680,0.263672,0
74.2565,226.494141,3.336230,0.087891,0
74.2717,226.757812,3.340881,0.263672,0
74.2870,226.845703,3.342432,0.087891,0
74.3022,227.197266,3.348633,0.351562,0
74.3174,227.197266,3.348633,0.000000,0
74.3330,227.373047,3.351733,0.175781,0
74.3482,227.548828,3.354834,0.175781,0
74.3634,227.724609,3.357935,0.175781,0
74.3787,227.812500,3.359485,0.087891,0
74.3939,227.900391,3.361035,0.087891,0
74.4091,228.076172,3.364136,0.175781,0
74.4243,228.251953,3.367236,0.175781,0
74.4396,228.427734,3.370337,0.175781,0
74.4548,228.515625,3.371887,0.087891,0
74.4700,228.691406,3.374988,0.175781,0
74.4852,228.779297,3.376538,0.087891,0
74.5004,229.042969,3.381189,0.263672,0
74.5172,229.042969,3.381189,0.000000,0
74.5324,229.218750,3.384290,0.175781,0
74.5476,229.306641,3.385840,0.087891,0
74.5628,229.482422,3.388940,0.175781,0
74.5780,229.570312,3.390491,0.087891,0
74.5934,229.746094,3.393591,0.175781,0
74.6086,229.921875,3.396692,0.175781,0
74.6238,230.009766,3.398242,0.087891,0
74.6390,230.185547,3.401343,0.175781,0
74.6542,230.273438,3.402893,0.087891,0
74.6695,230.537109,3.407544,0.263672,0
74.6847,230.625000,3.409094,0.087891,0
74.6999,230.888672,3.413745,0.263672,0
74.7151,230.976562,3.415295,0.087891,0
74.7304,231.152344,3.418396,0.175781,0
74.7456,231.240234,3.419946,0.087891,0
74.7608,231.328125,3.421497,0.087891,0
74.7760,231.503906,3.424597,0.175781,0
74.7913,231.679688,3.427698,0.175781,0
74.8065,231.855469,3.430798,0.175781,0
74.8217,231.943359,3.432349,0.087891,0
74.8370,232.119141,3.435449,0.175781,0
74.8522,232.294922,3.438550,0.175781,0
74.8674,232.470703,3.441650,0.175781,0
74.8826,232.558594,3.443201,0.087891,0
74.8978,232.734375,3.446301,0.175781,0
74.9130,232.822266,3.447852,0.087891,0
74.9283,232.910156,3.449402,0.087891,0
74.9435,233.085938,3.452502,0.175781,0
74.9594,233.173828,3.454053,0.087891,0
74.9747,233.349609,3.457153,0.175781,0
74.9899,233.437500,3.458704,0.087891,0
75.0051,233.613281,3.461804,0.175781,0
75.0204,233.701172,3.463354,0.087891,0
75.0356,233.964844,3.468005,0.263672,0
75.0508,234.052734,3.469556,0.087891,0
75.0660,234.228516,3.472656,0.175781,0
75.0812,234.316406,3.474207,0.087891,0
75.0965,234.580078,3.478857,0.263672,0
75.1117,234.755859,3.481958,0.175781,0
75.1269,234.843750,3.483508,0.087891,0
75.1421,235.019531,3.486609,0.175781,0
75.1574,235.107422,3.488159,0.087891,0
75.1727,235.371094,3.492810,0.263672,0
75.1879,235.458984,3.494360,0.087891,0
75.2032,235.722656,3.499011,0.263672,0
75.2185,235.722656,3.499011,0.000000,0
75.2338,235.986328,3.503662,0.263672,0
75.2490,236.074219,3.505212,0.087891,0
75.2642,236.250000,3.508313,0.175781,0
75.2795,236.337891,3.509863,0.087891,0
75.2956,236.601562,3.514514,0.263672,0
75.3108,236.689453,3.516064,0.087891,0
75.3260,236.689453,3.516064,0.000000,0
75.3412,236.865234,3.519165,0.175781,0
75.3564,236.953125,3.520715,0.087891,0
75.3716,237.128906,3.523816,0.175781,0
75.3868,237.216797,3.525366,0.087891,0
75.4022,237.480469,3.530017,0.263672,0
75.4174,237.568359,3.531567,0.087891,0
75.4326,237.744141,3.534668,0.175781,0
75.4478,237.832031,3.536218,0.087891,0
75.4631,237.919922,3.537769,0.087891,0
75.4783,238.183594,3.542419,0.263672,0
75.4935,238.359375,3.545520,0.175781,0
75.5087,238.535156,3.548621,0.175781,0
75.5240,238.623047,3.550171,0.087891,0
75.5392,238.798828,3.553271,0.175781,0
75.5547,238.974609,3.556372,0.175781,0
75.5699,239.150391,3.559473,0.175781,0
75.5852,239.238281,3.561023,0.087891,0
75.6004,239.501953,3.565674,0.263672,0
75.6157,239.589844,3.567224,0.087891,0
75.6309,239.765625,3.570325,0.175781,0
75.6461,239.765625,3.570325,0.000000,0
75.6614,239.941406,3.573425,0.175781,0
75.6766,240.117188,3.576526,0.175781,0
75.6918,240.292969,3.579626,0.175781,0
75.7070,240.380859,3.581177,0.087891,0
75.7223,240.556641,3.584277,0.175781,0
75.7375,240.644531,3.585828,0.087891,0
75.7527,240.732422,3.587378,0.087891,0
75.7679,240.908203,3.590479,0.175781,0
75.7831,240.996094,3.592029,0.087891,0
75.7984,241.171875,3.595129,0.175781,0
75.8136,241.347656,3.598230,0.175781,0
75.8288,241.435547,3.599780,0.087891,0
75.8440,241.611328,3.602881,0.175781,0
75.8593,241.787109,3.605981,0.175781,0
75.8746,241.962891,3.609082,0.175781,0
75.8898,242.050781,3.610632,0.087891,0
75.9051,242.314453,3.615283,0.263672,0
75.9203,242.402344,3.616833,0.087891,0
75.9355,242.578125,3.619934,0.175781,0
75.9508,242.666016,3.621484,0.087891,0
75.9660,242.841797,3.624585,0.175781,0
75.9812,243.017578,3.627686,0.175781,0
75.9964,243.193359,3.630786,0.175781,0
76.0118,243.369141,3.633887,0.175781,0
76.0270,243.457031,3.635437,0.087891,0
76.0422,243.632812,3.638538,0.175781,0
76.0574,243.808594,3.641638,0.175781,0
76.0726,243.984375,3.644739,0.175781,0
76.0886,243.984375,3.644739,0.000000,0
76.1039,244.160156,3.647839,0.175781,0
76.1197,244.335938,3.650940,0.175781,0
76.1349,244.423828,3.652490,0.087891,0
76.1504,244.511719,3.654041,0.087891,0
76.1656,244.687500,3.657141,0.175781,0
76.1808,244.775391,3.658691,0.087891,0
76.1960,244.863281,3.660242,0.087891,0
76.2113,245.126953,3.664893,0.263672,0
76.2267,245.214844,3.666443,0.087891,0
76.2419,245.390625,3.669543,0.175781,0
76.2575,245.478516,3.671094,0.087891,0
76.2727,245.742188,3.675745,0.263672,0
76.2879,245.830078,3.677295,0.087891,0
76.3032,246.093750,3.681946,0.263672,0
76.3183,246.269531,3.685046,0.175781,0
76.3336,246.357422,3.686597,0.087891,0
76.3499,246.533203,3.689697,0.175781,0
76.3653,246.708984,3.692798,0.175781,0
76.3805,246.796875,3.694348,0.087891,0
76.3957,246.884766,3.695898,0.087891,0
76.4110,247.060547,3.698999,0.175781,0
76.4262,247.148438,3.700549,0.087891,0
76.4414,247.412109,3.705200,0.263672,0
76.4567,247.500000,3.706750,0.087891,0
76.4719,247.675781,3.709851,0.175781,0
76.4871,247.763672,3.711401,0.087891,0
76.5023,247.939453,3.714502,0.175781,0
76.5175,248.115234,3.717603,0.175781,0
76.5327,248.291016,3.720703,0.175781,0
76.5482,248.291016,3.720703,0.000000,0
76.5634,248.378906,3.722253,0.087891,0
76.5786,248.554688,3.725354,0.175781,0
76.5945,248.642578,3.726904,0.087891,0
76.6097,248.906250,3.731555,0.263672,0
76.6250,248.994141,3.733105,0.087891,0
76.6402,249.169922,3.736206,0.175781,0
76.6554,249.257812,3.737756,0.087891,0
76.6708,249.521484,3.742407,0.263672,0
76.6860,249.609375,3.743958,0.087891,0
76.7012,249.785156,3.747058,0.175781,0
76.7165,249.960938,3.750159,0.175781,0
76.7319,250.224609,3.754810,0.263672,0
76.7472,250.224609,3.754810,0.000000,0
76.7625,250.312500,3.756360,0.087891,0
76.7777,250.576172,3.761011,0.263672,0
76.7930,250.664062,3.762561,0.087891,0
76.8082,250.839844,3.765662,0.175781,0
76.8235,250.927734,3.767212,0.087891,0
76.8389,251.191406,3.771863,0.263672,0
76.8544,251.279297,3.773413,0.087891,0
76.8696,251.542969,3.778064,0.263672,0
76.8851,251.630859,3.779614,0.087891,0
76.9003,251.806641,3.782715,0.175781,0
76.9156,251.894531,3.784265,0.087891,0
76.9308,252.070312,3.787366,0.175781,0
76.9461,252.158203,3.788916,0.087891,0
76.9614,252.158203,3.788916,0.000000,0
76.9766,252.421875,3.793567,0.263672,0
76.9918,252.509766,3.795117,0.087891,0
77.0070,252.685547,3.798218,0.175781,0
77.0223,252.861328,3.801318,0.175781,0
77.0376,252.949219,3.802869,0.087891,0
77.0528,253.037109,3.804419,0.087891,0
77.0680,253.300781,3.809070,0.263672,0
77.0833,253.388672,3.810620,0.087891,0
77.0986,253.564453,3.813721,0.175781,0
77.1138,253.740234,3.816821,0.175781,0
77.1291,253.828125,3.818372,0.087891,0
77.1444,254.003906,3.821472,0.175781,0
77.1596,254.091797,3.823022,0.087891,0
77.1748,254.267578,3.826123,0.175781,0
77.1900,254.443359,3.829224,0.175781,0
77.2064,254.619141,3.832324,0.175781,0
77.2216,254.619141,3.832324,0.000000,0
77.2368,254.970703,3.838525,0.351562,0
77.2521,255.058594,3.840076,0.087891,0
77.2673,255.234375,3.843176,0.175781,0
77.2825,255.322266,3.844727,0.087891,0
77.2978,255.498047,3.847827,0.175781,0
77.3130,255.585938,3.849377,0.087891,0
77.3282,255.673828,3.850928,0.087891,0
77.3435,255.849609,3.854028,0.175781,0
77.3587,255.937500,3.855579,0.087891,0
77.3739,256.025391,3.857129,0.087891,0
77.3891,256.113281,3.858679,0.087891,0
77.4043,256.376953,3.863330,0.263672,0
77.4195,256.464844,3.864880,0.087891,0
77.4349,256.640625,3.867981,0.175781,0
77.4501,256.728516,3.869531,0.087891,0
77.4653,256.992188,3.874182,0.263672,0
77.4806,257.080078,3.875732,0.087891,0
77.4958,257.167969,3.877283,0.087891,0
77.5110,257.343750,3.880383,0.175781,0
77.5262,257.519531,3.883484,0.175781,0
77.5415,257.695312,3.886584,0.175781,0
77.5567,257.783203,3.888135,0.087891,0
77.5720,257.958984,3.891235,0.175781,0
77.5872,258.134766,3.894336,0.175781,0
77.6024,258.310547,3.897437,0.175781,0
77.6177,258.310547,3.897437,0.000000,0
77.6330,258.574219,3.902087,0.263672,0
77.6482,258.750000,3.905188,0.175781,0
77.6634,258.837891,3.906738,0.087891,0
77.6787,259.013672,3.909839,0.175781,0
77.6939,259.101562,3.911389,0.087891,0
77.7092,259.365234,3.916040,0.263672,0
77.7244,259.365234,3.916040,0.000000,0
77.7396,259.541016,3.919141,0.175781,0
77.7549,259.716797,3.922241,0.175781,0
77.7701,259.804688,3.923792,0.087891,0
77.7854,259.892578,3.925342,0.087891,0
77.8006,260.068359,3.928442,0.175781,0
77.8158,260.244141,3.931543,0.175781,0
77.8310,260.332031,3.933093,0.087891,0
77.8463,260.595703,3.937744,0.263672,0
77.8615,260.595703,3.937744,0.000000,0
77.8768,260.859375,3.942395,0.263672,0
77.8920,260.947266,3.943945,0.087891,0
77.9072,261.123047,3.947046,0.175781,0
77.9224,261.210938,3.948596,0.087891,0
77.9377,261.562500,3.954797,0.351562,0
77.9530,261.650391,3.956348,0.087891,0
77.9682,261.738281,3.957898,0.087891,0
77.9835,261.914062,3.960999,0.175781,0
77.9987,262.001953,3.962549,0.087891,0
78.0140,262.177734,3.965649,0.175781,0
78.0292,262.265625,3.967200,0.087891,0
78.0444,262.441406,3.970300,0.175781,0
78.0596,262.617188,3.973401,0.175781,0
78.0748,262.792969,3.976501,0.175781,0
78.0901,262.880859,3.978052,0.087891,0
78.1053,263.144531,3.982703,0.263672,0
78.1206,263.232422,3.984253,0.087891,0
78.1365,263.408203,3.987354,0.175781,0
78.1519,263.408203,3.987354,0.000000,0
78.1671,263.671875,3.992004,0.263672,0
78.1823,263.671875,3.992004,0.000000,0
78.1975,263.759766,3.993555,0.087891,0
78.2129,263.935547,3.996655,0.175781,0
78.2281,264.111328,3.999756,0.175781,0
78.2434,264.287109,4.002856,0.175781,0
78.2586,264.375000,4.004407,0.087891,0
78.2738,264.550781,4.007507,0.175781,0
78.2890,264.638672,4.009058,0.087891,0
78.3042,264.902344,4.013708,0.263672,0
78.3195,264.990234,4.015259,0.087891,0
78.3348,265.253906,4.019910,0.263672,0
78.3500,265.429688,4.023010,0.175781,0
78.3652,265.517578,4.024561,0.087891,0
78.3804,265.605469,4.026111,0.087891,0
78.3957,265.693359,4.027661,0.087891,0
78.4109,265.957031,4.032312,0.263672,0
78.4262,266.044922,4.033862,0.087891,0
78.4415,266.220703,4.036963,0.175781,0
78.4567,266.308594,4.038513,0.087891,0
78.4719,266.572266,4.043164,0.263672,0
78.4879,266.748047,4.046265,0.175781,0
78.5031,267.011719,4.050916,0.263672,0
78.5183,267.011719,4.050916,0.000000,0
78.5337,267.099609,4.052466,0.087891,0
78.5489,267.275391,4.055566,0.175781,0
78.5642,267.363281,4.057117,0.087891,0
78.5794,267.539062,4.060217,0.175781,0
78.5947,267.626953,4.061768,0.087891,0
78.6099,267.802734,4.064868,0.175781,0
78.6251,267.890625,4.066418,0.087891,0
78.6412,268.154297,4.071069,0.263672,0
78.6564,268.242188,4.072620,0.087891,0
78.6716,268.417969,4.075720,0.175781,0
78.6869,268.505859,4.077271,0.087891,0
78.7021,268.681641,4.080371,0.175781,0
78.7173,268.769531,4.081921,0.087891,0
78.7325,268.945312,4.085022,0.175781,0
78.7477,269.121094,4.088123,0.175781,0
78.7629,269.208984,4.089673,0.087891,0
78.7783,269.472656,4.094324,0.263672,0
78.7935,269.472656,4.094324,0.000000,0
78.8087,269.648438,4.097424,0.175781,0
78.8242,269.824219,4.100525,0.175781,0
78.8395,270.000000,4.103625,0.175781,0
78.8547,270.087891,4.105176,0.087891,0
78.8699,270.263672,4.108276,0.175781,0
78.8851,270.351562,4.109827,0.087891,0
78.9003,270.527344,4.112927,0.175781,0
78.9155,270.703125,4.116028,0.175781,0
78.9308,270.791016,4.117578,0.087891,0
78.9460,270.966797,4.120679,0.175781,0
78.9612,271.054688,4.122229,0.087891,0
78.9765,271.230469,4.125330,0.175781,0
78.9917,271.318359,4.126880,0.087891,0
79.0070,271.494141,4.129980,0.175781,0
79.0222,271.582031,4.131531,0.087891,0
79.0375,271.757812,4.134631,0.175781,0
79.0527,271.933594,4.137732,0.175781,0
79.0679,272.021484,4.139282,0.087891,0
79.0831,272.197266,4.142383,0.175781,0
79.0983,272.285156,4.143933,0.087891,0
79.1135,272.460938,4.147034,0.175781,0
79.1293,272.548828,4.148584,0.087891,0
79.1446,272.812500,4.153235,0.263672,0
79.1598,272.900391,4.154785,0.087891,0
79.1752,273.164062,4.159436,0.263672,0
79.1904,273.251953,4.160986,0.087891,0
79.2056,273.427734,4.164087,0.175781,0
79.2208,273.515625,4.165637,0.087891,0
79.2361,273.691406,4.168738,0.175781,0
79.2513,273.779297,4.170288,0.087891,0
79.2665,273.867188,4.171838,0.087891,0
79.2818,274.042969,4.174939,0.175781,0
79.2970,274.218750,4.178040,0.175781,0
79.3122,274.394531,4.181140,0.175781,0
79.3275,274.570312,4.184241,0.175781,0
79.3428,274.746094,4.187341,0.175781,0
79.3580,274.833984,4.188892,0.087891,0
79.3732,275.009766,4.191992,0.175781,0
79.3885,275.097656,4.193542,0.087891,0
79.4037,275.273438,4.196643,0.175781,0
79.4189,275.361328,4.198193,0.087891,0
79.4342,275.361328,4.198193,0.000000,0
79.4494,275.625000,4.202844,0.263672,0
79.4646,275.712891,4.204395,0.087891,0
79.4798,275.888672,4.207495,0.175781,0
79.4952,275.976562,4.209045,0.087891,0
79.5104,276.240234,4.213696,0.263672,0
79.5256,276.328125,4.215247,0.087891,0
79.5408,276.503906,4.218347,0.175781,0
79.5561,276.591797,4.219897,0.087891,0
79.5713,276.767578,4.222998,0.175781,0
79.5865,276.943359,4.226099,0.175781,0
79.6019,277.031250,4.227649,0.087891,0
79.6173,277.207031,4.230750,0.175781,0
79.6325,277.294922,4.232300,0.087891,0
79.6478,277.470703,4.235400,0.175781,0
79.6630,277.558594,4.236951,0.087891,0
79.6783,277.822266,4.241602,0.263672,0
79.6936,277.910156,4.243152,0.087891,0
79.7088,278.085938,4.246252,0.175781,0
79.7240,278.173828,4.247803,0.087891,0
79.7393,278.349609,4.250903,0.175781,0
79.7545,278.437500,4.252454,0.087891,0
79.7697,278.525391,4.254004,0.087891,0
79.7849,278.789062,4.258655,0.263672,0
79.8002,278.789062,4.258655,0.000000,0
79.8155,278.964844,4.261755,0.175781,0
79.8307,279.052734,4.263306,0.087891,0
79.8459,279.228516,4.266406,0.175781,0
79.8611,279.316406,4.267957,0.087891,0
79.8763,279.492188,4.271057,0.175781,0
79.8916,279.667969,4.274158,0.175781,0
79.9068,279.843750,4.277258,0.175781,0
79.9220,279.931641,4.278809,0.087891,0
79.9372,280.019531,4.280359,0.087891,0
79.9525,280.283203,4.285010,0.263672,0
79.9677,280.371094,4.286560,0.087891,0
79.9829,280.634766,4.291211,0.263672,0
79.9981,280.634766,4.291211,0.000000,0
80.0133,280.810547,4.294312,0.175781,0
80.0285,280.986328,4.297412,0.175781,0
80.0438,281.162109,4.300513,0.175781,0
80.0590,281.250000,4.302063,0.087891,0
80.0742,281.337891,4.303613,0.087891,0
80.0894,281.513672,4.306714,0.175781,0
80.1046,281.601562,4.308264,0.087891,0
80.1199,281.865234,4.312915,0.263672,0
80.1351,281.953125,4.314465,0.087891,0
80.1504,282.128906,4.317566,0.175781,0
80.1656,282.216797,4.319116,0.087891,0
80.1808,282.392578,4.322217,0.175781,0
80.1961,282.480469,4.323767,0.087891,0
80.2113,282.656250,4.326868,0.175781,0
80.2265,282.832031,4.329968,0.175781,0
80.2418,282.919922,4.331519,0.087891,0
80.2571,283.095703,4.334619,0.175781,0
80.2724,283.183594,4.336169,0.087891,0
80.2877,283.359375,4.339270,0.175781,0
80.3029,283.447266,4.340820,0.087891,0
80.3181,283.710938,4.345471,0.263672,0
80.3333,283.798828,4.347021,0.087891,0
80.3485,284.062500,4.351672,0.263672,0
80.3638,284.150391,4.353223,0.087891,0
80.3790,284.326172,4.356323,0.175781,0
80.3942,284.414062,4.357874,0.087891,0
80.4094,284.501953,4.359424,0.087891,0
80.4246,284.589844,4.360974,0.087891,0
80.4398,284.765625,4.364075,0.175781,0
80.4551,285.029297,4.368726,0.263672,0
80.4703,285.029297,4.368726,0.000000,0
80.4855,285.205078,4.371826,0.175781,0
80.5007,285.380859,4.374927,0.175781,0
80.5159,285.556641,4.378027,0.175781,0
80.5312,285.644531,4.379578,0.087891,0
80.5472,285.820312,4.382678,0.175781,0
80.5625,285.908203,4.384229,0.087891,0
80.5777,285.996094,4.385779,0.087891,0
80.5930,286.171875,4.388879,0.175781,0
80.6082,286.259766,4.390430,0.087891,0
80.6235,286.435547,4.393530,0.175781,0
80.6387,286.523438,4.395081,0.087891,0
80.6540,286.699219,4.398181,0.175781,0
80.6692,286.875000,4.401282,0.175781,0
80.6844,287.050781,4.404382,0.175781,0
80.6996,287.138672,4.405933,0.087891,0
80.7149,287.402344,4.410583,0.263672,0
80.7301,287.578125,4.413684,0.175781,0
80.7453,287.753906,4.416785,0.175781,0
80.7606,287.841797,4.418335,0.087891,0
80.7758,287.929688,4.419885,0.087891,0
80.7911,288.105469,4.422986,0.175781,0
80.8063,288.193359,4.424536,0.087891,0
80.8215,288.369141,4.427637,0.175781,0
80.8372,288.457031,4.429187,0.087891,0
80.8527,288.632812,4.432288,0.175781,0
80.8680,288.808594,4.435388,0.175781,0
80.8833,288.984375,4.438489,0.175781,0
80.8986,289.072266,4.440039,0.087891,0
80.9139,289.248047,4.443140,0.175781,0
80.9291,289.335938,4.444690,0.087891,0
80.9443,289.511719,4.447791,0.175781,0
80.9596,289.599609,4.449341,0.087891,0
80.9749,289.687500,4.450891,0.087891,0
80.9901,289.863281,4.453992,0.175781,0
81.0053,289.951172,4.455542,0.087891,0
81.0206,290.126953,4.458643,0.175781,0
81.0358,290.214844,4.460193,0.087891,0
81.0519,290.478516,4.464844,0.263672,0
81.0671,290.566406,4.466394,0.087891,0
81.0823,290.742188,4.469495,0.175781,0
81.0976,290.830078,4.471045,0.087891,0
81.1128,291.181641,4.477246,0.351562,0
81.1280,291.181641,4.477246,0.000000,0
81.1434,291.357422,4.480347,0.175781,0
81.1586,291.445312,4.481897,0.087891,0
81.1739,291.533203,4.483447,0.087891,0
81.1891,291.708984,4.486548,0.175781,0
81.2043,291.796875,4.488098,0.087891,0
81.2195,292.060547,4.492749,0.263672,0
81.2348,292.148438,4.494299,0.087891,0
81.2500,292.324219,4.497400,0.175781,0
81.2652,292.500000,4.500500,0.175781,0
81.2804,292.675781,4.503601,0.175781,0
81.2956,292.763672,4.505151,0.087891,0
81.3108,292.851562,4.506702,0.087891,0
81.3260,293.027344,4.509802,0.175781,0
81.3413,293.115234,4.511353,0.087891,0
81.3565,293.291016,4.514453,0.175781,0
81.3718,293.378906,4.516003,0.087891,0
81.3870,293.554688,4.519104,0.175781,0
81.4022,293.642578,4.520654,0.087891,0
81.4174,293.818359,4.523755,0.175781,0
81.4326,293.994141,4.526855,0.175781,0
81.4479,294.169922,4.529956,0.175781,0
81.4632,294.257812,4.531506,0.087891,0
81.4784,294.345703,4.533057,0.087891,0
81.4936,294.609375,4.537708,0.263672,0
81.5088,294.697266,4.539258,0.087891,0
81.5241,294.873047,4.542358,0.175781,0
81.5393,294.960938,4.543909,0.087891,0
81.5546,295.136719,4.547009,0.175781,0
81.5698,295.224609,4.548560,0.087891,0
81.5850,295.488281,4.553210,0.263672,0
81.6002,295.576172,4.554761,0.087891,0
81.6155,295.751953,4.557861,0.175781,0
81.6307,295.839844,4.559412,0.087891,0
81.6459,296.015625,4.562512,0.175781,0
81.6616,296.191406,4.565613,0.175781,0
81.6768,296.279297,4.567163,0.087891,0
81.6922,296.455078,4.570264,0.175781,0
81.7077,296.542969,4.571814,0.087891,0
81.7229,296.718750,4.574915,0.175781,0
81.7382,296.806641,4.576465,0.087891,0
81.7534,296.982422,4.579565,0.175781,0
81.7693,297.070312,4.581116,0.087891,0
81.7846,297.246094,4.584216,0.175781,0
81.7998,297.421875,4.587317,0.175781,0
81.8150,297.597656,4.590417,0.175781,0
81.8302,297.685547,4.591968,0.087891,0
81.8454,297.773438,4.593518,0.087891,0
81.8607,298.037109,4.598169,0.263672,0
81.8760,298.125000,4.599719,0.087891,0
81.8913,298.300781,4.602820,0.175781,0
81.9065,298.388672,4.604370,0.087891,0
81.9217,298.564453,4.607471,0.175781,0
81.9369,298.652344,4.609021,0.087891,0
81.9521,298.828125,4.612122,0.175781,0
81.9674,299.003906,4.615222,0.175781,0
81.9826,299.179688,4.618323,0.175781,0
81.9978,299.267578,4.619873,0.087891,0
82.0130,299.355469,4.621423,0.087891,0
82.0282,299.619141,4.626074,0.263672,0
82.0435,299.707031,4.627625,0.087891,0
82.0588,299.882812,4.630725,0.175781,0
82.0746,299.970703,4.632275,0.087891,0
82.0898,300.058594,4.633826,0.087891,0
82.1051,300.234375,4.636926,0.175781,0
82.1203,300.410156,4.640027,0.175781,0
82.1355,300.498047,4.641577,0.087891,0
82.1507,300.761719,4.646228,0.263672,0
82.1659,300.849609,4.647778,0.087891,0
82.1812,301.025391,4.650879,0.175781,0
82.1964,301.113281,4.652429,0.087891,0
82.2116,301.201172,4.653979,0.087891,0
82.2269,301.464844,4.658630,0.263672,0
82.2422,301.640625,4.661731,0.175781,0
82.2575,301.816406,4.664832,0.175781,0
82.2733,301.816406,4.664832,0.000000,0
82.2885,302.080078,4.669482,0.263672,0
82.3038,302.167969,4.671033,0.087891,0
82.3193,302.343750,4.674133,0.175781,0
82.3345,302.431641,4.675684,0.087891,0
82.3498,302.695312,4.680334,0.263672,0
82.3650,302.783203,4.681885,0.087891,0
82.3802,302.958984,4.684985,0.175781,0
82.3954,303.046875,4.686536,0.087891,0
82.4106,303.134766,4.688086,0.087891,0
82.4268,303.310547,4.691187,0.175781,0
82.4420,303.398438,4.692737,0.087891,0
82.4573,303.574219,4.695837,0.175781,0
82.4725,303.662109,4.697388,0.087891,0
82.4878,303.837891,4.700488,0.175781,0
82.5030,304.013672,4.703589,0.175781,0
82.5182,304.189453,4.706689,0.175781,0
82.5334,304.189453,4.706689,0.000000,0
82.5487,304.453125,4.711340,0.263672,0
82.5639,304.541016,4.712891,0.087891,0
82.5792,304.804688,4.717542,0.263672,0
82.5944,304.892578,4.719092,0.087891,0
82.6096,305.068359,4.722192,0.175781,0
82.6248,305.244141,4.725293,0.175781,0
82.6401,305.332031,4.726843,0.087891,0
82.6553,305.507812,4.729944,0.175781,0
82.6705,305.507812,4.729944,0.000000,0
82.6858,305.771484,4.734595,0.263672,0
82.7010,305.859375,4.736145,0.087891,0
82.7162,306.123047,4.740796,0.263672,0
82.7314,306.210938,4.742346,0.087891,0
82.7476,306.386719,4.745447,0.175781,0
82.7628,306.474609,4.746997,0.087891,0
82.7781,306.562500,4.748547,0.087891,0
82.7933,306.738281,4.751648,0.175781,0
82.8086,306.826172,4.753198,0.087891,0
82.8238,307.001953,4.756299,0.175781,0
82.8390,307.089844,4.757849,0.087891,0
82.8542,307.265625,4.760950,0.175781,0
82.8695,307.353516,4.762500,0.087891,0
82.8847,307.529297,4.765601,0.175781,0
82.9000,307.705078,4.768701,0.175781,0
82.9153,307.880859,4.771802,0.175781,0
82.9305,307.968750,4.773352,0.087891,0
82.9457,308.056641,4.774902,0.087891,0
82.9610,308.320312,4.779553,0.263672,0
82.9763,308.496094,4.782654,0.175781,0
82.9916,308.671875,4.785754,0.175781,0
83.0068,308.759766,4.787305,0.087891,0
83.0220,308.935547,4.790405,0.175781,0
83.0373,309.023438,4.791956,0.087891,0
83.0525,309.287109,4.796606,0.263672,0
83.0677,309.375000,4.798157,0.087891,0
83.0830,309.550781,4.801257,0.175781,0
83.0982,309.638672,4.802808,0.087891,0
83.1134,309.814453,4.805908,0.175781,0
83.1286,309.990234,4.809009,0.175781,0
83.1438,310.078125,4.810559,0.087891,0
83.1590,310.253906,4.813660,0.175781,0
83.1743,310.341797,4.815210,0.087891,0
83.1896,310.517578,4.818311,0.175781,0
83.2048,310.605469,4.819861,0.087891,0
83.2201,310.781250,4.822961,0.175781,0
83.2353,310.869141,4.824512,0.087891,0
83.2506,311.044922,4.827612,0.175781,0
83.2658,311.132812,4.829163,0.087891,0
83.2810,311.220703,4.830713,0.087891,0
83.2962,311.484375,4.835364,0.263672,0
83.3115,311.572266,4.836914,0.087891,0
83.3268,311.835938,4.841565,0.263672,0
83.3420,312.011719,4.844666,0.175781,0
83.3572,312.187500,4.847766,0.175781,0
83.3724,312.187500,4.847766,0.000000,0
83.3883,312.363281,4.850867,0.175781,0
83.4042,312.451172,4.852417,0.087891,0
83.4194,312.714844,4.857068,0.263672,0
83.4346,312.802734,4.858618,0.087891,0
83.4498,312.978516,4.861719,0.175781,0
83.4650,313.066406,4.863269,0.087891,0
83.4803,313.242188,4.866370,0.175781,0
83.4955,313.417969,4.869470,0.175781,0
83.5108,313.505859,4.871021,0.087891,0
83.5261,313.681641,4.874121,0.175781,0
83.5413,313.769531,4.875671,0.087891,0
83.5565,313.945312,4.878772,0.175781,0
83.5717,314.033203,4.880322,0.087891,0
83.5870,314.208984,4.883423,0.175781,0
83.6023,314.296875,4.884973,0.087891,0
83.6176,314.472656,4.888074,0.175781,0
83.6328,314.560547,4.889624,0.087891,0
83.6480,314.736328,4.892725,0.175781,0
83.6633,314.912109,4.895825,0.175781,0
83.6785,315.000000,4.897375,0.087891,0
83.6937,315.263672,4.902026,0.263672,0
83.7089,315.351562,4.903577,0.087891,0
83.7242,315.615234,4.908228,0.263672,0
83.7394,315.615234,4.908228,0.000000,0
83.7546,315.878906,4.912878,0.263672,0
83.7698,315.966797,4.914429,0.087891,0
83.7850,316.142578,4.917529,0.175781,0
83.8003,316.230469,4.919080,0.087891,0
83.8155,316.406250,4.922180,0.175781,0
83.8307,316.582031,4.925281,0.175781,0
83.8459,316.669922,4.926831,0.087891,0
83.8611,316.845703,4.929932,0.175781,0
83.8763,316.933594,4.931482,0.087891,0
83.8916,317.109375,4.934583,0.175781,0
83.9070,317.197266,4.936133,0.087891,0
83.9224,317.373047,4.939233,0.175781,0
83.9376,317.460938,4.940784,0.087891,0
83.9528,317.724609,4.945435,0.263672,0
83.9681,317.812500,4.946985,0.087891,0
83.9833,317.900391,4.948535,0.087891,0
83.9986,318.076172,4.951636,0.175781,0
84.0138,318.251953,4.954736,0.175781,0
84.0291,318.427734,4.957837,0.175781,0
84.0443,318.515625,4.959387,0.087891,0
84.0595,318.779297,4.964038,0.263672,0
84.0747,318.955078,4.967139,0.175781,0
84.0899,319.130859,4.970239,0.175781,0
84.1051,319.130859,4.970239,0.000000,0
84.1211,319.306641,4.973340,0.175781,0
84.1363,319.482422,4.976440,0.175781,0
84.1516,319.658203,4.979541,0.175781,0
84.1668,319.746094,4.981091,0.087891,0
84.1820,319.833984,4.982642,0.087891,0
84.1973,320.009766,4.985742,0.175781,0
84.2128,320.097656,4.987292,0.087891,0
84.2286,320.361328,4.991943,0.263672,0
84.2439,320.449219,4.993494,0.087891,0
84.2606,320.537109,4.995044,0.087891,0
84.2758,320.625000,4.996594,0.087891,0
84.2910,320.888672,5.001245,0.263672,0
84.3062,320.976562,5.002795,0.087891,0
84.3215,321.152344,5.005896,0.175781,0
84.3367,321.240234,5.007446,0.087891,0
84.3519,321.416016,5.010547,0.175781,0
84.3672,321.503906,5.012097,0.087891,0
84.3824,321.679688,5.015198,0.175781,0
84.3977,321.767578,5.016748,0.087891,0
84.4131,321.943359,5.019849,0.175781,0
84.4283,322.207031,5.024500,0.263672,0
84.4441,322.294922,5.026050,0.087891,0
84.4593,322.558594,5.030701,0.263672,0
84.4745,322.558594,5.030701,0.000000,0
84.4897,322.822266,5.035352,0.263672,0
84.5050,322.822266,5.035352,0.000000,0
84.5202,323.085938,5.040002,0.263672,0
84.5359,323.173828,5.041553,0.087891,0
84.5512,323.349609,5.044653,0.175781,0
84.5664,323.437500,5.046204,0.087891,0
84.5816,323.701172,5.050854,0.263672,0
84.5969,323.789062,5.052405,0.087891,0
84.6121,323.876953,5.053955,0.087891,0
84.6274,323.964844,5.055505,0.087891,0
84.6426,324.052734,5.057056,0.087891,0
84.6578,324.228516,5.060156,0.175781,0
84.6730,324.316406,5.061707,0.087891,0
84.6882,324.580078,5.066357,0.263672,0
84.7035,324.667969,5.067908,0.087891,0
84.7187,324.843750,5.071008,0.175781,0
84.7339,324.931641,5.072559,0.087891,0
84.7493,325.195312,5.077209,0.263672,0
84.7645,325.283203,5.078760,0.087891,0
84.7797,325.371094,5.080310,0.087891,0
84.7949,325.722656,5.086511,0.351562,0
84.8104,325.810547,5.088062,0.087891,0
84.8262,325.898438,5.089612,0.087891,0
84.8415,325.986328,5.091162,0.087891,0
84.8567,326.250000,5.095813,0.263672,0
84.8719,326.337891,5.097363,0.087891,0
84.8871,326.513672,5.100464,0.175781,0
84.9024,326.601562,5.102014,0.087891,0
84.9176,326.865234,5.106665,0.263672,0
84.9328,326.953125,5.108215,0.087891,0
84.9480,327.128906,5.111316,0.175781,0
84.9637,327.216797,5.112866,0.087891,0
84.9789,327.304688,5.114417,0.087891,0
84.9941,327.480469,5.117517,0.175781,0
85.0094,327.568359,5.119067,0.087891,0
85.0247,327.656250,5.120618,0.087891,0
85.0399,327.832031,5.123718,0.175781,0
85.0551,328.007812,5.126819,0.175781,0
85.0712,328.095703,5.128369,0.087891,0
85.0864,328.271484,5.131470,0.175781,0
85.1016,328.359375,5.133020,0.087891,0
85.1168,328.623047,5.137671,0.263672,0
85.1325,328.710938,5.139221,0.087891,0
85.1477,328.974609,5.143872,0.263672,0
85.1629,329.062500,5.145422,0.087891,0
85.1782,329.326172,5.150073,0.263672,0
85.1934,329.326172,5.150073,0.000000,0
85.2086,329.501953,5.153174,0.175781,0
85.2238,329.677734,5.156274,0.175781,0
85.2390,329.765625,5.157825,0.087891,0
85.2543,329.941406,5.160925,0.175781,0
85.2695,330.029297,5.162476,0.087891,0
85.2847,330.205078,5.165576,0.175781,0
85.2999,330.292969,5.167126,0.087891,0
85.3153,330.556641,5.171777,0.263672,0
85.3305,330.644531,5.173328,0.087891,0
85.3458,330.732422,5.174878,0.087891,0
85.3610,330.908203,5.177979,0.175781,0
85.3762,330.996094,5.179529,0.087891,0
85.3914,331.171875,5.182629,0.175781,0
85.4067,331.259766,5.184180,0.087891,0
85.4219,331.435547,5.187280,0.175781,0
85.4418,331.611328,5.190381,0.175781,0
85.4570,331.699219,5.191931,0.087891,0
85.4722,331.962891,5.196582,0.263672,0
85.4875,332.050781,5.198132,0.087891,0
85.5027,332.138672,5.199683,0.087891,0
85.5180,332.402344,5.204333,0.263672,0
85.5334,332.578125,5.207434,0.175781,0
85.5494,332.666016,5.208984,0.087891,0
85.5646,332.753906,5.210535,0.087891,0
85.5798,332.929688,5.213635,0.175781,0
85.5950,333.017578,5.215186,0.087891,0
85.6102,333.281250,5.219836,0.263672,0
85.6255,333.369141,5.221387,0.087891,0
85.6407,333.544922,5.224487,0.175781,0
85.6559,333.720703,5.227588,0.175781,0
85.6711,333.896484,5.230688,0.175781,0
85.6863,333.984375,5.232239,0.087891,0
85.7016,334.072266,5.233789,0.087891,0
85.7168,334.248047,5.236890,0.175781,0
85.7331,334.248047,5.236890,0.000000,0
85.7483,334.423828,5.239990,0.175781,0
85.7636,334.511719,5.241541,0.087891,0
85.7788,334.775391,5.246191,0.263672,0
85.7940,334.863281,5.247742,0.087891,0
85.8092,335.039062,5.250842,0.175781,0
85.8245,335.126953,5.252393,0.087891,0
85.8399,335.390625,5.257043,0.263672,0
85.8551,335.478516,5.258594,0.087891,0
85.8703,335.742188,5.263245,0.263672,0
85.8856,335.917969,5.266345,0.175781,0
85.9008,335.917969,5.266345,0.000000,0
85.9160,336.093750,5.269446,0.175781,0
85.9318,336.181641,5.270996,0.087891,0
85.9471,336.357422,5.274097,0.175781,0
85.9623,336.445312,5.275647,0.087891,0
85.9776,336.708984,5.280298,0.263672,0
85.9928,336.796875,5.281848,0.087891,0
86.0080,337.060547,5.286499,0.263672,0
86.0232,337.148438,5.288049,0.087891,0
86.0385,337.324219,5.291150,0.175781,0
86.0537,337.412109,5.292700,0.087891,0
86.0689,337.587891,5.295801,0.175781,0
86.0841,337.675781,5.297351,0.087891,0
86.0993,337.763672,5.298901,0.087891,0
86.1146,338.027344,5.303552,0.263672,0
86.1298,338.115234,5.305103,0.087891,0
86.1450,338.291016,5.308203,0.175781,0
86.1602,338.378906,5.309753,0.087891,0
86.1755,338.554688,5.312854,0.175781,0
86.1907,338.642578,5.314404,0.087891,0
86.2059,338.906250,5.319055,0.263672,0
86.2212,339.082031,5.322156,0.175781,0
86.2368,339.257812,5.325256,0.175781,0
86.2520,339.345703,5.326807,0.087891,0
86.2672,339.433594,5.328357,0.087891,0
86.2825,339.609375,5.331458,0.175781,0
86.2977,339.697266,5.333008,0.087891,0
86.3129,339.960938,5.337659,0.263672,0
86.3281,340.048828,5.339209,0.087891,0
86.3435,340.224609,5.342310,0.175781,0
86.3587,340.312500,5.343860,0.087891,0
86.3739,340.488281,5.346960,0.175781,0
86.3891,340.576172,5.348511,0.087891,0
86.4044,340.839844,5.353162,0.263672,0
86.4196,340.927734,5.354712,0.087891,0
86.4349,341.015625,5.356262,0.087891,0
86.4502,341.103516,5.357813,0.087891,0
86.4655,341.191406,5.359363,0.087891,0
86.4807,341.367188,5.362463,0.175781,0
86.4959,341.455078,5.364014,0.087891,0
86.5111,341.718750,5.368665,0.263672,0
86.5264,341.806641,5.370215,0.087891,0
86.5416,341.982422,5.373315,0.175781,0
86.5568,342.158203,5.376416,0.175781,0
86.5720,342.421875,5.381067,0.263672,0
86.5873,342.509766,5.382617,0.087891,0
86.6025,342.685547,5.385718,0.175781,0
86.6177,342.773438,5.387268,0.087891,0
86.6330,342.861328,5.388818,0.087891,0
86.6482,343.125000,5.393469,0.263672,0
86.6634,343.212891,5.395020,0.087891,0
86.6787,343.388672,5.398120,0.175781,0
86.6939,343.476562,5.399670,0.087891,0
86.7093,343.740234,5.404321,0.263672,0
86.7245,343.828125,5.405872,0.087891,0
86.7397,344.003906,5.408972,0.175781,0
86.7550,344.091797,5.410522,0.087891,0
86.7703,344.179688,5.412073,0.087891,0
86.7856,344.355469,5.415173,0.175781,0
86.8008,344.443359,5.416724,0.087891,0
86.8160,344.619141,5.419824,0.175781,0
86.8313,344.707031,5.421375,0.087891,0
86.8465,344.882812,5.424475,0.175781,0
86.8617,345.058594,5.427576,0.175781,0
86.8775,345.234375,5.430676,0.175781,0
86.8927,345.322266,5.432227,0.087891,0
86.9081,345.585938,5.436877,0.263672,0
86.9233,345.761719,5.439978,0.175781,0
86.9386,345.849609,5.441528,0.087891,0
86.9538,346.113281,5.446179,0.263672,0
86.9690,346.201172,5.447729,0.087891,0
86.9842,346.376953,5.450830,0.175781,0
86.9995,346.464844,5.452380,0.087891,0
87.0147,346.640625,5.455481,0.175781,0
87.0299,346.728516,5.457031,0.087891,0
87.0451,346.992188,5.461682,0.263672,0
87.0603,347.080078,5.463232,0.087891,0
87.0755,347.255859,5.466333,0.175781,0
87.0908,347.343750,5.467883,0.087891,0
87.1060,347.519531,5.470984,0.175781,0
87.1212,347.695312,5.474084,0.175781,0
87.1364,347.695312,5.474084,0.000000,0
87.1517,347.871094,5.477185,0.175781,0
87.1669,347.958984,5.478735,0.087891,0
87.1821,348.134766,5.481836,0.175781,0
87.1974,348.222656,5.483386,0.087891,0
87.2126,348.486328,5.488037,0.263672,0
87.2278,348.574219,5.489587,0.087891,0
87.2431,348.750000,5.492688,0.175781,0
87.2584,348.837891,5.494238,0.087891,0
87.2736,348.925781,5.495789,0.087891,0
87.2888,349.189453,5.500439,0.263672,0
87.3040,349.365234,5.503540,0.175781,0
87.3193,349.541016,5.506641,0.175781,0
87.3346,349.628906,5.508191,0.087891,0
87.3498,349.892578,5.512842,0.263672,0
87.3650,349.980469,5.514392,0.087891,0
87.3803,350.156250,5.517493,0.175781,0
87.3955,350.244141,5.519043,0.087891,0
87.4111,350.507812,5.523694,0.263672,0
87.4263,350.595703,5.525244,0.087891,0
87.4416,350.683594,5.526794,0.087891,0
87.4568,350.859375,5.529895,0.175781,0
87.4720,350.947266,5.531445,0.087891,0
87.4873,351.123047,5.534546,0.175781,0
87.5025,351.210938,5.536096,0.087891,0
87.5177,351.386719,5.539197,0.175781,0
87.5329,351.474609,5.540747,0.087891,0
87.5482,351.650391,5.543848,0.175781,0
87.5634,351.738281,5.545398,0.087891,0
87.5793,352.001953,5.550049,0.263672,0
87.5945,352.089844,5.551599,0.087891,0
87.6097,352.265625,5.554700,0.175781,0
87.6250,352.441406,5.557800,0.175781,0
87.6402,352.529297,5.559351,0.087891,0
87.6554,352.705078,5.562451,0.175781,0
87.6708,352.880859,5.565552,0.175781,0
87.6860,353.056641,5.568652,0.175781,0
87.7012,353.232422,5.571753,0.175781,0
87.7165,353.320312,5.573303,0.087891,0
87.7318,353.496094,5.576404,0.175781,0
87.7470,353.759766,5.581055,0.263672,0
87.7622,353.847656,5.582605,0.087891,0
87.7775,354.023438,5.585706,0.175781,0
87.7928,354.111328,5.587256,0.087891,0
87.8080,354.199219,5.588806,0.087891,0
87.8234,354.462891,5.593457,0.263672,0
87.8389,354.550781,5.595007,0.087891,0
87.8541,354.726562,5.598108,0.175781,0
87.8694,354.814453,5.599658,0.087891,0
87.8846,354.990234,5.602759,0.175781,0
87.8998,355.078125,5.604309,0.087891,0
87.9151,355.253906,5.607410,0.175781,0
87.9303,355.341797,5.608960,0.087891,0
87.9456,355.517578,5.612061,0.175781,0
87.9608,355.605469,5.613611,0.087891,0
87.9761,355.693359,5.615161,0.087891,0
87.9913,355.957031,5.619812,0.263672,0
88.0065,356.044922,5.621362,0.087891,0
88.0217,356.308594,5.626013,0.263672,0
88.0378,356.396484,5.627563,0.087891,0
88.0530,356.660156,5.632214,0.263672,0
88.0682,356.748047,5.633765,0.087891,0
88.0834,356.923828,5.636865,0.175781,0
88.0986,357.011719,5.638416,0.087891,0
88.1139,357.187500,5.641516,0.175781,0
88.1293,357.275391,5.643066,0.087891,0
88.1457,357.539062,5.647717,0.263672,0
88.1611,357.626953,5.649268,0.087891,0
88.1763,357.802734,5.652368,0.175781,0
88.1915,357.890625,5.653918,0.087891,0
88.2067,358.066406,5.657019,0.175781,0
88.2220,358.242188,5.660120,0.175781,0
88.2372,358.330078,5.661670,0.087891,0
88.2525,358.505859,5.664771,0.175781,0
88.2677,358.505859,5.664771,0.000000,0
88.2830,358.769531,5.669421,0.263672,0
88.2982,358.769531,5.669421,0.000000,0
88.3134,359.033203,5.674072,0.263672,0
88.3286,359.121094,5.675623,0.087891,0
88.3438,359.296875,5.678723,0.175781,0
88.3591,359.384766,5.680273,0.087891,0
88.3743,359.560547,5.683374,0.175781,0
88.3895,359.736328,5.686475,0.175781,0
88.4048,359.912109,5.689575,0.175781,0
88.4200,359.912109,5.689575,0.000000,0
88.4352,359.912109,5.689575,0.000000,0
88.4506,359.912109,5.689575,0.000000,0
88.4658,359.912109,5.689575,0.000000,0
88.4810,359.912109,5.689575,0.000000,0
88.4962,359.912109,5.689575,0.000000,0
88.5114,361.142578,5.711279,1.230469,0
88.5266,361.230469,5.712830,0.087891,0
88.5419,361.318359,5.714380,0.087891,0
88.5572,361.582031,5.719031,0.263672,0
88.5724,361.669922,5.720581,0.087891,0
88.5877,361.845703,5.723682,0.175781,0
88.6032,362.021484,5.726782,0.175781,0
88.6184,362.109375,5.728333,0.087891,0
88.6337,362.197266,5.729883,0.087891,0
88.6492,362.373047,5.732983,0.175781,0
88.6644,362.460938,5.734534,0.087891,0
88.6796,362.724609,5.739185,0.263672,0
88.6948,362.724609,5.739185,0.000000,0
88.7100,362.900391,5.742285,0.175781,0
88.7253,363.076172,5.745386,0.175781,0
88.7405,363.164062,5.746936,0.087891,0
88.7562,363.339844,5.750037,0.175781,0
88.7715,363.515625,5.753137,0.175781,0
88.7867,363.691406,5.756238,0.175781,0
88.8020,363.867188,5.759338,0.175781,0
88.8173,363.955078,5.760889,0.087891,0
88.8325,364.130859,5.763989,0.175781,0
88.8477,364.306641,5.767090,0.175781,0
88.8630,364.394531,5.768640,0.087891,0
88.8782,364.658203,5.773291,0.263672,0
88.8934,364.746094,5.774841,0.087891,0
88.9086,364.833984,5.776392,0.087891,0
88.9239,365.009766,5.779492,0.175781,0
88.9391,365.097656,5.781042,0.087891,0
88.9544,365.361328,5.785693,0.263672,0
88.9696,365.449219,5.787244,0.087891,0
88.9848,365.625000,5.790344,0.175781,0
89.0000,365.712891,5.791895,0.087891,0
89.0153,365.800781,5.793445,0.087891,0
89.0305,365.888672,5.794995,0.087891,0
89.0457,366.064453,5.798096,0.175781,0
89.0611,366.240234,5.801196,0.175781,0
89.0764,366.328125,5.802747,0.087891,0
89.0916,366.503906,5.805847,0.175781,0
89.1068,366.591797,5.807397,0.087891,0
89.1221,366.855469,5.812048,0.263672,0
89.1374,366.943359,5.813599,0.087891,0
89.1526,367.207031,5.818250,0.263672,0
89.1678,367.294922,5.819800,0.087891,0
89.1830,367.470703,5.822900,0.175781,0
89.1982,367.558594,5.824451,0.087891,0
89.2135,367.734375,5.827551,0.175781,0
89.2287,367.910156,5.830652,0.175781,0
89.2440,367.998047,5.832202,0.087891,0
89.2600,368.173828,5.835303,0.175781,0
89.2760,368.437500,5.839954,0.263672,0
89.2913,368.525391,5.841504,0.087891,0
89.3066,368.613281,5.843054,0.087891,0
89.3218,368.789062,5.846155,0.175781,0
89.3370,368.876953,5.847705,0.087891,0
89.3522,369.052734,5.850806,0.175781,0
89.3679,369.140625,5.852356,0.087891,0
89.3831,369.404297,5.857007,0.263672,0
89.3983,369.404297,5.857007,0.000000,0
89.4135,369.580078,5.860107,0.175781,0
89.4287,369.667969,5.861658,0.087891,0
89.4440,369.931641,5.866309,0.263672,0
89.4593,370.019531,5.867859,0.087891,0
89.4746,370.107422,5.869409,0.087891,0
89.4899,370.195312,5.870959,0.087891,0
89.5053,370.371094,5.874060,0.175781,0
89.5207,370.634766,5.878711,0.263672,0
89.5361,370.722656,5.880261,0.087891,0
89.5513,370.986328,5.884912,0.263672,0
89.5666,371.074219,5.886462,0.087891,0
89.5818,371.250000,5.889563,0.175781,0
89.5970,371.425781,5.892664,0.175781,0
89.6122,371.601562,5.895764,0.175781,0
89.6275,371.689453,5.897314,0.087891,0
89.6427,371.953125,5.901965,0.263672,0
89.6579,372.041016,5.903516,0.087891,0
89.6732,372.128906,5.905066,0.087891,0
89.6884,372.304688,5.908167,0.175781,0
89.7036,372.392578,5.909717,0.087891,0
89.7188,372.656250,5.914368,0.263672,0
89.7341,372.744141,5.915918,0.087891,0
89.7493,372.919922,5.919019,0.175781,0
89.7646,373.007812,5.920569,0.087891,0
89.7799,373.095703,5.922119,0.087891,0
89.7953,373.183594,5.923669,0.087891,0
89.8105,373.447266,5.928320,0.263672,0
89.8257,373.535156,5.929871,0.087891,0
89.8409,373.623047,5.931421,0.087891,0
89.8561,373.798828,5.934521,0.175781,0
89.8714,373.886719,5.936072,0.087891,0
89.8866,374.150391,5.940723,0.263672,0
89.9018,374.238281,5.942273,0.087891,0
89.9172,374.501953,5.946924,0.263672,0
89.9324,374.589844,5.948474,0.087891,0
89.9477,374.765625,5.951575,0.175781,0
89.9629,374.941406,5.954675,0.175781,0
89.9781,375.029297,5.956226,0.087891,0
89.9933,375.117188,5.957776,0.087891,0
90.0085,375.205078,5.959326,0.087891,0
90.0238,375.468750,5.963977,0.263672,0
90.0390,375.556641,5.965527,0.087891,0
90.0542,375.732422,5.968628,0.175781,0
90.0694,375.820312,5.970178,0.087891,0
90.0846,376.083984,5.974829,0.263672,0
90.0998,376.171875,5.976379,0.087891,0
90.1151,376.347656,5.979480,0.175781,0
90.1303,376.435547,5.981030,0.087891,0
90.1455,376.523438,5.982581,0.087891,0
90.1607,376.699219,5.985681,0.175781,0
90.1759,376.787109,5.987231,0.087891,0
90.1911,376.962891,5.990332,0.175781,0
90.2063,377.050781,5.991882,0.087891,0
90.2216,377.226562,5.994983,0.175781,0
90.2368,377.314453,5.996533,0.087891,0
90.2520,377.490234,5.999634,0.175781,0
90.2673,377.666016,6.002734,0.175781,0
90.2825,377.841797,6.005835,0.175781,0
90.2977,378.017578,6.008936,0.175781,0
90.3129,378.105469,6.010486,0.087891,0
90.3281,378.369141,6.015137,0.263672,0
90.3433,378.457031,6.016687,0.087891,0
90.3586,378.544922,6.018237,0.087891,0
90.3738,378.720703,6.021338,0.175781,0
90.3890,378.896484,6.024438,0.175781,0
90.4042,378.984375,6.025989,0.087891,0
90.4194,379.248047,6.030640,0.263672,0
90.4347,379.335938,6.032190,0.087891,0
90.4499,379.511719,6.035291,0.175781,0
90.4652,379.599609,6.036841,0.087891,0
90.4805,379.775391,6.039941,0.175781,0
90.4957,379.951172,6.043042,0.175781,0
90.5109,380.039062,6.044592,0.087891,0
90.5261,380.214844,6.047693,0.175781,0
90.5415,380.302734,6.049243,0.087891,0
90.5571,380.390625,6.050793,0.087891,0
90.5724,380.478516,6.052344,0.087891,0
90.5877,380.654297,6.055444,0.175781,0
90.6030,380.830078,6.058545,0.175781,0
90.6182,381.005859,6.061646,0.175781,0
90.6334,381.093750,6.063196,0.087891,0
90.6487,381.269531,6.066296,0.175781,0
90.6639,381.357422,6.067847,0.087891,0
90.6792,381.533203,6.070947,0.175781,0
90.6946,381.796875,6.075598,0.263672,0
90.7098,381.884766,6.077148,0.087891,0
90.7250,382.060547,6.080249,0.175781,0
90.7402,382.148438,6.081799,0.087891,0
90.7557,382.412109,6.086450,0.263672,0
90.7709,382.500000,6.088000,0.087891,0
90.7862,382.763672,6.092651,0.263672,0
90.8014,382.851562,6.094202,0.087891,0
90.8167,383.115234,6.098853,0.263672,0
90.8320,383.115234,6.098853,0.000000,0
90.8473,383.203125,6.100403,0.087891,0
90.8625,383.466797,6.105054,0.263672,0
90.8777,383.554688,6.106604,0.087891,0
90.8929,383.730469,6.109705,0.175781,0
90.9081,383.818359,6.111255,0.087891,0
90.9234,383.994141,6.114355,0.175781,0
90.9386,384.082031,6.115906,0.087891,0
90.9538,384.257812,6.119006,0.175781,0
90.9690,384.345703,6.120557,0.087891,0
90.9843,384.433594,6.122107,0.087891,0
90.9995,384.609375,6.125208,0.175781,0
91.0147,384.697266,6.126758,0.087891,0
91.0300,384.873047,6.129858,0.175781,0
91.0452,384.960938,6.131409,0.087891,0
91.0604,385.224609,6.136060,0.263672,0
91.0757,385.312500,6.137610,0.087891,0
91.0910,385.576172,6.142261,0.263672,0
91.1062,385.664062,6.143811,0.087891,0
91.1214,385.839844,6.146912,0.175781,0
91.1368,385.927734,6.148462,0.087891,0
91.1520,386.191406,6.153113,0.263672,0
91.1672,386.279297,6.154663,0.087891,0
91.1825,386.367188,6.156213,0.087891,0
91.1978,386.542969,6.159314,0.175781,0
91.2130,386.630859,6.160864,0.087891,0
91.2282,386.894531,6.165515,0.263672,0
91.2434,386.894531,6.165515,0.000000,0
91.2588,387.158203,6.170166,0.263672,0
91.2753,387.246094,6.171716,0.087891,0
91.2905,387.421875,6.174817,0.175781,0
91.3059,387.509766,6.176367,0.087891,0
91.3211,387.685547,6.179468,0.175781,0
91.3363,387.773438,6.181018,0.087891,0
91.3515,387.861328,6.182568,0.087891,0
91.3667,388.037109,6.185669,0.175781,0
91.3820,388.125000,6.187219,0.087891,0
91.3973,388.300781,6.190320,0.175781,0
91.4125,388.388672,6.191870,0.087891,0
91.4277,388.564453,6.194971,0.175781,0
91.4430,388.740234,6.198071,0.175781,0
91.4582,388.916016,6.201172,0.175781,0
91.4734,389.091797,6.204272,0.175781,0
91.4888,389.267578,6.207373,0.175781,0
91.5040,389.355469,6.208923,0.087891,0
91.5193,389.619141,6.213574,0.263672,0
91.5345,389.707031,6.215125,0.087891,0
91.5497,389.794922,6.216675,0.087891,0
91.5650,389.970703,6.219775,0.175781,0
91.5802,390.146484,6.222876,0.175781,0
91.5955,390.322266,6.225977,0.175781,0
91.6107,390.410156,6.227527,0.087891,0
91.6259,390.585938,6.230627,0.175781,0
91.6414,390.673828,6.232178,0.087891,0
91.6566,390.937500,6.236829,0.263672,0
91.6718,391.025391,6.238379,0.087891,0
91.6871,391.201172,6.241479,0.175781,0
91.7023,391.289062,6.243030,0.087891,0
91.7178,391.464844,6.246130,0.175781,0
91.7330,391.464844,6.246130,0.000000,0
91.7483,391.552734,6.247681,0.087891,0
91.7635,391.816406,6.252332,0.263672,0
91.7787,391.904297,6.253882,0.087891,0
91.7939,392.080078,6.256982,0.175781,0
91.8093,392.167969,6.258533,0.087891,0
91.8251,392.431641,6.263184,0.263672,0
91.8404,392.519531,6.264734,0.087891,0
91.8556,392.695312,6.267834,0.175781,0
91.8708,392.871094,6.270935,0.175781,0
91.8860,393.046875,6.274036,0.175781,0
91.9013,393.134766,6.275586,0.087891,0
91.9165,393.222656,6.277136,0.087891,0
91.9317,393.486328,6.281787,0.263672,0
91.9469,393.574219,6.283337,0.087891,0
91.9622,393.750000,6.286438,0.175781,0
91.9774,393.925781,6.289539,0.175781,0
91.9928,394.101562,6.292639,0.175781,0
92.0080,394.189453,6.294189,0.087891,0
92.0233,394.365234,6.297290,0.175781,0
92.0386,394.541016,6.300391,0.175781,0
92.0538,394.716797,6.303491,0.175781,0
92.0690,394.804688,6.305042,0.087891,0
92.0842,394.804688,6.305042,0.000000,0
92.0996,394.980469,6.308142,0.175781,0
92.1149,395.068359,6.309692,0.087891,0
92.1301,395.244141,6.312793,0.175781,0
92.1453,395.332031,6.314343,0.087891,0
92.1605,395.595703,6.318994,0.263672,0
92.1757,395.683594,6.320544,0.087891,0
92.1911,395.859375,6.323645,0.175781,0
92.2063,395.947266,6.325195,0.087891,0
92.2215,396.210938,6.329846,0.263672,0
92.2367,396.298828,6.331396,0.087891,0
92.2519,396.386719,6.332947,0.087891,0
92.2672,396.650391,6.337598,0.263672,0
92.2825,396.738281,6.339148,0.087891,0
92.2977,396.914062,6.342249,0.175781,0
92.3130,397.001953,6.343799,0.087891,0
92.3282,397.265625,6.348450,0.263672,0
92.3434,397.353516,6.350000,0.087891,0
92.3587,397.529297,6.353101,0.175781,0
92.3739,397.617188,6.354651,0.087891,0
92.3893,397.792969,6.357751,0.175781,0
92.4046,397.880859,6.359302,0.087891,0
92.4198,398.056641,6.362402,0.175781,0
92.4350,398.232422,6.365503,0.175781,0
92.4502,398.320312,6.367053,0.087891,0
92.4654,398.496094,6.370154,0.175781,0
92.4807,398.583984,6.371704,0.087891,0
92.4960,398.759766,6.374805,0.175781,0
92.5112,398.759766,6.374805,0.000000,0
92.5265,399.023438,6.379456,0.263672,0
92.5417,399.111328,6.381006,0.087891,0
92.5569,399.287109,6.384106,0.175781,0
92.5722,399.375000,6.385657,0.087891,0
92.5874,399.462891,6.387207,0.087891,0
92.6026,399.726562,6.391858,0.263672,0
92.6178,399.814453,6.393408,0.087891,0
92.6331,400.078125,6.398059,0.263672,0
92.6483,400.166016,6.399609,0.087891,0
92.6636,400.429688,6.404260,0.263672,0
92.6788,400.517578,6.405811,0.087891,0
92.6940,400.693359,6.408911,0.175781,0
92.7093,400.781250,6.410461,0.087891,0
92.7246,401.044922,6.415112,0.263672,0
92.7398,401.132812,6.416663,0.087891,0
92.7550,401.220703,6.418213,0.087891,0
92.7708,401.484375,6.422864,0.263672,0
92.7860,401.572266,6.424414,0.087891,0
92.8013,401.748047,6.427515,0.175781,0
92.8166,401.835938,6.429065,0.087891,0
92.8318,402.011719,6.432166,0.175781,0
92.8470,402.099609,6.433716,0.087891,0
92.8622,402.275391,6.436816,0.175781,0
92.8774,402.363281,6.438367,0.087891,0
92.8927,402.539062,6.441467,0.175781,0
92.9079,402.626953,6.443018,0.087891,0
92.9232,402.802734,6.446118,0.175781,0
92.9384,402.890625,6.447668,0.087891,0
92.9537,403.066406,6.450769,0.175781,0
92.9689,403.242188,6.453870,0.175781,0
92.9842,403.330078,6.455420,0.087891,0
92.9995,403.505859,6.458521,0.175781,0
93.0147,403.681641,6.461621,0.175781,0
93.0299,403.945312,6.466272,0.263672,0
93.0451,404.033203,6.467822,0.087891,0
93.0607,404.208984,6.470923,0.175781,0
93.0759,404.296875,6.472473,0.087891,0
93.0911,404.472656,6.475574,0.175781,0
93.1065,404.648438,6.478674,0.175781,0
93.1217,404.736328,6.480225,0.087891,0
93.1369,404.912109,6.483325,0.175781,0
93.1521,405.000000,6.484875,0.087891,0
93.1673,405.175781,6.487976,0.175781,0
93.1827,405.351562,6.491077,0.175781,0
93.1979,405.527344,6.494177,0.175781,0
93.2146,405.615234,6.495728,0.087891,0
93.2298,405.791016,6.498828,0.175781,0
93.2450,405.878906,6.500378,0.087891,0
93.2603,406.054688,6.503479,0.175781,0
93.2755,406.142578,6.505029,0.087891,0
93.2908,406.230469,6.506580,0.087891,0
93.3067,406.406250,6.509680,0.175781,0
93.3243,406.669922,6.514331,0.263672,0
93.3395,406.757812,6.515881,0.087891,0
93.3547,406.845703,6.517432,0.087891,0
93.3699,407.021484,6.520532,0.175781,0
93.3858,407.197266,6.523633,0.175781,0
93.4011,407.285156,6.525183,0.087891,0
93.4163,407.548828,6.529834,0.263672,0
93.4315,407.636719,6.531384,0.087891,0
93.4467,407.812500,6.534485,0.175781,0
93.4620,407.988281,6.537585,0.175781,0
93.4772,408.076172,6.539136,0.087891,0
93.4924,408.339844,6.543787,0.263672,0
93.5077,408.427734,6.545337,0.087891,0
93.5230,408.603516,6.548438,0.175781,0
93.5382,408.691406,6.549988,0.087891,0
93.5534,408.867188,6.553088,0.175781,0
93.5687,409.042969,6.556189,0.175781,0
93.5839,409.218750,6.559290,0.175781,0
93.5991,409.306641,6.560840,0.087891,0
93.6143,409.394531,6.562390,0.087891,0
93.6295,409.570312,6.565491,0.175781,0
93.6448,409.746094,6.568591,0.175781,0
93.6600,409.833984,6.570142,0.087891,0
93.6753,409.921875,6.571692,0.087891,0
93.6905,410.097656,6.574792,0.175781,0
93.7057,410.273438,6.577893,0.175781,0
93.7217,410.449219,6.580994,0.175781,0
93.7369,410.449219,6.580994,0.000000,0
93.7522,410.712891,6.585645,0.263672,0
93.7674,410.888672,6.588745,0.175781,0
93.7826,411.064453,6.591846,0.175781,0
93.7978,411.152344,6.593396,0.087891,0
93.8131,411.240234,6.594946,0.087891,0
93.8284,411.503906,6.599597,0.263672,0
93.8436,411.591797,6.601147,0.087891,0
93.8592,411.767578,6.604248,0.175781,0
93.8745,411.855469,6.605798,0.087891,0
93.8897,412.119141,6.610449,0.263672,0
93.9049,412.207031,6.612000,0.087891,0
93.9201,412.382812,6.615100,0.175781,0
93.9359,412.470703,6.616650,0.087891,0
93.9511,412.734375,6.621301,0.263672,0
93.9663,412.822266,6.622852,0.087891,0
93.9815,412.998047,6.625952,0.175781,0
93.9967,413.085938,6.627502,0.087891,0
94.0119,413.173828,6.629053,0.087891,0
94.0273,413.349609,6.632153,0.175781,0
94.0425,413.437500,6.633704,0.087891,0
94.0578,413.613281,6.636804,0.175781,0
94.0730,413.701172,6.638354,0.087891,0
94.0882,413.876953,6.641455,0.175781,0
94.1036,414.052734,6.644556,0.175781,0
94.1189,414.140625,6.646106,0.087891,0
94.1341,414.228516,6.647656,0.087891,0
94.1494,414.492188,6.652307,0.263672,0
94.1653,414.667969,6.655408,0.175781,0
94.1806,414.843750,6.658508,0.175781,0
94.1961,415.019531,6.661609,0.175781,0
94.2113,415.107422,6.663159,0.087891,0
94.2266,415.283203,6.666260,0.175781,0
94.2418,415.371094,6.667810,0.087891,0
94.2576,415.546875,6.670911,0.175781,0
94.2728,415.634766,6.672461,0.087891,0
94.2880,415.898438,6.677112,0.263672,0
94.3033,415.986328,6.678662,0.087891,0
94.3185,416.250000,6.683313,0.263672,0
94.3337,416.337891,6.684863,0.087891,0
94.3489,416.513672,6.687964,0.175781,0
94.3641,416.601562,6.689514,0.087891,0
94.3794,416.689453,6.691064,0.087891,0
94.3946,416.953125,6.695715,0.263672,0
94.4098,417.041016,6.697266,0.087891,0
94.4251,417.216797,6.700366,0.175781,0
94.4404,417.304688,6.701917,0.087891,0
94.4556,417.392578,6.703467,0.087891,0
94.4708,417.480469,6.705017,0.087891,0
94.4861,417.744141,6.709668,0.263672,0
94.5013,417.919922,6.712769,0.175781,0
94.5166,418.095703,6.715869,0.175781,0
94.5318,418.183594,6.717419,0.087891,0
94.5471,418.271484,6.718970,0.087891,0
94.5623,418.535156,6.723621,0.263672,0
94.5775,418.623047,6.725171,0.087891,0
94.5928,418.798828,6.728271,0.175781,0
94.6084,418.886719,6.729822,0.087891,0
94.6242,419.150391,6.734473,0.263672,0
94.6395,419.238281,6.736023,0.087891,0
94.6547,419.414062,6.739124,0.175781,0
94.6699,419.501953,6.740674,0.087891,0
94.6852,419.765625,6.745325,0.263672,0
94.7004,419.853516,6.746875,0.087891,0
94.7159,420.029297,6.749976,0.175781,0
94.7313,420.117188,6.751526,0.087891,0
94.7465,420.292969,6.754626,0.175781,0
94.7617,420.468750,6.757727,0.175781,0
94.7769,420.556641,6.759277,0.087891,0
94.7921,420.732422,6.762378,0.175781,0
94.8073,420.820312,6.763928,0.087891,0
94.8227,420.996094,6.767029,0.175781,0
94.8379,421.083984,6.768579,0.087891,0
94.8532,421.347656,6.773230,0.263672,0
94.8684,421.347656,6.773230,0.000000,0
94.8837,421.523438,6.776331,0.175781,0
94.8989,421.611328,6.777881,0.087891,0
94.9148,421.875000,6.782532,0.263672,0
94.9305,421.962891,6.784082,0.087891,0
94.9458,422.138672,6.787183,0.175781,0
94.9610,422.226562,6.788733,0.087891,0
94.9762,422.314453,6.790283,0.087891,0
94.9918,422.578125,6.794934,0.263672,0
95.0070,422.666016,6.796484,0.087891,0
95.0223,422.929688,6.801135,0.263672,0
95.0377,423.017578,6.802686,0.087891,0
95.0530,423.281250,6.807336,0.263672,0
95.0682,423.281250,6.807336,0.000000,0
95.0834,423.544922,6.811987,0.263672,0
95.0988,423.632812,6.813538,0.087891,0
95.1140,423.896484,6.818188,0.263672,0
95.1292,423.896484,6.818188,0.000000,0
95.1444,423.984375,6.819739,0.087891,0
95.1597,424.160156,6.822839,0.175781,0
95.1749,424.335938,6.825940,0.175781,0
95.1901,424.599609,6.830591,0.263672,0
95.2053,424.687500,6.832141,0.087891,0
95.2205,424.863281,6.835242,0.175781,0
95.2357,424.951172,6.836792,0.087891,0
95.2510,425.126953,6.839893,0.175781,0
95.2662,425.214844,6.841443,0.087891,0
95.2814,425.390625,6.844543,0.175781,0
95.2966,425.478516,6.846094,0.087891,0
95.3118,425.566406,6.847644,0.087891,0
95.3270,425.830078,6.852295,0.263672,0
95.3423,425.917969,6.853845,0.087891,0
95.3575,426.093750,6.856946,0.175781,0
95.3727,426.269531,6.860046,0.175781,0
95.3879,426.445312,6.863147,0.175781,0
95.4031,426.533203,6.864697,0.087891,0
95.4184,426.796875,6.869348,0.263672,0
95.4338,426.884766,6.870898,0.087891,0
95.4490,427.148438,6.875549,0.263672,0
95.4642,427.148438,6.875549,0.000000,0
95.4795,427.236328,6.877100,0.087891,0
95.4947,427.500000,6.881750,0.263672,0
95.5099,427.587891,6.883301,0.087891,0
95.5251,427.763672,6.886401,0.175781,0
95.5411,427.851562,6.887952,0.087891,0
95.5570,428.115234,6.892603,0.263672,0
95.5723,428.203125,6.894153,0.087891,0
95.5875,428.378906,6.897253,0.175781,0
95.6027,428.466797,6.898804,0.087891,0
95.6179,428.730469,6.903455,0.263672,0
95.6331,428.818359,6.905005,0.087891,0
95.6484,428.994141,6.908105,0.175781,0
95.6638,429.082031,6.909656,0.087891,0
95.6790,429.169922,6.911206,0.087891,0
95.6942,429.257812,6.912756,0.087891,0
95.7094,429.345703,6.914307,0.087891,0
95.7246,429.521484,6.917407,0.175781,0
95.7406,429.697266,6.920508,0.175781,0
95.7558,429.873047,6.923608,0.175781,0
95.7710,429.960938,6.925159,0.087891,0
95.7862,430.224609,6.929810,0.263672,0
95.8014,430.224609,6.929810,0.000000,0
95.8167,430.488281,6.934460,0.263672,0
95.8319,430.576172,6.936011,0.087891,0
95.8472,430.839844,6.940662,0.263672,0
95.8631,430.927734,6.942212,0.087891,0
95.8783,431.191406,6.946863,0.263672,0
95.8935,431.191406,6.946863,0.000000,0
95.9087,431.279297,6.948413,0.087891,0
95.9240,431.542969,6.953064,0.263672,0
95.9393,431.630859,6.954614,0.087891,0
95.9546,431.806641,6.957715,0.175781,0
95.9698,431.894531,6.959265,0.087891,0
95.9850,432.158203,6.963916,0.263672,0
96.0003,432.158203,6.963916,0.000000,0
96.0155,432.421875,6.968567,0.263672,0
96.0307,432.597656,6.971667,0.175781,0
96.0460,432.773438,6.974768,0.175781,0
96.0612,432.861328,6.976318,0.087891,0
96.0764,432.949219,6.977869,0.087891,0
96.0918,433.125000,6.980969,0.175781,0
96.1070,433.125000,6.980969,0.000000,0
96.1222,433.300781,6.984070,0.175781,0
96.1375,433.476562,6.987170,0.175781,0
96.1527,433.652344,6.990271,0.175781,0
96.1679,433.740234,6.991821,0.087891,0
96.1833,434.003906,6.996472,0.263672,0
96.1986,434.091797,6.998022,0.087891,0
96.2139,434.355469,7.002673,0.263672,0
96.2291,434.443359,7.004224,0.087891,0
96.2444,434.531250,7.005774,0.087891,0
96.2596,434.707031,7.008875,0.175781,0
96.2749,434.882812,7.011975,0.175781,0
96.2911,435.058594,7.015076,0.175781,0
96.3063,435.146484,7.016626,0.087891,0
96.3215,435.322266,7.019727,0.175781,0
96.3367,435.410156,7.021277,0.087891,0
96.3520,435.673828,7.025928,0.263672,0
96.3673,435.761719,7.027478,0.087891,0
96.3826,435.937500,7.030579,0.175781,0
96.3978,436.025391,7.032129,0.087891,0
96.4130,436.289062,7.036780,0.263672,0
96.4282,436.376953,7.038330,0.087891,0
96.4434,436.464844,7.039880,0.087891,0
96.4587,436.640625,7.042981,0.175781,0
96.4739,436.728516,7.044531,0.087891,0
96.4891,436.904297,7.047632,0.175781,0
96.5043,436.992188,7.049182,0.087891,0
96.5197,437.167969,7.052283,0.175781,0
96.5349,437.255859,7.053833,0.087891,0
96.5502,437.431641,7.056934,0.175781,0
96.5654,437.519531,7.058484,0.087891,0
96.5806,437.695312,7.061584,0.175781,0
96.5958,437.783203,7.063135,0.087891,0
96.6110,437.958984,7.066235,0.175781,0
96.6262,438.134766,7.069336,0.175781,0
96.6414,438.222656,7.070886,0.087891,0
96.6567,438.398438,7.073987,0.175781,0
96.6719,438.574219,7.077087,0.175781,0
96.6871,438.750000,7.080188,0.175781,0
96.7023,438.925781,7.083289,0.175781,0
96.7175,439.013672,7.084839,0.087891,0
96.7327,439.101562,7.086389,0.087891,0
96.7480,439.277344,7.089490,0.175781,0
96.7633,439.453125,7.092590,0.175781,0
96.7785,439.541016,7.094141,0.087891,0
96.7938,439.716797,7.097241,0.175781,0
96.8092,439.804688,7.098792,0.087891,0
96.8245,440.068359,7.103442,0.263672,0
96.8397,440.156250,7.104993,0.087891,0
96.8549,440.332031,7.108093,0.175781,0
96.8701,440.419922,7.109644,0.087891,0
96.8853,440.683594,7.114294,0.263672,0
96.9005,440.771484,7.115845,0.087891,0
96.9158,440.859375,7.117395,0.087891,0
96.9310,440.947266,7.118945,0.087891,0
96.9468,441.035156,7.120496,0.087891,0
96.9620,441.210938,7.123596,0.175781,0
96.9772,441.298828,7.125146,0.087891,0
96.9924,441.474609,7.128247,0.175781,0
97.0077,441.650391,7.131348,0.175781,0
97.0238,441.826172,7.134448,0.175781,0
97.0390,441.914062,7.135999,0.087891,0
97.0543,442.089844,7.139099,0.175781,0
97.0695,442.177734,7.140649,0.087891,0
97.0847,442.441406,7.145300,0.263672,0
97.0999,442.529297,7.146851,0.087891,0
97.1151,442.705078,7.149951,0.175781,0
97.1303,442.792969,7.151501,0.087891,0
97.1456,442.968750,7.154602,0.175781,0
97.1608,443.056641,7.156152,0.087891,0
97.1760,443.232422,7.159253,0.175781,0
97.1913,443.408203,7.162354,0.175781,0
97.2065,443.496094,7.163904,0.087891,0
97.2217,443.759766,7.168555,0.263672,0
97.2370,443.847656,7.170105,0.087891,0
97.2523,444.023438,7.173206,0.175781,0
97.2675,444.111328,7.174756,0.087891,0
97.2827,444.375000,7.179407,0.263672,0
97.2979,444.462891,7.180957,0.087891,0
97.3131,444.550781,7.182507,0.087891,0
97.3292,444.726562,7.185608,0.175781,0
97.3444,444.814453,7.187158,0.087891,0
97.3596,444.902344,7.188708,0.087891,0
97.3749,444.990234,7.190259,0.087891,0
97.3901,445.166016,7.193359,0.175781,0
97.4053,445.341797,7.196460,0.175781,0
97.4205,445.517578,7.199561,0.175781,0
97.4358,445.605469,7.201111,0.087891,0
97.4510,445.781250,7.204211,0.175781,0
97.4663,445.869141,7.205762,0.087891,0
97.4815,446.044922,7.208862,0.175781,0
97.4967,446.220703,7.211963,0.175781,0
97.5119,446.308594,7.213513,0.087891,0
97.5271,446.572266,7.218164,0.263672,0
97.5424,446.660156,7.219714,0.087891,0
97.5576,446.835938,7.222815,0.175781,0
97.5729,446.835938,7.222815,0.000000,0
97.5882,447.187500,7.229016,0.351562,0
97.6034,447.275391,7.230566,0.087891,0
97.6186,447.451172,7.233667,0.175781,0
97.6339,447.539062,7.235217,0.087891,0
97.6492,447.626953,7.236768,0.087891,0
97.6644,447.802734,7.239868,0.175781,0
97.6796,447.978516,7.242969,0.175781,0
97.6949,448.154297,7.246069,0.175781,0
97.7101,448.242188,7.247620,0.087891,0
97.7253,448.505859,7.252271,0.263672,0
97.7405,448.593750,7.253821,0.087891,0
97.7558,448.681641,7.255371,0.087891,0
97.7710,448.769531,7.256921,0.087891,0
97.7862,448.945312,7.260022,0.175781,0
97.8014,449.121094,7.263123,0.175781,0
97.8167,449.208984,7.264673,0.087891,0
97.8320,449.384766,7.267773,0.175781,0
97.8475,449.472656,7.269324,0.087891,0
97.8629,449.648438,7.272424,0.175781,0
97.8782,449.736328,7.273975,0.087891,0
97.8934,450.000000,7.278625,0.263672,0
97.9086,450.087891,7.280176,0.087891,0
97.9239,450.263672,7.283276,0.175781,0
97.9391,450.351562,7.284827,0.087891,0
97.9543,450.615234,7.289478,0.263672,0
97.9696,450.703125,7.291028,0.087891,0
97.9848,450.878906,7.294128,0.175781,0
98.0000,450.966797,7.295679,0.087891,0
98.0152,451.054688,7.297229,0.087891,0
98.0305,451.230469,7.300330,0.175781,0
98.0457,451.406250,7.303430,0.175781,0
98.0609,451.582031,7.306531,0.175781,0
98.0763,451.669922,7.308081,0.087891,0
98.0915,451.933594,7.312732,0.263672,0
98.1068,452.021484,7.314282,0.087891,0
98.1220,452.197266,7.317383,0.175781,0
98.1372,452.285156,7.318933,0.087891,0
98.1524,452.460938,7.322034,0.175781,0
98.1676,452.548828,7.323584,0.087891,0
98.1829,452.548828,7.323584,0.000000,0
98.1981,452.812500,7.328235,0.263672,0
98.2133,452.900391,7.329785,0.087891,0
98.2285,453.164062,7.334436,0.263672,0
98.2437,453.251953,7.335986,0.087891,0
98.2601,453.427734,7.339087,0.175781,0
98.2753,453.515625,7.340637,0.087891,0
98.2906,453.691406,7.343738,0.175781,0
98.3059,453.779297,7.345288,0.087891,0
98.3211,454.042969,7.349939,0.263672,0
98.3363,454.130859,7.351489,0.087891,0
98.3515,454.394531,7.356140,0.263672,0
98.3668,454.394531,7.356140,0.000000,0
98.3820,454.482422,7.357690,0.087891,0
98.3972,454.746094,7.362341,0.263672,0
98.4124,454.833984,7.363892,0.087891,0
98.4276,455.009766,7.366992,0.175781,0
98.4429,455.097656,7.368542,0.087891,0
98.4584,455.273438,7.371643,0.175781,0
98.4737,455.361328,7.373193,0.087891,0
98.4889,455.625000,7.377844,0.263672,0
98.5043,455.712891,7.379395,0.087891,0
98.5195,455.888672,7.382495,0.175781,0
98.5347,455.976562,7.384045,0.087891,0
98.5499,456.064453,7.385596,0.087891,0
98.5652,456.240234,7.388696,0.175781,0
98.5805,456.328125,7.390247,0.087891,0
98.5957,456.416016,7.391797,0.087891,0
98.6109,456.591797,7.394897,0.175781,0
98.6261,456.855469,7.399548,0.263672,0
98.6414,456.943359,7.401099,0.087891,0
98.6566,457.119141,7.404199,0.175781,0
98.6718,457.207031,7.405750,0.087891,0
98.6870,457.470703,7.410400,0.263672,0
98.7024,457.558594,7.411951,0.087891,0
98.7176,457.646484,7.413501,0.087891,0
98.7328,457.822266,7.416602,0.175781,0
98.7480,457.998047,7.419702,0.175781,0
98.7633,458.173828,7.422803,0.175781,0
98.7785,458.173828,7.422803,0.000000,0
98.7937,458.437500,7.427454,0.263672,0
98.8090,458.525391,7.429004,0.087891,0
98.8242,458.789062,7.433655,0.263672,0
98.8394,458.876953,7.435205,0.087891,0
98.8546,459.052734,7.438306,0.175781,0
98.8698,459.140625,7.439856,0.087891,0
98.8850,459.228516,7.441406,0.087891,0
98.9006,459.492188,7.446057,0.263672,0
98.9159,459.580078,7.447607,0.087891,0
98.9312,459.755859,7.450708,0.175781,0
98.9464,459.843750,7.452258,0.087891,0
98.9616,460.019531,7.455359,0.175781,0
98.9769,460.019531,7.455359,0.000000,0
98.9921,460.195312,7.458459,0.175781,0
99.0073,460.283203,7.460010,0.087891,0
99.0226,460.546875,7.464661,0.263672,0
99.0378,460.722656,7.467761,0.175781,0
99.0530,460.810547,7.469312,0.087891,0
99.0683,460.898438,7.470862,0.087891,0
99.0835,461.074219,7.473962,0.175781,0
99.0987,461.250000,7.477063,0.175781,0
99.1139,461.337891,7.478613,0.087891,0
99.1292,461.513672,7.481714,0.175781,0
99.1444,461.689453,7.484814,0.175781,0
99.1596,461.865234,7.487915,0.175781,0
99.1748,461.953125,7.489465,0.087891,0
99.1901,462.128906,7.492566,0.175781,0
99.2053,462.304688,7.495667,0.175781,0
99.2206,462.392578,7.497217,0.087891,0
99.2358,462.568359,7.500317,0.175781,0
99.2510,462.656250,7.501868,0.087891,0
99.2663,462.832031,7.504968,0.175781,0
99.2815,462.919922,7.506519,0.087891,0
99.2967,463.183594,7.511169,0.263672,0
99.3119,463.271484,7.512720,0.087891,0
99.3273,463.447266,7.515820,0.175781,0
99.3425,463.535156,7.517371,0.087891,0
99.3578,463.710938,7.520471,0.175781,0
99.3731,463.710938,7.520471,0.000000,0
99.3883,463.886719,7.523572,0.175781,0
99.4035,464.062500,7.526672,0.175781,0
99.4187,464.150391,7.528223,0.087891,0
99.4340,464.414062,7.532874,0.263672,0
99.4498,464.501953,7.534424,0.087891,0
99.4655,464.677734,7.537524,0.175781,0
99.4808,464.765625,7.539075,0.087891,0
99.4960,465.029297,7.543726,0.263672,0
99.5113,465.117188,7.545276,0.087891,0
99.5266,465.292969,7.548376,0.175781,0
99.5418,465.380859,7.549927,0.087891,0
99.5570,465.556641,7.553027,0.175781,0
99.5722,465.644531,7.554578,0.087891,0
99.5875,465.820312,7.557678,0.175781,0
99.6028,465.996094,7.560779,0.175781,0
99.6180,466.083984,7.562329,0.087891,0
99.6334,466.259766,7.565430,0.175781,0
99.6486,466.347656,7.566980,0.087891,0
99.6639,466.523438,7.570081,0.175781,0
99.6791,466.611328,7.571631,0.087891,0
99.6946,466.875000,7.576282,0.263672,0
99.7098,466.962891,7.577832,0.087891,0
99.7251,467.138672,7.580933,0.175781,0
99.7404,467.226562,7.582483,0.087891,0
99.7556,467.314453,7.584033,0.087891,0
99.7710,467.490234,7.587134,0.175781,0
99.7863,467.578125,7.588684,0.087891,0
99.8015,467.753906,7.591785,0.175781,0
99.8167,467.841797,7.593335,0.087891,0
99.8319,468.105469,7.597986,0.263672,0
99.8472,468.193359,7.599536,0.087891,0
99.8624,468.369141,7.602637,0.175781,0
99.8776,468.457031,7.604187,0.087891,0
99.8929,468.632812,7.607288,0.175781,0
99.9081,468.808594,7.610388,0.175781,0
99.9233,468.896484,7.611938,0.087891,0
99.9386,469.160156,7.616589,0.263672,0
99.9539,469.248047,7.618140,0.087891,0
99.9691,469.335938,7.619690,0.087891,0
99.9845,469.423828,7.621240,0.087891,0
99.9997,469.687500,7.625891,0.263672,0
100.0150,469.775391,7.627441,0.087891,0
100.0303,469.951172,7.630542,0.175781,0
100.0455,470.039062,7.632092,0.087891,0
100.0607,470.302734,7.636743,0.263672,0
100.0759,470.390625,7.638293,0.087891,0
100.0912,470.566406,7.641394,0.175781,0
100.1064,470.654297,7.642944,0.087891,0
100.1216,470.742188,7.644495,0.087891,0
100.1369,470.917969,7.647595,0.175781,0
100.1521,471.005859,7.649146,0.087891,0
100.1674,471.181641,7.652246,0.175781,0
100.1827,471.181641,7.652246,0.000000,0
100.1979,471.445312,7.656897,0.263672,0
100.2137,471.533203,7.658447,0.087891,0
100.2290,471.796875,7.663098,0.263672,0
100.2443,471.884766,7.664648,0.087891,0
100.2599,472.060547,7.667749,0.175781,0
100.2751,472.148438,7.669299,0.087891,0
100.2903,472.412109,7.673950,0.263672,0
100.3055,472.500000,7.675500,0.087891,0
100.3207,472.587891,7.677051,0.087891,0
100.3359,472.763672,7.680151,0.175781,0
100.3512,472.851562,7.681702,0.087891,0
100.3664,473.115234,7.686353,0.263672,0
100.3816,473.203125,7.687903,0.087891,0
100.3969,473.378906,7.691003,0.175781,0
100.4122,473.466797,7.692554,0.087891,0
100.4274,473.642578,7.695654,0.175781,0
100.4429,473.730469,7.697205,0.087891,0
100.4582,473.994141,7.701855,0.263672,0
100.4734,474.082031,7.703406,0.087891,0
100.4886,474.169922,7.704956,0.087891,0
100.5039,474.345703,7.708057,0.175781,0
100.5193,474.433594,7.709607,0.087891,0
100.5345,474.609375,7.712708,0.175781,0
100.5497,474.697266,7.714258,0.087891,0
100.5649,474.873047,7.717358,0.175781,0
100.5801,474.960938,7.718909,0.087891,0
100.5954,475.136719,7.722009,0.175781,0
100.6106,475.312500,7.725110,0.175781,0
100.6258,475.488281,7.728210,0.175781,0
100.6410,475.576172,7.729761,0.087891,0
100.6563,475.664062,7.731311,0.087891,0
100.6715,475.927734,7.735962,0.263672,0
100.6867,476.015625,7.737512,0.087891,0
100.7021,476.279297,7.742163,0.263672,0
100.7173,476.367188,7.743713,0.087891,0
100.7333,476.455078,7.745264,0.087891,0
100.7485,476.542969,7.746814,0.087891,0
100.7637,476.806641,7.751465,0.263672,0
100.7789,476.894531,7.753015,0.087891,0
100.7942,477.070312,7.756116,0.175781,0
100.8094,477.158203,7.757666,0.087891,0
100.8246,477.246094,7.759216,0.087891,0
100.8399,477.421875,7.762317,0.175781,0
100.8551,477.597656,7.765417,0.175781,0
100.8705,477.773438,7.768518,0.175781,0
100.8857,477.949219,7.771619,0.175781,0
100.9009,478.037109,7.773169,0.087891,0
100.9161,478.125000,7.774719,0.087891,0
100.9314,478.300781,7.777820,0.175781,0
100.9466,478.388672,7.779370,0.087891,0
100.9619,478.564453,7.782471,0.175781,0
100.9771,478.652344,7.784021,0.087891,0
100.9924,478.740234,7.785571,0.087891,0
101.0078,479.003906,7.790222,0.263672,0
101.0230,479.091797,7.791772,0.087891,0
101.0382,479.355469,7.796423,0.263672,0
101.0535,479.443359,7.797974,0.087891,0
101.0687,479.707031,7.802625,0.263672,0
101.0840,479.794922,7.804175,0.087891,0
101.0993,479.970703,7.807275,0.175781,0
101.1145,480.058594,7.808826,0.087891,0
101.1297,480.234375,7.811926,0.175781,0
101.1449,480.322266,7.813477,0.087891,0
101.1602,480.498047,7.816577,0.175781,0
101.1754,480.585938,7.818127,0.087891,0
101.1906,480.673828,7.819678,0.087891,0
101.2058,480.937500,7.824329,0.263672,0
101.2211,481.025391,7.825879,0.087891,0
101.2363,481.201172,7.828979,0.175781,0
101.2515,481.376953,7.832080,0.175781,0
101.2667,481.552734,7.835181,0.175781,0
101.2819,481.640625,7.836731,0.087891,0
101.2972,481.816406,7.839832,0.175781,0
101.3124,481.816406,7.839832,0.000000,0
101.3276,481.904297,7.841382,0.087891,0
101.3428,482.080078,7.844482,0.175781,0
101.3580,482.167969,7.846033,0.087891,0
101.3733,482.431641,7.850684,0.263672,0
101.3885,482.519531,7.852234,0.087891,0
101.4037,482.695312,7.855334,0.175781,0
101.4190,482.871094,7.858435,0.175781,0
101.4342,483.046875,7.861536,0.175781,0
101.4494,483.134766,7.863086,0.087891,0
101.4669,483.398438,7.867737,0.263672,0
101.4823,483.486328,7.869287,0.087891,0
101.4975,483.662109,7.872388,0.175781,0
101.5128,483.750000,7.873938,0.087891,0
101.5280,483.925781,7.877039,0.175781,0
101.5432,484.013672,7.878589,0.087891,0
101.5585,484.189453,7.881689,0.175781,0
101.5738,484.277344,7.883240,0.087891,0
101.5890,484.365234,7.884790,0.087891,0
101.6042,484.628906,7.889441,0.263672,0
101.6194,484.716797,7.890991,0.087891,0
101.6347,484.892578,7.894092,0.175781,0
101.6499,484.980469,7.895642,0.087891,0
101.6651,485.244141,7.900293,0.263672,0
101.6803,485.244141,7.900293,0.000000,0
101.6958,485.419922,7.903394,0.175781,0
101.7110,485.507812,7.904944,0.087891,0
101.7263,485.683594,7.908044,0.175781,0
101.7415,485.771484,7.909595,0.087891,0
101.7567,485.947266,7.912695,0.175781,0
101.7719,486.123047,7.915796,0.175781,0
101.7871,486.210938,7.917346,0.087891,0
101.8026,486.474609,7.921997,0.263672,0
101.8178,486.562500,7.923547,0.087891,0
101.8330,486.826172,7.928198,0.263672,0
101.8482,486.914062,7.929749,0.087891,0
101.8635,487.001953,7.931299,0.087891,0
101.8787,487.177734,7.934399,0.175781,0
101.8939,487.353516,7.937500,0.175781,0
101.9091,487.441406,7.939050,0.087891,0
101.9243,487.529297,7.940601,0.087891,0
101.9396,487.705078,7.943701,0.175781,0
101.9548,487.792969,7.945251,0.087891,0
101.9700,487.968750,7.948352,0.175781,0
101.9853,488.144531,7.951453,0.175781,0
102.0005,488.320312,7.954553,0.175781,0
102.0160,488.408203,7.956104,0.087891,0
102.0313,488.583984,7.959204,0.175781,0
102.0465,488.671875,7.960754,0.087891,0
102.0618,488.759766,7.962305,0.087891,0
102.0770,488.935547,7.965405,0.175781,0
102.0922,489.023438,7.966956,0.087891,0
102.1074,489.287109,7.971606,0.263672,0
102.1227,489.287109,7.971606,0.000000,0
102.1380,489.550781,7.976257,0.263672,0
102.1532,489.638672,7.977808,0.087891,0
102.1685,489.814453,7.980908,0.175781,0
102.1837,489.902344,7.982458,0.087891,0
102.1989,490.166016,7.987109,0.263672,0
102.2148,490.341797,7.990210,0.175781,0
102.2300,490.517578,7.993311,0.175781,0
102.2452,490.517578,7.993311,0.000000,0
102.2604,490.605469,7.994861,0.087891,0
102.2757,490.869141,7.999512,0.263672,0
102.2909,490.957031,8.001062,0.087891,0
102.3066,491.132812,8.004163,0.175781,0
102.3218,491.220703,8.005713,0.087891,0
102.3371,491.396484,8.008813,0.175781,0
102.3526,491.572266,8.011914,0.175781,0
102.3678,491.748047,8.015015,0.175781,0
102.3830,491.835938,8.016565,0.087891,0
102.3982,492.011719,8.019666,0.175781,0
102.4135,492.099609,8.021216,0.087891,0
102.4287,492.275391,8.024316,0.175781,0
102.4439,492.275391,8.024316,0.000000,0
102.4591,492.451172,8.027417,0.175781,0
102.4744,492.626953,8.030518,0.175781,0
102.4896,492.802734,8.033618,0.175781,0
102.5049,492.890625,8.035168,0.087891,0
102.5202,492.978516,8.036719,0.087891,0
102.5354,493.242188,8.041370,0.263672,0
102.5506,493.330078,8.042920,0.087891,0
102.5659,493.593750,8.047571,0.263672,0
102.5811,493.681641,8.049121,0.087891,0
102.5963,493.945312,8.053772,0.263672,0
102.6117,493.945312,8.053772,0.000000,0
102.6269,494.033203,8.055322,0.087891,0
102.6422,494.208984,8.058423,0.175781,0
102.6574,494.296875,8.059973,0.087891,0
102.6726,494.560547,8.064624,0.263672,0
102.6878,494.648438,8.066174,0.087891,0
102.7031,494.824219,8.069275,0.175781,0
102.7183,494.912109,8.070825,0.087891,0
102.7335,495.087891,8.073926,0.175781,0
102.7488,495.263672,8.077026,0.175781,0
102.7640,495.439453,8.080127,0.175781,0
102.7793,495.439453,8.080127,0.000000,0
102.7945,495.527344,8.081677,0.087891,0
102.8097,495.703125,8.084778,0.175781,0
102.8249,495.791016,8.086328,0.087891,0
102.8402,496.054688,8.090979,0.263672,0
102.8554,496.142578,8.092529,0.087891,0
102.8707,496.318359,8.095630,0.175781,0
102.8860,496.406250,8.097180,0.087891,0
102.9012,496.669922,8.101831,0.263672,0
102.9165,496.757812,8.103381,0.087891,0
102.9317,497.021484,8.108032,0.263672,0
102.9470,497.109375,8.109583,0.087891,0
102.9622,497.197266,8.111133,0.087891,0
102.9775,497.373047,8.114233,0.175781,0
102.9927,497.460938,8.115784,0.087891,0
103.0080,497.636719,8.118884,0.175781,0
103.0232,497.724609,8.120435,0.087891,0
103.0385,497.900391,8.123535,0.175781,0
103.0537,497.988281,8.125085,0.087891,0
103.0689,498.164062,8.128186,0.175781,0
103.0842,498.339844,8.131287,0.175781,0
103.0995,498.515625,8.134387,0.175781,0
103.1150,498.603516,8.135938,0.087891,0
103.1303,498.691406,8.137488,0.087891,0
103.1457,498.955078,8.142139,0.263672,0
103.1609,498.955078,8.142139,0.000000,0
103.1761,499.130859,8.145239,0.175781,0
103.1915,499.218750,8.146790,0.087891,0
103.2067,499.394531,8.149890,0.175781,0
103.2220,499.570312,8.152991,0.175781,0
103.2372,499.746094,8.156091,0.175781,0
103.2525,499.833984,8.157642,0.087891,0
103.2677,500.097656,8.162292,0.263672,0
103.2829,500.185547,8.163843,0.087891,0
103.2981,500.449219,8.168494,0.263672,0
103.3134,500.537109,8.170044,0.087891,0
103.3287,500.625000,8.171594,0.087891,0
103.3439,500.800781,8.174695,0.175781,0
103.3591,500.888672,8.176245,0.087891,0
103.3743,501.064453,8.179346,0.175781,0
103.3895,501.152344,8.180896,0.087891,0
103.4047,501.328125,8.183997,0.175781,0
103.4201,501.416016,8.185547,0.087891,0
103.4353,501.591797,8.188647,0.175781,0
103.4505,501.767578,8.191748,0.175781,0
103.4659,501.943359,8.194849,0.175781,0
103.4811,502.031250,8.196399,0.087891,0
103.4963,502.119141,8.197949,0.087891,0
103.5115,502.294922,8.201050,0.175781,0
103.5268,502.382812,8.202600,0.087891,0
103.5420,502.558594,8.205701,0.175781,0
103.5573,502.646484,8.207251,0.087891,0
103.5725,502.910156,8.211902,0.263672,0
103.5878,502.998047,8.213452,0.087891,0
103.6030,503.173828,8.216553,0.175781,0
103.6183,503.261719,8.218103,0.087891,0
103.6335,503.525391,8.222754,0.263672,0
103.6487,503.613281,8.224304,0.087891,0
103.6640,503.789062,8.227405,0.175781,0
103.6792,503.964844,8.230505,0.175781,0
103.6944,504.052734,8.232056,0.087891,0
103.7104,504.228516,8.235156,0.175781,0
103.7258,504.316406,8.236707,0.087891,0
103.7410,504.492188,8.239807,0.175781,0
103.7563,504.580078,8.241357,0.087891,0
103.7715,504.755859,8.244458,0.175781,0
103.7867,504.843750,8.246008,0.087891,0
103.8020,505.107422,8.250659,0.263672,0
103.8172,505.195312,8.252209,0.087891,0
103.8324,505.283203,8.253760,0.087891,0
103.8477,505.458984,8.256860,0.175781,0
103.8629,505.546875,8.258411,0.087891,0
103.8781,505.634766,8.259961,0.087891,0
103.8933,505.810547,8.263062,0.175781,0
103.9085,505.986328,8.266162,0.175781,0
103.9238,506.074219,8.267712,0.087891,0
103.9391,506.337891,8.272363,0.263672,0
103.9543,506.425781,8.273914,0.087891,0
103.9695,506.601562,8.277014,0.175781,0
103.9847,506.777344,8.280115,0.175781,0
104.0000,506.865234,8.281665,0.087891,0
104.0154,507.128906,8.286316,0.263672,0
104.0307,507.216797,8.287866,0.087891,0
104.0459,507.392578,8.290967,0.175781,0
104.0612,507.480469,8.292517,0.087891,0
104.0764,507.656250,8.295618,0.175781,0
104.0916,507.744141,8.297168,0.087891,0
104.1068,508.007812,8.301819,0.263672,0
104.1222,508.007812,8.301819,0.000000,0
104.1374,508.271484,8.306470,0.263672,0
104.1526,508.359375,8.308020,0.087891,0
104.1678,508.447266,8.309570,0.087891,0
104.1830,508.623047,8.312671,0.175781,0
104.1982,508.710938,8.314221,0.087891,0
104.2135,508.886719,8.317322,0.175781,0
104.2287,508.974609,8.318872,0.087891,0
104.2440,509.150391,8.321973,0.175781,0
104.2597,509.238281,8.323523,0.087891,0
104.2749,509.501953,8.328174,0.263672,0
104.2903,509.589844,8.329724,0.087891,0
104.3055,509.765625,8.332825,0.175781,0
104.3207,509.853516,8.334375,0.087891,0
104.3366,510.117188,8.339026,0.263672,0
104.3519,510.205078,8.340576,0.087891,0
104.3671,510.468750,8.345227,0.263672,0
104.3824,510.556641,8.346777,0.087891,0
104.3976,510.644531,8.348328,0.087891,0
104.4128,510.820312,8.351428,0.175781,0
104.4280,510.908203,8.352979,0.087891,0
104.4433,511.083984,8.356079,0.175781,0
104.4585,511.171875,8.357629,0.087891,0
104.4738,511.435547,8.362280,0.263672,0
104.4890,511.523438,8.363831,0.087891,0
104.5042,511.699219,8.366931,0.175781,0
104.5194,511.787109,8.368481,0.087891,0
104.5347,511.875000,8.370032,0.087891,0
104.5499,512.050781,8.373132,0.175781,0
104.5651,512.138672,8.374683,0.087891,0
104.5803,512.314453,8.377783,0.175781,0
104.5955,512.402344,8.379333,0.087891,0
104.6107,512.578125,8.382434,0.175781,0
104.6260,512.753906,8.385535,0.175781,0
104.6414,512.929688,8.388635,0.175781,0
104.6566,513.017578,8.390186,0.087891,0
104.6718,513.193359,8.393286,0.175781,0
104.6871,513.369141,8.396387,0.175781,0
104.7023,513.457031,8.397937,0.087891,0
104.7175,513.632812,8.401038,0.175781,0
104.7327,513.808594,8.404138,0.175781,0
104.7479,513.896484,8.405688,0.087891,0
104.7631,514.072266,8.408789,0.175781,0
104.7784,514.248047,8.411890,0.175781,0
104.7936,514.335938,8.413440,0.087891,0
104.8088,514.599609,8.418091,0.263672,0
104.8240,514.687500,8.419641,0.087891,0
104.8393,514.775391,8.421191,0.087891,0
104.8546,514.951172,8.424292,0.175781,0
104.8699,515.039062,8.425842,0.087891,0
104.8852,515.214844,8.428943,0.175781,0
104.9005,515.302734,8.430493,0.087891,0
104.9157,515.478516,8.433594,0.175781,0
104.9310,515.566406,8.435144,0.087891,0
104.9462,515.742188,8.438245,0.175781,0
104.9614,515.830078,8.439795,0.087891,0
104.9766,516.093750,8.444446,0.263672,0
104.9918,516.181641,8.445996,0.087891,0
105.0071,516.357422,8.449097,0.175781,0
105.0223,516.445312,8.450647,0.087891,0
105.0376,516.533203,8.452197,0.087891,0
105.0528,516.796875,8.456848,0.263672,0
105.0680,516.972656,8.459949,0.175781,0
105.0833,517.148438,8.463049,0.175781,0
105.0986,517.236328,8.464600,0.087891,0
105.1138,517.412109,8.467700,0.175781,0
105.1290,517.500000,8.469250,0.087891,0
105.1442,517.675781,8.472351,0.175781,0
105.1594,517.763672,8.473901,0.087891,0
105.1747,518.027344,8.478552,0.263672,0
105.1899,518.115234,8.480103,0.087891,0
105.2051,518.203125,8.481653,0.087891,0
105.2203,518.378906,8.484753,0.175781,0
105.2355,518.466797,8.486304,0.087891,0
105.2508,518.642578,8.489404,0.175781,0
105.2660,518.730469,8.490955,0.087891,0
105.2812,518.906250,8.494055,0.175781,0
105.2964,518.994141,8.495605,0.087891,0
105.3116,519.257812,8.500256,0.263672,0
105.3269,519.345703,8.501807,0.087891,0
105.3421,519.521484,8.504907,0.175781,0
105.3573,519.609375,8.506458,0.087891,0
105.3725,519.697266,8.508008,0.087891,0
105.3878,519.960938,8.512659,0.263672,0
105.4030,520.048828,8.514209,0.087891,0
105.4182,520.312500,8.518860,0.263672,0
105.4334,520.312500,8.518860,0.000000,0
105.4486,520.576172,8.523511,0.263672,0
105.4639,520.664062,8.525061,0.087891,0
105.4791,520.839844,8.528162,0.175781,0
105.4944,520.927734,8.529712,0.087891,0
105.5097,521.103516,8.532813,0.175781,0
105.5249,521.279297,8.535913,0.175781,0
105.5401,521.367188,8.537463,0.087891,0
105.5554,521.542969,8.540564,0.175781,0
105.5707,521.630859,8.542114,0.087891,0
105.5859,521.806641,8.545215,0.175781,0
105.6011,521.982422,8.548315,0.175781,0
105.6163,522.070312,8.549866,0.087891,0
105.6315,522.158203,8.551416,0.087891,0
105.6468,522.333984,8.554517,0.175781,0
105.6620,522.509766,8.557617,0.175781,0
105.6772,522.685547,8.560718,0.175781,0
105.6924,522.773438,8.562268,0.087891,0
105.7076,522.861328,8.563818,0.087891,0
105.7229,523.037109,8.566919,0.175781,0
105.7381,523.212891,8.570020,0.175781,0
105.7533,523.388672,8.573120,0.175781,0
105.7686,523.564453,8.576221,0.175781,0
105.7838,523.740234,8.579321,0.175781,0
105.7991,523.828125,8.580872,0.087891,0
105.8143,524.003906,8.583972,0.175781,0
105.8296,524.091797,8.585522,0.087891,0
105.8457,524.355469,8.590173,0.263672,0
105.8609,524.443359,8.591724,0.087891,0
105.8768,524.619141,8.594824,0.175781,0
105.8921,524.707031,8.596375,0.087891,0
105.9073,524.794922,8.597925,0.087891,0
105.9225,525.058594,8.602576,0.263672,0
105.9377,525.146484,8.604126,0.087891,0
105.9530,525.234375,8.605676,0.087891,0
105.9682,525.322266,8.607227,0.087891,0
105.9834,525.498047,8.610327,0.175781,0
105.9986,525.673828,8.613428,0.175781,0
106.0138,525.849609,8.616528,0.175781,0
106.0291,526.025391,8.619629,0.175781,0
106.0443,526.201172,8.622729,0.175781,0
106.0595,526.289062,8.624280,0.087891,0
106.0747,526.376953,8.625830,0.087891,0
106.0899,526.552734,8.628931,0.175781,0
106.1051,526.728516,8.632031,0.175781,0
106.1203,526.904297,8.635132,0.175781,0
106.1356,526.992188,8.636682,0.087891,0
106.1513,527.255859,8.641333,0.263672,0
106.1665,527.343750,8.642883,0.087891,0
106.1817,527.519531,8.645984,0.175781,0
106.1969,527.607422,8.647534,0.087891,0
106.2121,527.783203,8.650635,0.175781,0
106.2274,527.871094,8.652185,0.087891,0
106.2426,527.958984,8.653735,0.087891,0
106.2586,528.222656,8.658386,0.263672,0
106.2738,528.310547,8.659937,0.087891,0
106.2890,528.486328,8.663037,0.175781,0
106.3042,528.574219,8.664587,0.087891,0
106.3194,528.750000,8.667688,0.175781,0
106.3348,528.837891,8.669238,0.087891,0
106.3506,529.013672,8.672339,0.175781,0
106.3659,529.189453,8.675439,0.175781,0
106.3811,529.365234,8.678540,0.175781,0
106.3964,529.453125,8.680090,0.087891,0
106.4116,529.628906,8.683191,0.175781,0
106.4269,529.716797,8.684741,0.087891,0
106.4422,529.980469,8.689392,0.263672,0
106.4577,530.156250,8.692493,0.175781,0
106.4729,530.156250,8.692493,0.000000,0
106.4882,530.332031,8.695593,0.175781,0
106.5034,530.507812,8.698694,0.175781,0
106.5186,530.683594,8.701794,0.175781,0
106.5338,530.771484,8.703345,0.087891,0
106.5491,530.947266,8.706445,0.175781,0
106.5648,531.035156,8.707996,0.087891,0
106.5800,531.298828,8.712646,0.263672,0
106.5953,531.386719,8.714197,0.087891,0
106.6105,531.562500,8.717297,0.175781,0
106.6257,531.650391,8.718848,0.087891,0
106.6411,531.738281,8.720398,0.087891,0
106.6567,531.914062,8.723499,0.175781,0
106.6719,532.001953,8.725049,0.087891,0
106.6871,532.177734,8.728149,0.175781,0
106.7024,532.265625,8.729700,0.087891,0
106.7176,532.529297,8.734351,0.263672,0
106.7328,532.617188,8.735901,0.087891,0
106.7480,532.792969,8.739001,0.175781,0
106.7638,532.880859,8.740552,0.087891,0
106.7790,533.144531,8.745203,0.263672,0
106.7942,533.320312,8.748303,0.175781,0
106.8095,533.496094,8.751404,0.175781,0
106.8247,533.583984,8.752954,0.087891,0
106.8399,533.671875,8.754504,0.087891,0
106.8551,533.935547,8.759155,0.263672,0
106.8704,533.935547,8.759155,0.000000,0
106.8856,534.199219,8.763806,0.263672,0
106.9008,534.287109,8.765356,0.087891,0
106.9161,534.462891,8.768457,0.175781,0
106.9314,534.550781,8.770007,0.087891,0
106.9466,534.726562,8.773108,0.175781,0
106.9618,534.814453,8.774658,0.087891,0
106.9770,534.990234,8.777759,0.175781,0
106.9922,535.078125,8.779309,0.087891,0
107.0075,535.166016,8.780859,0.087891,0
107.0227,535.341797,8.783960,0.175781,0
107.0379,535.429688,8.785510,0.087891,0
107.0531,535.693359,8.790161,0.263672,0
107.0683,535.781250,8.791711,0.087891,0
107.0836,535.957031,8.794812,0.175781,0
107.0988,536.044922,8.796362,0.087891,0
107.1140,536.308594,8.801013,0.263672,0
107.1292,536.396484,8.802563,0.087891,0
107.1445,536.660156,8.807214,0.263672,0
107.1598,536.835938,8.810315,0.175781,0
107.1758,536.923828,8.811865,0.087891,0
107.1910,537.011719,8.813416,0.087891,0
107.2062,537.099609,8.814966,0.087891,0
107.2214,537.363281,8.819617,0.263672,0
107.2366,537.451172,8.821167,0.087891,0
107.2518,537.626953,8.824268,0.175781,0
107.2672,537.714844,8.825818,0.087891,0
107.2825,537.978516,8.830469,0.263672,0
107.2980,538.066406,8.832019,0.087891,0
107.3132,538.242188,8.835120,0.175781,0
107.3285,538.330078,8.836670,0.087891,0
107.3437,538.505859,8.839771,0.175781,0
107.3589,538.593750,8.841321,0.087891,0
107.3742,538.681641,8.842871,0.087891,0
107.3894,538.857422,8.845972,0.175781,0
107.4046,538.945312,8.847522,0.087891,0
107.4198,539.208984,8.852173,0.263672,0
107.4354,539.296875,8.853723,0.087891,0
107.4506,539.560547,8.858374,0.263672,0
107.4659,539.648438,8.859924,0.087891,0
107.4811,539.912109,8.864575,0.263672,0
107.4963,540.000000,8.866125,0.087891,0
107.5123,540.175781,8.869226,0.175781,0
107.5281,540.263672,8.870776,0.087891,0
107.5434,540.439453,8.873877,0.175781,0
107.5586,540.615234,8.876978,0.175781,0
107.5739,540.791016,8.880078,0.175781,0
107.5892,540.878906,8.881628,0.087891,0
107.6045,540.966797,8.883179,0.087891,0
107.6197,541.142578,8.886279,0.175781,0
107.6349,541.318359,8.889380,0.175781,0
107.6502,541.494141,8.892480,0.175781,0
107.6654,541.582031,8.894031,0.087891,0
107.6806,541.757812,8.897131,0.175781,0
107.6958,541.845703,8.898682,0.087891,0
107.7111,542.021484,8.901782,0.175781,0
107.7264,542.021484,8.901782,0.000000,0
107.7417,542.285156,8.906433,0.263672,0
107.7569,542.373047,8.907983,0.087891,0
107.7722,542.460938,8.909534,0.087891,0
107.7874,542.636719,8.912634,0.175781,0
107.8026,542.812500,8.915735,0.175781,0
107.8178,543.076172,8.920386,0.263672,0
107.8330,543.164062,8.921936,0.087891,0
107.8482,543.427734,8.926587,0.263672,0
107.8636,543.515625,8.928137,0.087891,0
107.8788,543.691406,8.931238,0.175781,0
107.8940,543.779297,8.932788,0.087891,0
107.9092,543.867188,8.934338,0.087891,0
107.9244,544.130859,8.938989,0.263672,0
107.9397,544.218750,8.940540,0.087891,0
107.9549,544.394531,8.943640,0.175781,0
107.9701,544.482422,8.945190,0.087891,0
107.9853,544.658203,8.948291,0.175781,0
108.0005,544.833984,8.951392,0.175781,0
108.0158,545.009766,8.954492,0.175781,0
108.0310,545.097656,8.956042,0.087891,0
108.0462,545.185547,8.957593,0.087891,0
108.0614,545.273438,8.959143,0.087891,0
108.0766,545.361328,8.960693,0.087891,0
108.0919,545.625000,8.965344,0.263672,0
108.1071,545.712891,8.966895,0.087891,0
108.1223,545.888672,8.969995,0.175781,0
108.1382,545.976562,8.971545,0.087891,0
108.1534,546.240234,8.976196,0.263672,0
108.1688,546.240234,8.976196,0.000000,0
108.1841,546.503906,8.980847,0.263672,0
108.1993,546.679688,8.983948,0.175781,0
108.2145,546.855469,8.987048,0.175781,0
108.2299,546.943359,8.988599,0.087891,0
108.2458,547.207031,8.993250,0.263672,0
108.2612,547.294922,8.994800,0.087891,0
108.2766,547.470703,8.997900,0.175781,0
108.2919,547.558594,8.999451,0.087891,0
108.3072,547.734375,9.002551,0.175781,0
108.3228,547.910156,9.005652,0.175781,0
108.3381,547.998047,9.007202,0.087891,0
108.3533,548.173828,9.010303,0.175781,0
108.3685,548.261719,9.011853,0.087891,0
108.3837,548.437500,9.014954,0.175781,0
108.3990,548.613281,9.018054,0.175781,0
108.4143,548.701172,9.019604,0.087891,0
108.4295,548.789062,9.021155,0.087891,0
108.4448,549.052734,9.025806,0.263672,0
108.4602,549.140625,9.027356,0.087891,0
108.4755,549.404297,9.032007,0.263672,0
108.4908,549.492188,9.033557,0.087891,0
108.5061,549.492188,9.033557,0.000000,0
108.5213,549.755859,9.038208,0.263672,0
108.5365,549.843750,9.039758,0.087891,0
108.5518,550.107422,9.044409,0.263672,0
108.5671,550.283203,9.047510,0.175781,0
108.5824,550.458984,9.050610,0.175781,0
108.5977,550.546875,9.052161,0.087891,0
108.6129,550.722656,9.055261,0.175781,0
108.6281,550.810547,9.056812,0.087891,0
108.6434,551.074219,9.061462,0.263672,0
108.6586,551.162109,9.063013,0.087891,0
108.6739,551.250000,9.064563,0.087891,0
108.6893,551.425781,9.067664,0.175781,0
108.7045,551.513672,9.069214,0.087891,0
108.7197,551.777344,9.073865,0.263672,0
108.7349,551.865234,9.075415,0.087891,0
108.7502,552.041016,9.078516,0.175781,0
108.7654,552.128906,9.080066,0.087891,0
108.7806,552.304688,9.083167,0.175781,0
108.7958,552.392578,9.084717,0.087891,0
108.8110,552.480469,9.086267,0.087891,0
108.8263,552.656250,9.089368,0.175781,0
108.8415,552.744141,9.090918,0.087891,0
108.8567,553.007812,9.095569,0.263672,0
108.8719,553.095703,9.097119,0.087891,0
108.8871,553.271484,9.100220,0.175781,0
108.9024,553.447266,9.103320,0.175781,0
108.9176,553.710938,9.107971,0.263672,0
108.9329,553.798828,9.109521,0.087891,0
108.9481,553.974609,9.112622,0.175781,0
108.9645,554.062500,9.114172,0.087891,0
108.9799,554.326172,9.118823,0.263672,0
108.9951,554.414062,9.120374,0.087891,0
109.0104,554.501953,9.121924,0.087891,0
109.0256,554.677734,9.125024,0.175781,0
109.0408,554.765625,9.126575,0.087891,0
109.0561,554.941406,9.129675,0.175781,0
109.0714,555.029297,9.131226,0.087891,0
109.0868,555.292969,9.135876,0.263672,0
109.1021,555.380859,9.137427,0.087891,0
109.1173,555.556641,9.140527,0.175781,0
109.1325,555.644531,9.142078,0.087891,0
109.1478,555.820312,9.145178,0.175781,0
109.1630,555.908203,9.146729,0.087891,0
109.1782,556.083984,9.149829,0.175781,0
109.1934,556.259766,9.152930,0.175781,0
109.2086,556.259766,9.152930,0.000000,0
109.2238,556.523438,9.157581,0.263672,0
109.2391,556.611328,9.159131,0.087891,0
109.2543,556.787109,9.162231,0.175781,0
109.2695,556.962891,9.165332,0.175781,0
109.2849,557.226562,9.169983,0.263672,0
109.3003,557.314453,9.171533,0.087891,0
109.3155,557.490234,9.174634,0.175781,0
109.3307,557.578125,9.176184,0.087891,0
109.3459,557.841797,9.180835,0.263672,0
109.3611,557.929688,9.182385,0.087891,0
109.3765,558.017578,9.183936,0.087891,0
109.3917,558.193359,9.187036,0.175781,0
109.4069,558.281250,9.188586,0.087891,0
109.4222,558.457031,9.191687,0.175781,0
109.4375,558.632812,9.194788,0.175781,0
109.4527,558.808594,9.197888,0.175781,0
109.4679,558.896484,9.199438,0.087891,0
109.4835,559.072266,9.202539,0.175781,0
109.4987,559.160156,9.204089,0.087891,0
109.5139,559.335938,9.207190,0.175781,0
109.5295,559.335938,9.207190,0.000000,0
109.5447,559.599609,9.211841,0.263672,0
109.5600,559.687500,9.213391,0.087891,0
109.5753,559.863281,9.216492,0.175781,0
109.5907,560.039062,9.219592,0.175781,0
109.6059,560.126953,9.221143,0.087891,0
109.6213,560.302734,9.224243,0.175781,0
109.6365,560.390625,9.225793,0.087891,0
109.6517,560.654297,9.230444,0.263672,0
109.6669,560.830078,9.233545,0.175781,0
109.6821,561.093750,9.238196,0.263672,0
109.6974,561.093750,9.238196,0.000000,0
109.7126,561.357422,9.242847,0.263672,0
109.7278,561.445312,9.244397,0.087891,0
109.7430,561.533203,9.245947,0.087891,0
109.7582,561.796875,9.250598,0.263672,0
109.7734,561.796875,9.250598,0.000000,0
109.7888,562.060547,9.255249,0.263672,0
109.8040,562.148438,9.256799,0.087891,0
109.8194,562.324219,9.259900,0.175781,0
109.8346,562.500000,9.263000,0.175781,0
109.8498,562.675781,9.266101,0.175781,0
109.8653,562.675781,9.266101,0.000000,0
109.8805,562.851562,9.269202,0.175781,0
109.8957,562.939453,9.270752,0.087891,0
109.9109,563.027344,9.272302,0.087891,0
109.9262,563.203125,9.275403,0.175781,0
109.9415,563.378906,9.278503,0.175781,0
109.9567,563.554688,9.281604,0.175781,0
109.9719,563.642578,9.283154,0.087891,0
109.9872,563.818359,9.286255,0.175781,0
110.0024,563.906250,9.287805,0.087891,0
110.0177,564.257812,9.294006,0.351562,0
110.0329,564.345703,9.295557,0.087891,0
110.0481,564.521484,9.298657,0.175781,0
110.0634,564.609375,9.300208,0.087891,0
110.0786,564.697266,9.301758,0.087891,0
110.0938,564.960938,9.306409,0.263672,0
110.1091,564.960938,9.306409,0.000000,0
110.1243,565.224609,9.311060,0.263672,0
110.1395,565.400391,9.314160,0.175781,0
110.1547,565.488281,9.315710,0.087891,0
110.1700,565.576172,9.317261,0.087891,0
110.1853,565.839844,9.321912,0.263672,0
110.2006,565.927734,9.323462,0.087891,0
110.2158,566.103516,9.326563,0.175781,0
110.2310,566.191406,9.328113,0.087891,0
110.2462,566.279297,9.329663,0.087891,0
110.2616,566.455078,9.332764,0.175781,0
110.2768,566.542969,9.334314,0.087891,0
110.2923,566.718750,9.337415,0.175781,0
110.3077,566.806641,9.338965,0.087891,0
110.3230,567.070312,9.343616,0.263672,0
110.3382,567.158203,9.345166,0.087891,0
110.3534,567.333984,9.348267,0.175781,0
110.3686,567.421875,9.349817,0.087891,0
110.3838,567.685547,9.354468,0.263672,0
110.3991,567.861328,9.357568,0.175781,0
110.4143,568.125000,9.362219,0.263672,0
110.4295,568.212891,9.363770,0.087891,0
110.4449,568.212891,9.363770,0.000000,0
110.4603,568.476562,9.368420,0.263672,0
110.4755,568.564453,9.369971,0.087891,0
110.4910,568.740234,9.373071,0.175781,0
110.5063,568.916016,9.376172,0.175781,0
110.5215,569.091797,9.379272,0.175781,0
110.5368,569.179688,9.380823,0.087891,0
110.5520,569.443359,9.385474,0.263672,0
110.5673,569.531250,9.387024,0.087891,0
110.5826,569.707031,9.390125,0.175781,0
110.5979,569.882812,9.393225,0.175781,0
110.6132,569.970703,9.394775,0.087891,0
110.6284,570.058594,9.396326,0.087891,0
110.6436,570.058594,9.396326,0.000000,0
110.6588,570.322266,9.400977,0.263672,0
110.6742,570.410156,9.402527,0.087891,0
110.6894,570.673828,9.407178,0.263672,0
110.7047,570.761719,9.408728,0.087891,0
110.7199,570.937500,9.411829,0.175781,0
110.7351,571.025391,9.413379,0.087891,0
110.7503,571.289062,9.418030,0.263672,0
110.7656,571.376953,9.419580,0.087891,0
110.7808,571.728516,9.425781,0.351562,0
110.7960,571.728516,9.425781,0.000000,0
110.8113,571.904297,9.428882,0.175781,0
110.8265,572.080078,9.431982,0.175781,0
110.8417,572.167969,9.433533,0.087891,0
110.8569,572.431641,9.438184,0.263672,0
110.8722,572.519531,9.439734,0.087891,0
110.8877,572.695312,9.442834,0.175781,0
110.9032,572.871094,9.445935,0.175781,0
110.9186,573.046875,9.449036,0.175781,0
110.9338,573.134766,9.450586,0.087891,0
110.9490,573.310547,9.453687,0.175781,0
110.9642,573.486328,9.456787,0.175781,0
110.9799,573.662109,9.459888,0.175781,0
110.9952,573.750000,9.461438,0.087891,0
111.0106,573.837891,9.462988,0.087891,0
111.0258,573.925781,9.464539,0.087891,0
111.0410,574.013672,9.466089,0.087891,0
111.0562,574.189453,9.469189,0.175781,0
111.0714,574.365234,9.472290,0.175781,0
111.0866,574.541016,9.475391,0.175781,0
111.1027,574.628906,9.476941,0.087891,0
111.1179,574.804688,9.480042,0.175781,0
111.1331,574.980469,9.483142,0.175781,0
111.1483,575.156250,9.486243,0.175781,0
111.1636,575.332031,9.489343,0.175781,0
111.1788,575.419922,9.490894,0.087891,0
111.1942,575.683594,9.495544,0.263672,0
111.2095,575.771484,9.497095,0.087891,0
111.2247,575.947266,9.500195,0.175781,0
111.2399,576.035156,9.501746,0.087891,0
111.2552,576.210938,9.504846,0.175781,0
111.2705,576.386719,9.507947,0.175781,0
111.2857,576.562500,9.511047,0.175781,0
111.3010,576.650391,9.512598,0.087891,0
111.3162,576.826172,9.515698,0.175781,0
111.3315,576.914062,9.517249,0.087891,0
111.3467,577.001953,9.521899,0.087891,0
111.3619,577.265625,9.523450,0.263672,0
111.3771,577.353516,9.525000,0.087891,0
111.3923,577.529297,9.528101,0.175781,0
111.4076,577.617188,9.529651,0.087891,0
111.4234,577.705078,9.531201,0.087891,0
111.4386,577.792969,9.532751,0.087891,0
111.4538,577.968750,9.535852,0.175781,0
111.4690,578.056641,9.537402,0.087891,0
111.4842,578.320312,9.542053,0.263672,0
111.4994,578.408203,9.543604,0.087891,0
111.5152,578.583984,9.546704,0.175781,0
111.5304,578.671875,9.548254,0.087891,0
111.5459,578.847656,9.551355,0.175781,0
111.5611,579.023438,9.554456,0.175781,0
111.5763,579.199219,9.557556,0.175781,0
111.5915,579.375000,9.560657,0.175781,0
111.6068,579.462891,9.562207,0.087891,0
111.6221,579.638672,9.565308,0.175781,0
111.6373,579.726562,9.566858,0.087891,0
111.6525,579.902344,9.569958,0.175781,0
111.6678,580.078125,9.573059,0.175781,0
111.6830,580.253906,9.576160,0.175781,0
111.6982,580.341797,9.577710,0.087891,0
111.7134,580.429688,9.579260,0.087891,0
111.7286,580.693359,9.583911,0.263672,0
111.7439,580.781250,9.585461,0.087891,0
111.7591,580.957031,9.588562,0.175781,0
111.7743,581.044922,9.590112,0.087891,0
111.7895,581.220703,9.593213,0.175781,0
111.8047,581.308594,9.594763,0.087891,0
111.8200,581.484375,9.597864,0.175781,0
111.8352,581.484375,9.597864,0.000000,0
111.8505,581.748047,9.602515,0.263672,0
111.8657,581.835938,9.604065,0.087891,0
111.8810,581.923828,9.605615,0.087891,0
111.8962,582.099609,9.608716,0.175781,0
111.9116,582.275391,9.611816,0.175781,0
111.9269,582.451172,9.614917,0.175781,0
111.9422,582.539062,9.616467,0.087891,0
111.9574,582.802734,9.621118,0.263672,0
111.9726,582.890625,9.622668,0.087891,0
111.9878,583.154297,9.627319,0.263672,0
112.0030,583.242188,9.628870,0.087891,0
112.0183,583.417969,9.631970,0.175781,0
112.0335,583.505859,9.633521,0.087891,0
112.0487,583.593750,9.635071,0.087891,0
112.0640,583.769531,9.638171,0.175781,0
112.0795,583.945312,9.641272,0.175781,0
112.0947,584.121094,9.644373,0.175781,0
112.1101,584.208984,9.645923,0.087891,0
112.1253,584.384766,9.649023,0.175781,0
112.1405,584.560547,9.652124,0.175781,0
112.1557,584.736328,9.655225,0.175781,0
112.1709,584.824219,9.656775,0.087891,0
112.1862,585.000000,9.659875,0.175781,0
112.2014,585.087891,9.661426,0.087891,0
112.2168,585.263672,9.664526,0.175781,0
112.2320,585.351562,9.666077,0.087891,0
112.2473,585.351562,9.666077,0.000000,0
112.2625,585.615234,9.670728,0.263672,0
112.2778,585.791016,9.673828,0.175781,0
112.2930,585.966797,9.676929,0.175781,0
112.3082,586.054688,9.678479,0.087891,0
112.3235,586.230469,9.681580,0.175781,0
112.3387,586.406250,9.684680,0.175781,0
112.3540,586.669922,9.689331,0.263672,0
112.3692,586.757812,9.690881,0.087891,0
112.3850,586.933594,9.693982,0.175781,0
112.4002,587.021484,9.695532,0.087891,0
112.4154,587.109375,9.697083,0.087891,0
112.4306,587.285156,9.700183,0.175781,0
112.4459,587.373047,9.701733,0.087891,0
112.4611,587.636719,9.706384,0.263672,0
112.4763,587.724609,9.707935,0.087891,0
112.4915,587.988281,9.712585,0.263672,0
112.5067,588.076172,9.714136,0.087891,0
112.5220,588.251953,9.717236,0.175781,0
112.5372,588.339844,9.718787,0.087891,0
112.5524,588.515625,9.721887,0.175781,0
112.5676,588.603516,9.723438,0.087891,0
112.5828,588.691406,9.724988,0.087891,0
112.5980,588.867188,9.728088,0.175781,0
112.6132,588.955078,9.729639,0.087891,0
112.6284,589.042969,9.731189,0.087891,0
112.6437,589.218750,9.734290,0.175781,0
112.6590,589.394531,9.737390,0.175781,0
112.6744,589.570312,9.740491,0.175781,0
112.6896,589.658203,9.742041,0.087891,0
112.7048,589.746094,9.743591,0.087891,0
112.7201,590.009766,9.748242,0.263672,0
112.7353,590.097656,9.749792,0.087891,0
112.7505,590.273438,9.752893,0.175781,0
112.7658,590.449219,9.755994,0.175781,0
112.7811,590.625000,9.759094,0.175781,0
112.7963,590.888672,9.763745,0.263672,0
112.8115,590.888672,9.763745,0.000000,0
112.8267,591.064453,9.766846,0.175781,0
112.8420,591.152344,9.768396,0.087891,0
112.8572,591.416016,9.773047,0.263672,0
112.8724,591.503906,9.774597,0.087891,0
112.8876,591.679688,9.777698,0.175781,0
112.9029,591.767578,9.779248,0.087891,0
112.9181,591.855469,9.780798,0.087891,0
112.9334,592.119141,9.785449,0.263672,0
112.9486,592.294922,9.788550,0.175781,0
112.9639,592.382812,9.790100,0.087891,0
112.9791,592.470703,9.791650,0.087891,0
112.9943,592.734375,9.796301,0.263672,0
113.0095,592.734375,9.796301,0.000000,0
113.0248,592.910156,9.799402,0.175781,0
113.0400,592.998047,9.800952,0.087891,0
113.0553,593.261719,9.805603,0.263672,0
113.0705,593.349609,9.807153,0.087891,0
113.0859,593.437500,9.808704,0.087891,0
113.1011,593.613281,9.811804,0.175781,0
113.1164,593.701172,9.813354,0.087891,0
113.1316,593.876953,9.816455,0.175781,0
113.1468,593.964844,9.818005,0.087891,0
113.1621,594.228516,9.822656,0.263672,0
113.1773,594.404297,9.825757,0.175781,0
113.1925,594.580078,9.828857,0.175781,0
113.2077,594.667969,9.830408,0.087891,0
113.2229,594.843750,9.833508,0.175781,0
113.2382,595.019531,9.836609,0.175781,0
113.2535,595.107422,9.838159,0.087891,0
113.2687,595.283203,9.841260,0.175781,0
113.2839,595.371094,9.842810,0.087891,0
113.2991,595.546875,9.845911,0.175781,0
113.3143,595.722656,9.849011,0.175781,0
113.3296,595.898438,9.852112,0.175781,0
113.3448,595.986328,9.853662,0.087891,0
113.3600,596.162109,9.856763,0.175781,0
113.3753,596.337891,9.859863,0.175781,0
113.3905,596.513672,9.862964,0.175781,0
113.4058,596.601562,9.864514,0.087891,0
113.4210,596.601562,9.864514,0.000000,0
113.4362,596.777344,9.867615,0.175781,0
113.4514,596.865234,9.869165,0.087891,0
113.4667,597.128906,9.873816,0.263672,0
113.4819,597.216797,9.875366,0.087891,0
113.4971,597.392578,9.878467,0.175781,0
113.5123,597.480469,9.880017,0.087891,0
113.5276,597.656250,9.883118,0.175781,0
113.5432,597.744141,9.884668,0.087891,0
113.5586,598.095703,9.890869,0.351562,0
113.5738,598.183594,9.892419,0.087891,0
113.5890,598.271484,9.893970,0.087891,0
113.6043,598.535156,9.898621,0.263672,0
113.6195,598.535156,9.898621,0.000000,0
113.6347,598.798828,9.903271,0.263672,0
113.6499,598.886719,9.904822,0.087891,0
113.6652,599.062500,9.907922,0.175781,0
113.6804,599.150391,9.909473,0.087891,0
113.6957,599.414062,9.914124,0.263672,0
113.7109,599.501953,9.915674,0.087891,0
113.7262,599.677734,9.918774,0.175781,0
113.7414,599.765625,9.920325,0.087891,0
113.7566,599.941406,9.923425,0.175781,0
113.7718,600.029297,9.924976,0.087891,0
113.7871,600.205078,9.928076,0.175781,0
113.8024,600.292969,9.929626,0.087891,0
113.8176,600.380859,9.931177,0.087891,0
113.8334,600.556641,9.934277,0.175781,0
113.8486,600.732422,9.937378,0.175781,0
113.8638,600.820312,9.938928,0.087891,0
113.8790,600.996094,9.942029,0.175781,0
113.8943,601.171875,9.945129,0.175781,0
113.9095,601.347656,9.948230,0.175781,0
113.9247,601.435547,9.949780,0.087891,0
113.9399,601.611328,9.952881,0.175781,0
113.9551,601.699219,9.954431,0.087891,0
113.9704,602.050781,9.960632,0.351562,0
113.9856,602.138672,9.962183,0.087891,0
114.0009,602.314453,9.965283,0.175781,0
114.0161,602.314453,9.965283,0.000000,0
114.0314,602.578125,9.969934,0.263672,0
114.0466,602.753906,9.973035,0.175781,0
114.0618,602.841797,9.974585,0.087891,0
114.0770,602.929688,9.976135,0.087891,0
114.0922,603.105469,9.979236,0.175781,0
114.1075,603.281250,9.982336,0.175781,0
114.1228,603.369141,9.983887,0.087891,0
114.1380,603.544922,9.986987,0.175781,0
114.1532,603.720703,9.990088,0.175781,0
114.1684,603.896484,9.993188,0.175781,0
114.1837,603.984375,9.994739,0.087891,0
114.1989,604.072266,9.996289,0.087891,0
114.2141,604.248047,9.999390,0.175781,0
114.2293,604.335938,10.000940,0.087891,0
114.2446,604.423828,10.002490,0.087891,0
114.2599,604.511719,10.004041,0.087891,0
114.2751,604.687500,10.007141,0.175781,0
114.2904,604.863281,10.010242,0.175781,0
114.3056,605.039062,10.013342,0.175781,0
114.3209,605.126953,10.014893,0.087891,0
114.3363,605.390625,10.019543,0.263672,0
114.3515,605.478516,10.021094,0.087891,0
114.3667,605.742188,10.025745,0.263672,0
114.3820,605.830078,10.027295,0.087891,0
114.3972,606.093750,10.031946,0.263672,0
114.4124,606.181641,10.033496,0.087891,0
114.4276,606.269531,10.035046,0.087891,0
114.4428,606.533203,10.039697,0.263672,0
114.4581,606.621094,10.041248,0.087891,0
114.4733,606.708984,10.042798,0.087891,0
114.4886,606.884766,10.045898,0.175781,0
114.5038,607.060547,10.048999,0.175781,0
114.5190,607.148438,10.050549,0.087891,0
114.5342,607.324219,10.053650,0.175781,0
114.5495,607.500000,10.056750,0.175781,0
114.5647,607.675781,10.059851,0.175781,0
114.5799,607.763672,10.061401,0.087891,0
114.5952,607.851562,10.062952,0.087891,0
114.6104,608.027344,10.066052,0.175781,0
114.6256,608.115234,10.067603,0.087891,0
114.6410,608.291016,10.070703,0.175781,0
114.6563,608.378906,10.072253,0.087891,0
114.6715,608.554688,10.075354,0.175781,0
114.6869,608.642578,10.076904,0.087891,0
114.7022,608.906250,10.081555,0.263672,0
114.7174,608.906250,10.081555,0.000000,0
114.7326,609.169922,10.086206,0.263672,0
114.7478,609.257812,10.087756,0.087891,0
114.7630,609.345703,10.089307,0.087891,0
114.7786,609.609375,10.093958,0.263672,0
114.7938,609.697266,10.095508,0.087891,0
114.8090,609.960938,10.100159,0.263672,0
114.8242,610.048828,10.101709,0.087891,0
114.8394,610.224609,10.104810,0.175781,0
114.8547,610.312500,10.106360,0.087891,0
114.8699,610.488281,10.109460,0.175781,0
114.8853,610.576172,10.111011,0.087891,0
114.9005,610.839844,10.115662,0.263672,0
114.9157,610.927734,10.117212,0.087891,0
114.9310,611.103516,10.120313,0.175781,0
114.9463,611.191406,10.121863,0.087891,0
114.9615,611.279297,10.123413,0.087891,0
114.9768,611.455078,10.126514,0.175781,0
114.9920,611.542969,10.128064,0.087891,0
115.0077,611.806641,10.132715,0.263672,0
115.0229,611.806641,10.132715,0.000000,0
115.0381,611.982422,10.135815,0.175781,0
115.0533,612.070312,10.137366,0.087891,0
115.0686,612.246094,10.140466,0.175781,0
115.0838,612.333984,10.142017,0.087891,0
115.0991,612.597656,10.146667,0.263672,0
115.1144,612.773438,10.149768,0.175781,0
115.1296,612.773438,10.149768,0.000000,0
115.1449,612.949219,10.152869,0.175781,0
115.1601,613.125000,10.155969,0.175781,0
115.1753,613.388672,10.160620,0.263672,0
115.1905,613.476562,10.162170,0.087891,0
115.2058,613.740234,10.166821,0.263672,0
115.2211,613.828125,10.168372,0.087891,0
115.2363,614.003906,10.171472,0.175781,0
115.2515,614.003906,10.171472,0.000000,0
115.2669,614.267578,10.176123,0.263672,0
115.2821,614.355469,10.177673,0.087891,0
115.2973,614.443359,10.179224,0.087891,0
115.3132,614.619141,10.182324,0.175781,0
115.3285,614.707031,10.183875,0.087891,0
115.3438,614.882812,10.186975,0.175781,0
115.3648,615.146484,10.191626,0.263672,0
115.3800,615.234375,10.193176,0.087891,0
115.4001,615.410156,10.196277,0.175781,0
115.4154,615.585938,10.199377,0.175781,0
115.4311,615.673828,10.200928,0.087891,0
115.4464,615.761719,10.202478,0.087891,0
115.4630,615.849609,10.204028,0.087891,0
115.4783,616.113281,10.208679,0.263672,0
115.4936,616.113281,10.208679,0.000000,0
115.5089,616.376953,10.213330,0.263672,0
115.5241,616.464844,10.214880,0.087891,0
115.5393,616.640625,10.217981,0.175781,0
115.5545,616.728516,10.219531,0.087891,0
115.5698,616.904297,10.222632,0.175781,0
115.5850,617.080078,10.225732,0.175781,0
115.6002,617.167969,10.227283,0.087891,0
115.6154,617.519531,10.233484,0.351562,0
115.6306,617.607422,10.235034,0.087891,0
115.6458,617.783203,10.238135,0.175781,0
115.6611,617.871094,10.239685,0.087891,0
115.6763,618.046875,10.242786,0.175781,0
115.6916,618.134766,10.244336,0.087891,0
115.7068,618.310547,10.247437,0.175781,0
115.7220,618.486328,10.250537,0.175781,0
115.7372,618.574219,10.252087,0.087891,0
115.7525,618.750000,10.255188,0.175781,0
115.7677,618.837891,10.256738,0.087891,0
115.7830,619.101562,10.261389,0.263672,0
115.7982,619.189453,10.262939,0.087891,0
115.8134,619.365234,10.266040,0.175781,0
115.8286,619.453125,10.267590,0.087891,0
115.8438,619.628906,10.270691,0.175781,0
115.8591,619.628906,10.270691,0.000000,0
115.8746,619.892578,10.275342,0.263672,0
115.8899,619.980469,10.276892,0.087891,0
115.9051,620.068359,10.278442,0.087891,0
115.9203,620.244141,10.281543,0.175781,0
115.9355,620.332031,10.283093,0.087891,0
115.9507,620.595703,10.287744,0.263672,0
115.9660,620.683594,10.289294,0.087891,0
115.9812,620.859375,10.292395,0.175781,0
115.9964,620.947266,10.293945,0.087891,0
116.0116,621.210938,10.298596,0.263672,0
116.0269,621.386719,10.301697,0.175781,0
116.0421,621.562500,10.304797,0.175781,0
116.0573,621.650391,10.306348,0.087891,0
116.0726,621.738281,10.307898,0.087891,0
116.0878,621.914062,10.310999,0.175781,0
116.1032,622.001953,10.312549,0.087891,0
116.1184,622.177734,10.315649,0.175781,0
116.1336,622.353516,10.318750,0.175781,0
116.1488,622.529297,10.321851,0.175781,0
116.1641,622.617188,10.323401,0.087891,0
116.1793,622.880859,10.328052,0.263672,0
116.1945,622.968750,10.329602,0.087891,0
116.2097,623.144531,10.332703,0.175781,0
116.2250,623.232422,10.334253,0.087891,0
116.2402,623.232422,10.334253,0.000000,0
116.2555,623.496094,10.338904,0.263672,0
116.2707,623.583984,10.340454,0.087891,0
116.2859,623.759766,10.343555,0.175781,0
116.3011,623.847656,10.345105,0.087891,0
116.3163,624.023438,10.348206,0.175781,0
116.3316,624.111328,10.349756,0.087891,0
116.3468,624.375000,10.354407,0.263672,0
116.3620,624.462891,10.355957,0.087891,0
116.3772,624.638672,10.359058,0.175781,0
116.3925,624.726562,10.360608,0.087891,0
116.4081,624.814453,10.362158,0.087891,0
116.4234,625.166016,10.368359,0.351562,0
116.4387,625.166016,10.368359,0.000000,0
116.4539,625.429688,10.373010,0.263672,0
116.4692,625.517578,10.374561,0.087891,0
116.4845,625.693359,10.377661,0.175781,0
116.4997,625.781250,10.379211,0.087891,0
116.5149,625.957031,10.382312,0.175781,0
116.5301,626.132812,10.385413,0.175781,0
116.5453,626.308594,10.388513,0.175781,0
116.5608,626.396484,10.390063,0.087891,0
116.5760,626.484375,10.391614,0.087891,0
116.5913,626.748047,10.396265,0.263672,0
116.6065,626.835938,10.397815,0.087891,0
116.6218,627.011719,10.400916,0.175781,0
116.6370,627.099609,10.402466,0.087891,0
116.6522,627.275391,10.405566,0.175781,0
116.6674,627.363281,10.407117,0.087891,0
116.6826,627.539062,10.410217,0.175781,0
116.6978,627.626953,10.411768,0.087891,0
116.7131,627.802734,10.414868,0.175781,0
116.7283,627.978516,10.417969,0.175781,0
116.7436,627.978516,10.417969,0.000000,0
116.7588,628.242188,10.422620,0.263672,0
116.7740,628.330078,10.424170,0.087891,0
116.7892,628.505859,10.427271,0.175781,0
116.8045,628.593750,10.428821,0.087891,0
116.8198,628.857422,10.433472,0.263672,0
116.8350,628.945312,10.435022,0.087891,0
116.8505,629.208984,10.439673,0.263672,0
116.8659,629.296875,10.441223,0.087891,0
116.8811,629.472656,10.444324,0.175781,0
116.8963,629.560547,10.445874,0.087891,0
116.9115,629.648438,10.447424,0.087891,0
116.9267,629.824219,10.450525,0.175781,0
116.9419,629.912109,10.452075,0.087891,0
116.9572,630.175781,10.456726,0.263672,0
116.9724,630.263672,10.458276,0.087891,0
116.9876,630.439453,10.461377,0.175781,0
117.0029,630.527344,10.462927,0.087891,0
117.0181,630.791016,10.467578,0.263672,0
117.0333,630.878906,10.469128,0.087891,0
117.0486,631.054688,10.472229,0.175781,0
117.0638,631.142578,10.473779,0.087891,0
117.0791,631.142578,10.473779,0.000000,0
117.0944,631.406250,10.478430,0.263672,0
117.1096,631.406250,10.478430,0.000000,0
117.1248,631.669922,10.483081,0.263672,0
117.1400,631.757812,10.484631,0.087891,0
117.1553,631.933594,10.487732,0.175781,0
117.1710,632.021484,10.489282,0.087891,0
117.1863,632.197266,10.492383,0.175781,0
117.2015,632.373047,10.495483,0.175781,0
117.2167,632.548828,10.498584,0.175781,0
117.2319,632.636719,10.500134,0.087891,0
117.2471,632.900391,10.504785,0.263672,0
117.2625,633.076172,10.507886,0.175781,0
117.2777,633.076172,10.507886,0.000000,0
117.2930,633.251953,10.510986,0.175781,0
117.3082,633.339844,10.512537,0.087891,0
117.3234,633.515625,10.515637,0.175781,0
117.3386,633.603516,10.517188,0.087891,0
117.3540,633.867188,10.521838,0.263672,0
117.3692,633.955078,10.523389,0.087891,0
117.3844,634.130859,10.526489,0.175781,0
117.3996,634.218750,10.528040,0.087891,0
117.4148,634.482422,10.532690,0.263672,0
117.4301,634.570312,10.534241,0.087891,0
117.4454,634.658203,10.535791,0.087891,0
117.4606,634.833984,10.538892,0.175781,0
117.4759,634.921875,10.540442,0.087891,0
117.4911,635.097656,10.543542,0.175781,0
117.5063,635.097656,10.543542,0.000000,0
117.5215,635.273438,10.546643,0.175781,0
117.5368,635.449219,10.549744,0.175781,0
117.5521,635.625000,10.552844,0.175781,0
117.5673,635.712891,10.554395,0.087891,0
117.5825,635.888672,10.557495,0.175781,0
117.5977,635.976562,10.559045,0.087891,0
117.6130,636.152344,10.562146,0.175781,0
117.6282,636.328125,10.565247,0.175781,0
117.6434,636.416016,10.566797,0.087891,0
117.6586,636.679688,10.571448,0.263672,0
117.6743,636.767578,10.572998,0.087891,0
117.6895,636.943359,10.576099,0.175781,0
117.7047,636.943359,10.576099,0.000000,0
117.7199,637.207031,10.580750,0.263672,0
117.7351,637.294922,10.582300,0.087891,0
117.7503,637.470703,10.585400,0.175781,0
117.7655,637.558594,10.586951,0.087891,0
117.7808,637.646484,10.588501,0.087891,0
117.7960,637.910156,10.593152,0.263672,0
117.8112,637.998047,10.594702,0.087891,0
117.8265,638.173828,10.597803,0.175781,0
117.8417,638.261719,10.599353,0.087891,0
117.8569,638.437500,10.602454,0.175781,0
117.8724,638.525391,10.604004,0.087891,0
117.8883,638.701172,10.607104,0.175781,0
117.9036,638.789062,10.608655,0.087891,0
117.9189,638.964844,10.611755,0.175781,0
117.9341,639.052734,10.613306,0.087891,0
117.9494,639.316406,10.617957,0.263672,0
117.9646,639.316406,10.617957,0.000000,0
117.9798,639.404297,10.619507,0.087891,0
117.9953,639.667969,10.624158,0.263672,0
118.0106,639.755859,10.625708,0.087891,0
118.0258,640.019531,10.630359,0.263672,0
118.0410,640.107422,10.631909,0.087891,0
118.0562,640.371094,10.636560,0.263672,0
118.0715,640.458984,10.638110,0.087891,0
118.0868,640.634766,10.641211,0.175781,0
118.1021,640.722656,10.642761,0.087891,0
118.1173,640.810547,10.644312,0.087891,0
118.1325,640.986328,10.647412,0.175781,0
118.1477,641.074219,10.648962,0.087891,0
118.1630,641.337891,10.653613,0.263672,0
118.1782,641.337891,10.653613,0.000000,0
118.1934,641.601562,10.658264,0.263672,0
118.2091,641.689453,10.659814,0.087891,0
118.2243,641.865234,10.662915,0.175781,0
118.2396,641.953125,10.664465,0.087891,0
118.2548,642.128906,10.667566,0.175781,0
118.2701,642.216797,10.669116,0.087891,0
118.2854,642.392578,10.672217,0.175781,0
118.3006,642.480469,10.673767,0.087891,0
118.3169,642.656250,10.676868,0.175781,0
118.3321,642.744141,10.678418,0.087891,0
118.3474,643.007812,10.683069,0.263672,0
118.3628,643.095703,10.684619,0.087891,0
118.3781,643.183594,10.686169,0.087891,0
118.3933,643.359375,10.689270,0.175781,0
118.4085,643.447266,10.690820,0.087891,0
118.4238,643.710938,10.695471,0.263672,0
118.4390,643.798828,10.697021,0.087891,0
118.4542,644.062500,10.701672,0.263672,0
118.4695,644.062500,10.701672,0.000000,0
118.4848,644.326172,10.706323,0.263672,0
118.5000,644.414062,10.707874,0.087891,0
118.5153,644.501953,10.709424,0.087891,0
118.5305,644.677734,10.712524,0.175781,0
118.5457,644.765625,10.714075,0.087891,0
118.5610,645.029297,10.718726,0.263672,0
118.5763,645.029297,10.718726,0.000000,0
118.5915,645.292969,10.723376,0.263672,0
118.6068,645.380859,10.724927,0.087891,0
118.6220,645.556641,10.728027,0.175781,0
118.6373,645.644531,10.729578,0.087891,0
118.6525,645.820312,10.732678,0.175781,0
118.6677,645.820312,10.732678,0.000000,0
118.6830,646.083984,10.737329,0.263672,0
118.6982,646.171875,10.738879,0.087891,0
118.7135,646.259766,10.740430,0.087891,0
118.7287,646.523438,10.745081,0.263672,0
118.7439,646.611328,10.746631,0.087891,0
118.7596,646.787109,10.749731,0.175781,0
118.7748,646.875000,10.751282,0.087891,0
118.7900,647.050781,10.754382,0.175781,0
118.8052,647.226562,10.757483,0.175781,0
118.8205,647.402344,10.760583,0.175781,0
118.8357,647.490234,10.762134,0.087891,0
118.8509,647.666016,10.765234,0.175781,0
118.8661,647.753906,10.766785,0.087891,0
118.8814,647.929688,10.769885,0.175781,0
118.8966,648.017578,10.771436,0.087891,0
118.9118,648.105469,10.772986,0.087891,0
118.9270,648.369141,10.777637,0.263672,0
118.9422,648.457031,10.779187,0.087891,0
118.9575,648.720703,10.783838,0.263672,0
118.9727,648.808594,10.785388,0.087891,0
118.9879,648.984375,10.788489,0.175781,0
119.0032,649.072266,10.790039,0.087891,0
119.0184,649.335938,10.794690,0.263672,0
119.0337,649.335938,10.794690,0.000000,0
119.0489,649.423828,10.796240,0.087891,0
119.0641,649.599609,10.799341,0.175781,0
119.0793,649.687500,10.800891,0.087891,0
119.0946,649.951172,10.805542,0.263672,0
119.1098,650.039062,10.807092,0.087891,0
119.1250,650.214844,10.810193,0.175781,0
119.1402,650.302734,10.811743,0.087891,0
119.1554,650.478516,10.814844,0.175781,0
119.1707,650.654297,10.817944,0.175781,0
119.1860,650.917969,10.822595,0.263672,0
119.2013,651.005859,10.824146,0.087891,0
119.2166,651.093750,10.825696,0.087891,0
119.2318,651.181641,10.827246,0.087891,0
119.2471,651.357422,10.830347,0.175781,0
119.2623,651.533203,10.833447,0.175781,0
119.2776,651.621094,10.834998,0.087891,0
119.2929,651.796875,10.838098,0.175781,0
119.3081,651.884766,10.839648,0.087891,0
119.3233,652.148438,10.844299,0.263672,0
119.3385,652.236328,10.845850,0.087891,0
119.3537,652.412109,10.848950,0.175781,0
119.3690,652.500000,10.850500,0.087891,0
119.3843,652.587891,10.852051,0.087891,0
119.3995,652.763672,10.855151,0.175781,0
119.4147,652.851562,10.856702,0.087891,0
119.4299,653.027344,10.859802,0.175781,0
119.4452,653.115234,10.861353,0.087891,0
119.4604,653.291016,10.864453,0.175781,0
119.4756,653.378906,10.866003,0.087891,0
119.4908,653.554688,10.869104,0.175781,0
119.5061,653.642578,10.870654,0.087891,0
119.5213,653.906250,10.875305,0.263672,0
119.5365,653.994141,10.876855,0.087891,0
119.5519,654.082031,10.878406,0.087891,0
119.5672,654.345703,10.883057,0.263672,0
119.5824,654.433594,10.884607,0.087891,0
119.5977,654.609375,10.887708,0.175781,0
119.6133,654.697266,10.889258,0.087891,0
119.6286,654.873047,10.892358,0.175781,0
119.6439,654.960938,10.893909,0.087891,0
119.6591,655.136719,10.897009,0.175781,0
119.6743,655.312500,10.900110,0.175781,0
119.6896,655.488281,10.903210,0.175781,0
119.7049,655.664062,10.906311,0.175781,0
119.7204,655.839844,10.909412,0.175781,0
119.7356,655.927734,10.910962,0.087891,0
119.7508,656.015625,10.912512,0.087891,0
119.7661,656.191406,10.915613,0.175781,0
119.7813,656.191406,10.915613,0.000000,0
119.7965,656.455078,10.920264,0.263672,0
119.8117,656.542969,10.921814,0.087891,0
119.8269,656.718750,10.924915,0.175781,0
119.8421,656.894531,10.928015,0.175781,0
119.8574,657.070312,10.931116,0.175781,0
119.8726,657.158203,10.932666,0.087891,0
119.8878,657.246094,10.934216,0.087891,0
119.9030,657.421875,10.937317,0.175781,0
119.9182,657.509766,10.938867,0.087891,0
119.9334,657.861328,10.945068,0.351562,0
119.9487,657.949219,10.946619,0.087891,0
119.9639,658.125000,10.949719,0.175781,0
119.9791,658.212891,10.951270,0.087891,0
119.9944,658.300781,10.952820,0.087891,0
120.0096,658.388672,10.954370,0.087891,0
120.0248,658.476562,10.955920,0.087891,0
120.0401,658.564453,10.957471,0.087891,0
120.0553,658.564453,10.957471,0.000000,0
120.0706,658.652344,10.959021,0.087891,0
120.0858,658.652344,10.959021,0.000000,0
120.1010,658.652344,10.959021,0.000000,0
120.1169,658.652344,10.959021,0.000000,0
120.1321,658.652344,10.959021,0.000000,0
120.1473,658.652344,10.959021,0.000000,0
120.1626,658.652344,10.959021,0.000000,0
120.1778,658.652344,10.959021,0.000000,0
120.1931,658.652344,10.959021,0.000000,0
120.2083,658.652344,10.959021,0.000000,0
120.2235,658.652344,10.959021,0.000000,0
120.2387,658.652344,10.959021,0.000000,0
120.2539,658.652344,10.959021,0.000000,0
120.2692,658.652344,10.959021,0.000000,0
120.2844,658.652344,10.959021,0.000000,0
120.2996,658.652344,10.959021,0.000000,0
120.3148,658.652344,10.959021,0.000000,0
120.3300,658.652344,10.959021,0.000000,0
120.3452,658.564453,10.957471,-0.087891,0
120.3605,658.564453,10.957471,0.000000,0
120.3757,658.564453,10.957471,0.000000,0
120.3911,658.564453,10.957471,0.000000,0
120.4065,658.564453,10.957471,0.000000,0
120.4217,658.564453,10.957471,0.000000,0
120.4369,658.564453,10.957471,0.000000,0
120.4527,658.564453,10.957471,0.000000,0
120.4679,658.564453,10.957471,0.000000,0
120.4832,658.564453,10.957471,0.000000,0
120.4984,658.564453,10.957471,0.000000,0
120.5137,658.564453,10.957471,0.000000,0
120.5289,658.564453,10.957471,0.000000,0
120.5442,658.564453,10.957471,0.000000,0
120.5595,658.564453,10.957471,0.000000,0
120.5747,658.564453,10.957471,0.000000,0
120.5899,658.564453,10.957471,0.000000,0
120.6052,658.564453,10.957471,0.000000,0
120.6204,658.564453,10.957471,0.000000,0
120.6356,658.564453,10.957471,0.000000,0
120.6509,658.564453,10.957471,0.000000,0
120.6662,658.476562,10.955920,-0.087891,0
120.6814,658.476562,10.955920,0.000000,0
120.6967,658.476562,10.955920,0.000000,0
120.7119,658.476562,10.955920,0.000000,0
120.7272,658.476562,10.955920,0.000000,0
120.7424,658.476562,10.955920,0.000000,0
120.7583,658.388672,10.954370,-0.087891,0
120.7735,658.388672,10.954370,0.000000,0
120.7887,658.388672,10.954370,0.000000,0
120.8040,658.388672,10.954370,0.000000,0
120.8193,658.388672,10.954370,0.000000,0
120.8345,658.388672,10.954370,0.000000,0
120.8497,658.388672,10.954370,0.000000,0
120.8649,658.388672,10.954370,0.000000,0
120.8801,658.388672,10.954370,0.000000,0
120.8955,658.300781,10.952820,-0.087891,0
120.9107,658.300781,10.952820,0.000000,0
120.9260,658.300781,10.952820,0.000000,0
120.9413,658.300781,10.952820,0.000000,0
120.9566,658.300781,10.952820,0.000000,0
120.9718,658.300781,10.952820,0.000000,0
120.9870,658.300781,10.952820,0.000000,0
121.0023,658.212891,10.951270,-0.087891,0
121.0177,658.212891,10.951270,0.000000,0
121.0329,658.212891,10.951270,0.000000,0
121.0481,658.212891,10.951270,0.000000,0
121.0634,658.212891,10.951270,0.000000,0
121.0786,658.212891,10.951270,0.000000,0
121.0938,658.212891,10.951270,0.000000,0
121.1091,658.212891,10.951270,0.000000,0
121.1243,658.212891,10.951270,0.000000,0
121.1396,658.212891,10.951270,0.000000,0
121.1549,658.212891,10.951270,0.000000,0
121.1701,658.125000,10.949719,-0.087891,0
121.1854,658.125000,10.949719,0.000000,0
121.2012,658.125000,10.949719,0.000000,0
121.2165,658.125000,10.949719,0.000000,0
121.2317,658.125000,10.949719,0.000000,0
121.2469,658.125000,10.949719,0.000000,0
121.2621,658.125000,10.949719,0.000000,0
121.2774,658.125000,10.949719,0.000000,0
121.2927,658.125000,10.949719,0.000000,0
121.3079,658.125000,10.949719,0.000000,0
121.3231,658.125000,10.949719,0.000000,0
121.3384,658.125000,10.949719,0.000000,0
121.3536,658.125000,10.949719,0.000000,0
121.3688,658.125000,10.949719,0.000000,0
121.3840,658.125000,10.949719,0.000000,0
121.3993,658.037109,10.948169,-0.087891,0
121.4147,658.037109,10.948169,0.000000,0
121.4300,658.037109,10.948169,0.000000,0
121.4452,658.037109,10.948169,0.000000,0
121.4605,658.037109,10.948169,0.000000,0
121.4757,658.037109,10.948169,0.000000,0
121.4909,658.037109,10.948169,0.000000,0
121.5062,658.037109,10.948169,0.000000,0
121.5214,658.037109,10.948169,0.000000,0
121.5366,658.037109,10.948169,0.000000,0
121.5518,658.037109,10.948169,0.000000,0
121.5671,658.037109,10.948169,0.000000,0
121.5823,658.037109,10.948169,0.000000,0
121.5975,658.037109,10.948169,0.000000,0
121.6127,658.037109,10.948169,0.000000,0
121.6280,658.037109,10.948169,0.000000,0
121.6432,658.037109,10.948169,0.000000,0
121.6585,658.037109,10.948169,0.000000,0
121.6737,658.037109,10.948169,0.000000,0
121.6889,658.037109,10.948169,0.000000,0
121.7041,658.037109,10.948169,0.000000,0
121.7194,658.037109,10.948169,0.000000,0
121.7347,658.037109,10.948169,0.000000,0
121.7499,658.037109,10.948169,0.000000,0
121.7654,658.037109,10.948169,0.000000,0
121.7807,658.037109,10.948169,0.000000,0
121.7959,658.037109,10.948169,0.000000,0
121.8114,658.037109,10.948169,0.000000,0
121.8267,658.037109,10.948169,0.000000,0
121.8419,658.037109,10.948169,0.000000,0
121.8571,658.037109,10.948169,0.000000,0
121.8723,658.037109,10.948169,0.000000,0
121.8875,658.037109,10.948169,0.000000,0
121.9027,658.037109,10.948169,0.000000,0
121.9180,658.037109,10.948169,0.000000,0
121.9332,658.037109,10.948169,0.000000,0
121.9484,658.037109,10.948169,0.000000,0
121.9636,658.037109,10.948169,0.000000,0
121.9789,658.037109,10.948169,0.000000,0
121.9941,658.037109,10.948169,0.000000,0
122.0093,658.037109,10.948169,0.000000,0
122.0248,657.949219,10.946619,-0.087891,0
122.0400,657.949219,10.946619,0.000000,0
122.0553,657.949219,10.946619,0.000000,0
122.0705,657.949219,10.946619,0.000000,0
122.0857,657.949219,10.946619,0.000000,0
122.1010,657.949219,10.946619,0.000000,0
122.1170,657.949219,10.946619,0.000000,0
122.1322,657.949219,10.946619,0.000000,0
122.1474,657.949219,10.946619,0.000000,0
122.1627,657.949219,10.946619,0.000000,0
122.1779,657.861328,10.945068,-0.087891,0
122.1931,657.861328,10.945068,0.000000,0
122.2083,657.685547,10.941968,-0.175781,0
122.2235,657.685547,10.941968,0.000000,0
122.2388,657.509766,10.938867,-0.175781,0
122.2540,657.509766,10.938867,0.000000,0
122.2692,657.333984,10.935767,-0.175781,0
122.2844,657.333984,10.935767,0.000000,0
122.3000,657.158203,10.932666,-0.175781,0
122.3154,657.158203,10.932666,0.000000,0
122.3306,657.070312,10.931116,-0.087891,0
122.3458,656.982422,10.929565,-0.087891,0
122.3610,656.894531,10.928015,-0.087891,0
122.3763,656.806641,10.926465,-0.087891,0
122.3915,656.806641,10.926465,0.000000,0
122.4068,656.718750,10.924915,-0.087891,0
122.4220,656.630859,10.923364,-0.087891,0
122.4376,656.542969,10.921814,-0.087891,0
122.4528,656.455078,10.920264,-0.087891,0
122.4681,656.367188,10.918713,-0.087891,0
122.4833,656.367188,10.918713,0.000000,0
122.4986,656.191406,10.915613,-0.175781,0
122.5138,656.191406,10.915613,0.000000,0
122.5290,656.103516,10.914063,-0.087891,0
122.5447,656.015625,10.912512,-0.087891,0
122.5599,655.927734,10.910962,-0.087891,0
122.5755,655.839844,10.909412,-0.087891,0
122.5907,655.839844,10.909412,0.000000,0
122.6059,655.664062,10.906311,-0.175781,0
122.6213,655.664062,10.906311,0.000000,0
122.6370,655.576172,10.904761,-0.087891,0
122.6522,655.488281,10.903210,-0.087891,0
122.6674,655.400391,10.901660,-0.087891,0
122.6826,655.312500,10.900110,-0.087891,0
122.6978,655.136719,10.897009,-0.175781,0
122.7131,655.136719,10.897009,0.000000,0
122.7283,655.048828,10.895459,-0.087891,0
122.7435,655.048828,10.895459,0.000000,0
122.7587,654.960938,10.893909,-0.087891,0
122.7740,654.873047,10.892358,-0.087891,0
122.7892,654.785156,10.890808,-0.087891,0
122.8044,654.697266,10.889258,-0.087891,0
122.8196,654.609375,10.887708,-0.087891,0
122.8349,654.521484,10.886157,-0.087891,0
122.8501,654.433594,10.884607,-0.087891,0
122.8654,654.257812,10.881506,-0.175781,0
122.8806,654.257812,10.881506,0.000000,0
122.8959,654.082031,10.878406,-0.175781,0
122.9112,654.082031,10.878406,0.000000,0
122.9265,653.994141,10.876855,-0.087891,0
122.9417,653.906250,10.875305,-0.087891,0
122.9569,653.818359,10.873755,-0.087891,0
122.9721,653.730469,10.872205,-0.087891,0
122.9873,653.642578,10.870654,-0.087891,0
123.0026,653.642578,10.870654,0.000000,0
123.0178,653.554688,10.869104,-0.087891,0
123.0330,653.466797,10.867554,-0.087891,0
123.0482,653.378906,10.866003,-0.087891,0
123.0635,653.291016,10.864453,-0.087891,0
123.0787,653.291016,10.864453,0.000000,0
123.0940,653.203125,10.862903,-0.087891,0
123.1092,653.115234,10.861353,-0.087891,0
123.1245,653.115234,10.861353,0.000000,0
123.1397,653.027344,10.859802,-0.087891,0
123.1549,652.939453,10.858252,-0.087891,0
123.1702,652.851562,10.856702,-0.087891,0
123.1855,652.851562,10.856702,0.000000,0
123.2007,652.675781,10.853601,-0.175781,0
123.2159,652.587891,10.852051,-0.087891,0
123.2313,652.587891,10.852051,0.000000,0
123.2465,652.500000,10.850500,-0.087891,0
123.2617,652.500000,10.850500,0.000000,0
123.2769,652.412109,10.848950,-0.087891,0
123.2922,652.324219,10.847400,-0.087891,0
123.3075,652.236328,10.845850,-0.087891,0
123.3228,652.148438,10.844299,-0.087891,0
123.3381,652.060547,10.842749,-0.087891,0
123.3533,651.972656,10.841199,-0.087891,0
123.3686,651.884766,10.839648,-0.087891,0
123.3840,651.796875,10.838098,-0.087891,0
123.3993,651.708984,10.836548,-0.087891,0
123.4145,651.708984,10.836548,0.000000,0
123.4298,651.621094,10.834998,-0.087891,0
123.4450,651.621094,10.834998,0.000000,0
123.4603,651.533203,10.833447,-0.087891,0
123.4755,651.445312,10.831897,-0.087891,0
123.4907,651.357422,10.830347,-0.087891,0
123.5059,651.269531,10.828796,-0.087891,0
123.5211,651.181641,10.827246,-0.087891,0
123.5363,651.181641,10.827246,0.000000,0
123.5516,651.093750,10.825696,-0.087891,0
123.5668,651.005859,10.824146,-0.087891,0
123.5820,650.917969,10.822595,-0.087891,0
123.5972,650.830078,10.821045,-0.087891,0
123.6124,650.742188,10.819495,-0.087891,0
123.6276,650.654297,10.817944,-0.087891,0
123.6429,650.566406,10.816394,-0.087891,0
123.6581,650.478516,10.814844,-0.087891,0
123.6733,650.390625,10.813293,-0.087891,0
123.6886,650.302734,10.811743,-0.087891,0
123.7038,650.214844,10.810193,-0.087891,0
123.7191,650.126953,10.808643,-0.087891,0
123.7345,650.039062,10.807092,-0.087891,0
123.7497,650.039062,10.807092,0.000000,0
123.7649,649.951172,10.805542,-0.087891,0
123.7802,649.863281,10.803992,-0.087891,0
123.7954,649.863281,10.803992,0.000000,0
123.8106,649.775391,10.802441,-0.087891,0
123.8258,649.687500,10.800891,-0.087891,0
123.8410,649.599609,10.799341,-0.087891,0
123.8563,649.599609,10.799341,0.000000,0
123.8715,649.511719,10.797791,-0.087891,0
123.8867,649.423828,10.796240,-0.087891,0
123.9021,649.335938,10.794690,-0.087891,0
123.9173,649.335938,10.794690,0.000000,0
123.9325,649.248047,10.793140,-0.087891,0
123.9478,649.160156,10.791589,-0.087891,0
123.9630,649.072266,10.790039,-0.087891,0
123.9782,648.984375,10.788489,-0.087891,0
123.9934,648.984375,10.788489,0.000000,0
124.0087,648.808594,10.785388,-0.175781,0
124.0240,648.808594,10.785388,0.000000,0
124.0394,648.720703,10.783838,-0.087891,0
124.0547,648.632812,10.782288,-0.087891,0
124.0699,648.544922,10.780737,-0.087891,0
124.0851,648.544922,10.780737,0.000000,0
124.1004,648.457031,10.779187,-0.087891,0
124.1157,648.369141,10.777637,-0.087891,0
124.1309,648.281250,10.776086,-0.087891,0
124.1466,648.193359,10.774536,-0.087891,0
124.1619,648.105469,10.772986,-0.087891,0
124.1777,648.017578,10.771436,-0.087891,0
124.1929,648.017578,10.771436,0.000000,0
124.2081,647.929688,10.769885,-0.087891,0
124.2237,647.841797,10.768335,-0.087891,0
124.2393,647.753906,10.766785,-0.087891,0
124.2545,647.666016,10.765234,-0.087891,0
124.2698,647.578125,10.763684,-0.087891,0
124.2850,647.578125,10.763684,0.000000,0
124.3008,647.402344,10.760583,-0.175781,0
124.3160,647.402344,10.760583,0.000000,0
124.3314,647.402344,10.760583,0.000000,0
124.3469,647.226562,10.757483,-0.175781,0
124.3621,647.138672,10.755933,-0.087891,0
124.3774,647.050781,10.754382,-0.087891,0
124.3926,646.962891,10.752832,-0.087891,0
124.4078,646.875000,10.751282,-0.087891,0
124.4231,646.875000,10.751282,0.000000,0
124.4388,646.787109,10.749731,-0.087891,0
124.4541,646.699219,10.748181,-0.087891,0
124.4693,646.523438,10.745081,-0.175781,0
124.4845,646.523438,10.745081,0.000000,0
124.4997,646.435547,10.743530,-0.087891,0
124.5150,646.347656,10.741980,-0.087891,0
124.5302,646.259766,10.740430,-0.087891,0
124.5455,646.259766,10.740430,0.000000,0
124.5607,646.171875,10.738879,-0.087891,0
124.5760,646.083984,10.737329,-0.087891,0
124.5912,646.083984,10.737329,0.000000,0
124.6064,645.996094,10.735779,-0.087891,0
124.6217,645.908203,10.734229,-0.087891,0
124.6369,645.820312,10.732678,-0.087891,0
124.6522,645.732422,10.731128,-0.087891,0
124.6674,645.644531,10.729578,-0.087891,0
124.6827,645.644531,10.729578,0.000000,0
124.6980,645.556641,10.728027,-0.087891,0
124.7132,645.468750,10.726477,-0.087891,0
124.7284,645.468750,10.726477,0.000000,0
124.7438,645.380859,10.724927,-0.087891,0
124.7591,645.292969,10.723376,-0.087891,0
124.7743,645.205078,10.721826,-0.087891,0
124.7896,645.117188,10.720276,-0.087891,0
124.8048,645.029297,10.718726,-0.087891,0
124.8200,645.029297,10.718726,0.000000,0
124.8353,644.941406,10.717175,-0.087891,0
124.8506,644.853516,10.715625,-0.087891,0
124.8658,644.765625,10.714075,-0.087891,0
124.8810,644.677734,10.712524,-0.087891,0
124.8963,644.589844,10.710974,-0.087891,0
124.9115,644.501953,10.709424,-0.087891,0
124.9267,644.501953,10.709424,0.000000,0
124.9419,644.414062,10.707874,-0.087891,0
124.9572,644.326172,10.706323,-0.087891,0
124.9729,644.238281,10.704773,-0.087891,0
124.9881,644.238281,10.704773,0.000000,0
125.0033,644.062500,10.701672,-0.175781,0
125.0186,644.062500,10.701672,0.000000,0
125.0338,643.974609,10.700122,-0.087891,0
125.0491,643.886719,10.698572,-0.087891,0
125.0643,643.886719,10.698572,0.000000,0
125.0796,643.710938,10.695471,-0.175781,0
125.0948,643.710938,10.695471,0.000000,0
125.1102,643.535156,10.692371,-0.175781,0
125.1254,643.535156,10.692371,0.000000,0
125.1406,643.359375,10.689270,-0.175781,0
125.1562,643.359375,10.689270,0.000000,0
125.1714,643.183594,10.686169,-0.175781,0
125.1866,643.183594,10.686169,0.000000,0
125.2018,643.095703,10.684619,-0.087891,0
125.2171,643.007812,10.683069,-0.087891,0
125.2323,643.007812,10.683069,0.000000,0
125.2476,642.919922,10.681519,-0.087891,0
125.2631,642.832031,10.679968,-0.087891,0
125.2783,642.744141,10.678418,-0.087891,0
125.2935,642.656250,10.676868,-0.087891,0
125.3090,642.656250,10.676868,0.000000,0
125.3242,642.568359,10.675317,-0.087891,0
125.3394,642.480469,10.673767,-0.087891,0
125.3546,642.480469,10.673767,0.000000,0
125.3698,642.392578,10.672217,-0.087891,0
125.3851,642.304688,10.670667,-0.087891,0
125.4004,642.304688,10.670667,0.000000,0
125.4156,642.216797,10.669116,-0.087891,0
125.4308,642.128906,10.667566,-0.087891,0
125.4460,642.041016,10.666016,-0.087891,0
125.4613,641.953125,10.664465,-0.087891,0
125.4765,641.953125,10.664465,0.000000,0
125.4917,641.865234,10.662915,-0.087891,0
125.5070,641.777344,10.661365,-0.087891,0
125.5222,641.689453,10.659814,-0.087891,0
125.5375,641.601562,10.658264,-0.087891,0
125.5527,641.513672,10.656714,-0.087891,0
125.5686,641.425781,10.655164,-0.087891,0
125.5838,641.337891,10.653613,-0.087891,0
125.5992,641.337891,10.653613,0.000000,0
125.6144,641.250000,10.652063,-0.087891,0
125.6296,641.162109,10.650513,-0.087891,0
125.6449,641.074219,10.648962,-0.087891,0
125.6602,640.986328,10.647412,-0.087891,0
125.6754,640.898438,10.645862,-0.087891,0
125.6906,640.898438,10.645862,0.000000,0
125.7058,640.810547,10.644312,-0.087891,0
125.7210,640.722656,10.642761,-0.087891,0
125.7363,640.634766,10.641211,-0.087891,0
125.7515,640.546875,10.639661,-0.087891,0
125.7667,640.458984,10.638110,-0.087891,0
125.7820,640.371094,10.636560,-0.087891,0
125.7973,640.371094,10.636560,0.000000,0
125.8125,640.283203,10.635010,-0.087891,0
125.8278,640.107422,10.631909,-0.175781,0
125.8431,640.019531,10.630359,-0.087891,0
125.8585,640.019531,10.630359,0.000000,0
125.8737,639.843750,10.627258,-0.175781,0
125.8889,639.843750,10.627258,0.000000,0
125.9041,639.755859,10.625708,-0.087891,0
125.9193,639.667969,10.624158,-0.087891,0
125.9346,639.580078,10.622607,-0.087891,0
125.9498,639.492188,10.621057,-0.087891,0
125.9650,639.492188,10.621057,0.000000,0
125.9802,639.316406,10.617957,-0.175781,0
125.9954,639.316406,10.617957,0.000000,0
126.0107,639.228516,10.616406,-0.087891,0
126.0259,639.140625,10.614856,-0.087891,0
126.0411,639.052734,10.613306,-0.087891,0
126.0564,639.052734,10.613306,0.000000,0
126.0717,638.964844,10.611755,-0.087891,0
126.0869,638.964844,10.611755,0.000000,0
126.1021,638.876953,10.610205,-0.087891,0
126.1174,638.789062,10.608655,-0.087891,0
126.1326,638.789062,10.608655,0.000000,0
126.1479,638.613281,10.605554,-0.175781,0
126.1633,638.613281,10.605554,0.000000,0
126.1785,638.525391,10.604004,-0.087891,0
126.1937,638.437500,10.602454,-0.087891,0
126.2095,638.349609,10.600903,-0.087891,0
126.2247,638.261719,10.599353,-0.087891,0
126.2399,638.173828,10.597803,-0.087891,0
126.2552,638.173828,10.597803,0.000000,0
126.2704,638.085938,10.596252,-0.087891,0
126.2857,637.998047,10.594702,-0.087891,0
126.3010,637.910156,10.593152,-0.087891,0
126.3162,637.822266,10.591602,-0.087891,0
126.3314,637.822266,10.591602,0.000000,0
126.3472,637.646484,10.588501,-0.175781,0
126.3624,637.646484,10.588501,0.000000,0
126.3776,637.558594,10.586951,-0.087891,0
126.3928,637.470703,10.585400,-0.087891,0
126.4080,637.382812,10.583850,-0.087891,0
126.4233,637.294922,10.582300,-0.087891,0
126.4385,637.294922,10.582300,0.000000,0
126.4537,637.294922,10.582300,0.000000,0
126.4690,637.207031,10.580750,-0.087891,0
126.4842,637.119141,10.579199,-0.087891,0
126.4994,637.031250,10.577649,-0.087891,0
126.5146,636.943359,10.576099,-0.087891,0
126.5301,636.855469,10.574548,-0.087891,0
126.5453,636.767578,10.572998,-0.087891,0
126.5607,636.767578,10.572998,0.000000,0
126.5760,636.591797,10.569897,-0.175781,0
126.5912,636.591797,10.569897,0.000000,0
126.6064,636.416016,10.566797,-0.175781,0
126.6216,636.416016,10.566797,0.000000,0
126.6368,636.328125,10.565247,-0.087891,0
126.6522,636.240234,10.563696,-0.087891,0
126.6675,636.152344,10.562146,-0.087891,0
126.6829,636.064453,10.560596,-0.087891,0
126.6981,635.976562,10.559045,-0.087891,0
126.7134,635.888672,10.557495,-0.087891,0
126.7292,635.800781,10.555945,-0.087891,0
126.7445,635.712891,10.554395,-0.087891,0
126.7597,635.712891,10.554395,0.000000,0
126.7750,635.625000,10.552844,-0.087891,0
126.7902,635.537109,10.551294,-0.087891,0
126.8054,635.449219,10.549744,-0.087891,0
126.8207,635.361328,10.548193,-0.087891,0
126.8359,635.361328,10.548193,0.000000,0
126.8511,635.273438,10.546643,-0.087891,0
126.8663,635.273438,10.546643,0.000000,0
126.8816,635.097656,10.543542,-0.175781,0
126.8971,635.097656,10.543542,0.000000,0
126.9123,635.009766,10.541992,-0.087891,0
126.9275,635.009766,10.541992,0.000000,0
126.9427,634.921875,10.540442,-0.087891,0
126.9579,634.833984,10.538892,-0.087891,0
126.9732,634.746094,10.537341,-0.087891,0
126.9884,634.658203,10.535791,-0.087891,0
127.0037,634.570312,10.534241,-0.087891,0
127.0189,634.570312,10.534241,0.000000,0
127.0342,634.482422,10.532690,-0.087891,0
127.0495,634.394531,10.531140,-0.087891,0
127.0647,634.306641,10.529590,-0.087891,0
127.0799,634.218750,10.528040,-0.087891,0
127.0951,634.130859,10.526489,-0.087891,0
127.1103,634.042969,10.524939,-0.087891,0
127.1256,634.042969,10.524939,0.000000,0
127.1409,633.867188,10.521838,-0.175781,0
127.1561,633.867188,10.521838,0.000000,0
127.1714,633.779297,10.520288,-0.087891,0
127.1868,633.691406,10.518738,-0.087891,0
127.2020,633.603516,10.517188,-0.087891,0
127.2172,633.603516,10.517188,0.000000,0
127.2324,633.515625,10.515637,-0.087891,0
127.2476,633.427734,10.514087,-0.087891,0
127.2633,633.427734,10.514087,0.000000,0
127.2785,633.251953,10.510986,-0.175781,0
127.2943,633.251953,10.510986,0.000000,0
127.3098,633.076172,10.507886,-0.175781,0
127.3250,633.076172,10.507886,0.000000,0
127.3403,632.988281,10.506335,-0.087891,0
127.3555,632.900391,10.504785,-0.087891,0
127.3707,632.812500,10.503235,-0.087891,0
127.3875,632.724609,10.501685,-0.087891,0
127.4027,632.548828,10.498584,-0.175781,0
127.4179,632.548828,10.498584,0.000000,0
127.4332,632.460938,10.497034,-0.087891,0
127.4484,632.373047,10.495483,-0.087891,0
127.4636,632.373047,10.495483,0.000000,0
127.4789,632.197266,10.492383,-0.175781,0
127.4942,632.197266,10.492383,0.000000,0
127.5094,632.109375,10.490833,-0.087891,0
127.5246,632.021484,10.489282,-0.087891,0
127.5402,631.933594,10.487732,-0.087891,0
127.5554,631.933594,10.487732,0.000000,0
127.5706,631.845703,10.486182,-0.087891,0
127.5859,631.757812,10.484631,-0.087891,0
127.6011,631.669922,10.483081,-0.087891,0
127.6163,631.582031,10.481531,-0.087891,0
127.6315,631.582031,10.481531,0.000000,0
127.6467,631.494141,10.479980,-0.087891,0
127.6620,631.406250,10.478430,-0.087891,0
127.6772,631.406250,10.478430,0.000000,0
127.6924,631.318359,10.476880,-0.087891,0
127.7076,631.230469,10.475330,-0.087891,0
127.7228,631.142578,10.473779,-0.087891,0
127.7381,631.054688,10.472229,-0.087891,0
127.7533,631.054688,10.472229,0.000000,0
127.7686,630.966797,10.470679,-0.087891,0
127.7839,630.878906,10.469128,-0.087891,0
127.7991,630.791016,10.467578,-0.087891,0
127.8143,630.703125,10.466028,-0.087891,0
127.8295,630.703125,10.466028,0.000000,0
127.8450,630.527344,10.462927,-0.175781,0
127.8602,630.439453,10.461377,-0.087891,0
127.8754,630.351562,10.459827,-0.087891,0
127.8907,630.351562,10.459827,0.000000,0
127.9059,630.263672,10.458276,-0.087891,0
127.9211,630.175781,10.456726,-0.087891,0
127.9363,630.087891,10.455176,-0.087891,0
127.9516,630.000000,10.453625,-0.087891,0
127.9668,630.000000,10.453625,0.000000,0
127.9820,629.824219,10.450525,-0.175781,0
127.9972,629.824219,10.450525,0.000000,0
128.0124,629.824219,10.450525,0.000000,0
128.0277,629.736328,10.448975,-0.087891,0
128.0430,629.560547,10.445874,-0.175781,0
128.0582,629.560547,10.445874,0.000000,0
128.0734,629.472656,10.444324,-0.087891,0
128.0886,629.384766,10.442773,-0.087891,0
128.1038,629.296875,10.441223,-0.087891,0
128.1190,629.208984,10.439673,-0.087891,0
128.1343,629.208984,10.439673,0.000000,0
128.1496,629.121094,10.438123,-0.087891,0
128.1649,629.033203,10.436572,-0.087891,0
128.1801,628.945312,10.435022,-0.087891,0
128.1955,628.857422,10.433472,-0.087891,0
128.2111,628.769531,10.431921,-0.087891,0
128.2263,628.681641,10.430371,-0.087891,0
128.2415,628.593750,10.428821,-0.087891,0
128.2568,628.505859,10.427271,-0.087891,0
128.2720,628.417969,10.425720,-0.087891,0
128.2873,628.330078,10.424170,-0.087891,0
128.3026,628.330078,10.424170,0.000000,0
128.3178,628.242188,10.422620,-0.087891,0
128.3330,628.154297,10.421069,-0.087891,0
128.3482,628.066406,10.419519,-0.087891,0
128.3634,627.978516,10.417969,-0.087891,0
128.3793,627.890625,10.416418,-0.087891,0
128.3945,627.890625,10.416418,0.000000,0
128.4098,627.802734,10.414868,-0.087891,0
128.4250,627.802734,10.414868,0.000000,0
128.4403,627.714844,10.413318,-0.087891,0
128.4555,627.626953,10.411768,-0.087891,0
128.4707,627.626953,10.411768,0.000000,0
128.4859,627.539062,10.410217,-0.087891,0
128.5012,627.451172,10.408667,-0.087891,0
128.5168,627.363281,10.407117,-0.087891,0
128.5320,627.275391,10.405566,-0.087891,0
128.5474,627.187500,10.404016,-0.087891,0
128.5627,627.187500,10.404016,0.000000,0
128.5780,627.099609,10.402466,-0.087891,0
128.5932,627.011719,10.400916,-0.087891,0
128.6084,626.923828,10.399365,-0.087891,0
128.6236,626.923828,10.399365,0.000000,0
128.6388,626.835938,10.397815,-0.087891,0
128.6541,626.748047,10.396265,-0.087891,0
128.6700,626.660156,10.394714,-0.087891,0
128.6852,626.484375,10.391614,-0.175781,0
128.7004,626.484375,10.391614,0.000000,0
128.7157,626.396484,10.390063,-0.087891,0
128.7313,626.308594,10.388513,-0.087891,0
128.7465,626.220703,10.386963,-0.087891,0
128.7617,626.132812,10.385413,-0.087891,0
128.7771,626.044922,10.383862,-0.087891,0
128.7924,626.044922,10.383862,0.000000,0
128.8076,625.957031,10.382312,-0.087891,0
128.8228,625.957031,10.382312,0.000000,0
128.8380,625.781250,10.379211,-0.175781,0
128.8532,625.781250,10.379211,0.000000,0
128.8684,625.693359,10.377661,-0.087891,0
128.8837,625.605469,10.376111,-0.087891,0
128.8989,625.517578,10.374561,-0.087891,0
128.9141,625.429688,10.373010,-0.087891,0
128.9293,625.429688,10.373010,0.000000,0
128.9445,625.341797,10.371460,-0.087891,0
128.9597,625.253906,10.369910,-0.087891,0
128.9751,625.078125,10.366809,-0.175781,0
128.9910,625.078125,10.366809,0.000000,0
129.0064,624.990234,10.365259,-0.087891,0
129.0216,624.902344,10.363708,-0.087891,0
129.0368,624.814453,10.362158,-0.087891,0
129.0521,624.726562,10.360608,-0.087891,0
129.0674,624.638672,10.359058,-0.087891,0
129.0827,624.550781,10.357507,-0.087891,0
129.0979,624.550781,10.357507,0.000000,0
129.1131,624.462891,10.355957,-0.087891,0
129.1284,624.375000,10.354407,-0.087891,0
129.1436,624.287109,10.352856,-0.087891,0
129.1588,624.199219,10.351306,-0.087891,0
129.1740,624.111328,10.349756,-0.087891,0
129.1892,624.111328,10.349756,0.000000,0
129.2046,624.023438,10.348206,-0.087891,0
129.2198,624.023438,10.348206,0.000000,0
129.2351,623.935547,10.346655,-0.087891,0
129.2503,623.847656,10.345105,-0.087891,0
129.2655,623.759766,10.343555,-0.087891,0
129.2810,623.671875,10.342004,-0.087891,0
129.2965,623.671875,10.342004,0.000000,0
129.3117,623.583984,10.340454,-0.087891,0
129.3269,623.496094,10.338904,-0.087891,0
129.3422,623.408203,10.337354,-0.087891,0
129.3574,623.408203,10.337354,0.000000,0
129.3726,623.232422,10.334253,-0.175781,0
129.3878,623.232422,10.334253,0.000000,0
129.4030,623.232422,10.334253,0.000000,0
129.4183,623.144531,10.332703,-0.087891,0
129.4335,623.056641,10.331152,-0.087891,0
129.4487,622.968750,10.329602,-0.087891,0
129.4639,622.880859,10.328052,-0.087891,0
129.4791,622.792969,10.326501,-0.087891,0
129.4945,622.705078,10.324951,-0.087891,0
129.5097,622.617188,10.323401,-0.087891,0
129.5249,622.617188,10.323401,0.000000,0
129.5401,622.441406,10.320300,-0.175781,0
129.5554,622.441406,10.320300,0.000000,0
129.5706,622.353516,10.318750,-0.087891,0
129.5859,622.265625,10.317200,-0.087891,0
129.6011,622.177734,10.315649,-0.087891,0
129.6163,622.089844,10.314099,-0.087891,0
129.6316,622.089844,10.314099,0.000000,0
129.6469,622.001953,10.312549,-0.087891,0
129.6621,622.001953,10.312549,0.000000,0
129.6773,621.826172,10.309448,-0.175781,0
129.6925,621.826172,10.309448,0.000000,0
129.7078,621.738281,10.307898,-0.087891,0
129.7230,621.650391,10.306348,-0.087891,0
129.7382,621.562500,10.304797,-0.087891,0
129.7534,621.474609,10.303247,-0.087891,0
129.7686,621.386719,10.301697,-0.087891,0
129.7838,621.298828,10.300146,-0.087891,0
129.7992,621.298828,10.300146,0.000000,0
129.8144,621.123047,10.297046,-0.175781,0
129.8298,621.123047,10.297046,0.000000,0
129.8450,620.947266,10.293945,-0.175781,0
129.8602,620.947266,10.293945,0.000000,0
129.8754,620.859375,10.292395,-0.087891,0
129.8907,620.771484,10.290845,-0.087891,0
129.9059,620.771484,10.290845,0.000000,0
129.9212,620.595703,10.287744,-0.175781,0
129.9371,620.595703,10.287744,0.000000,0
129.9523,620.507812,10.286194,-0.087891,0
129.9675,620.419922,10.284644,-0.087891,0
129.9828,620.332031,10.283093,-0.087891,0
129.9980,620.244141,10.281543,-0.087891,0
130.0132,620.156250,10.279993,-0.087891,0
130.0285,620.156250,10.279993,0.000000,0
130.0437,620.068359,10.278442,-0.087891,0
130.0589,620.068359,10.278442,0.000000,0
130.0741,619.980469,10.276892,-0.087891,0
130.0898,619.892578,10.275342,-0.087891,0
130.1050,619.892578,10.275342,0.000000,0
130.1202,619.804688,10.273792,-0.087891,0
130.1355,619.716797,10.272241,-0.087891,0
130.1507,619.628906,10.270691,-0.087891,0
130.1659,619.541016,10.269141,-0.087891,0
130.1812,619.453125,10.267590,-0.087891,0
130.1964,619.453125,10.267590,0.000000,0
130.2116,619.365234,10.266040,-0.087891,0
130.2268,619.277344,10.264490,-0.087891,0
130.2420,619.277344,10.264490,0.000000,0
130.2573,619.189453,10.262939,-0.087891,0
130.2732,619.101562,10.261389,-0.087891,0
130.2885,619.013672,10.259839,-0.087891,0
130.3037,618.925781,10.258289,-0.087891,0
130.3189,618.837891,10.256738,-0.087891,0
130.3344,618.837891,10.256738,0.000000,0
130.3496,618.662109,10.253638,-0.175781,0
130.3648,618.662109,10.253638,0.000000,0
130.3801,618.486328,10.250537,-0.175781,0
130.3954,618.398438,10.248987,-0.087891,0
130.4106,618.310547,10.247437,-0.087891,0
130.4258,618.310547,10.247437,0.000000,0
130.4411,618.310547,10.247437,0.000000,0
130.4563,618.222656,10.245886,-0.087891,0
130.4716,618.134766,10.244336,-0.087891,0
130.4868,618.046875,10.242786,-0.087891,0
130.5021,618.046875,10.242786,0.000000,0
130.5173,617.871094,10.239685,-0.175781,0
130.5325,617.871094,10.239685,0.000000,0
130.5477,617.695312,10.236584,-0.175781,0
130.5629,617.695312,10.236584,0.000000,0
130.5789,617.607422,10.235034,-0.087891,0
130.5941,617.519531,10.233484,-0.087891,0
130.6094,617.431641,10.231934,-0.087891,0
130.6247,617.343750,10.230383,-0.087891,0
130.6399,617.255859,10.228833,-0.087891,0
130.6551,617.167969,10.227283,-0.087891,0
130.6704,617.167969,10.227283,0.000000,0
130.6856,617.080078,10.225732,-0.087891,0
130.7008,616.992188,10.224182,-0.087891,0
130.7161,616.904297,10.222632,-0.087891,0
130.7315,616.816406,10.221082,-0.087891,0
130.7467,616.728516,10.219531,-0.087891,0
130.7620,616.728516,10.219531,0.000000,0
130.7772,616.552734,10.216431,-0.175781,0
130.7924,616.552734,10.216431,0.000000,0
130.8076,616.464844,10.214880,-0.087891,0
130.8228,616.376953,10.213330,-0.087891,0
130.8381,616.289062,10.211780,-0.087891,0
130.8533,616.289062,10.211780,0.000000,0
130.8686,616.201172,10.210229,-0.087891,0
130.8838,616.113281,10.208679,-0.087891,0
130.8991,616.025391,10.207129,-0.087891,0
130.9143,615.937500,10.205579,-0.087891,0
130.9295,615.937500,10.205579,0.000000,0
130.9447,615.849609,10.204028,-0.087891,0
130.9599,615.761719,10.202478,-0.087891,0
130.9752,615.761719,10.202478,0.000000,0
130.9904,615.673828,10.200928,-0.087891,0
131.0056,615.585938,10.199377,-0.087891,0
131.0208,615.498047,10.197827,-0.087891,0
131.0361,615.498047,10.197827,0.000000,0
131.0513,615.322266,10.194727,-0.175781,0
131.0665,615.322266,10.194727,0.000000,0
131.0817,615.234375,10.193176,-0.087891,0
131.0969,615.146484,10.191626,-0.087891,0
131.1122,615.058594,10.190076,-0.087891,0
131.1274,615.058594,10.190076,0.000000,0
131.1426,615.058594,10.190076,0.000000,0
131.1578,614.882812,10.186975,-0.175781,0
131.1731,614.794922,10.185425,-0.087891,0
131.1883,614.794922,10.185425,0.000000,0
131.2035,614.707031,10.183875,-0.087891,0
131.2193,614.619141,10.182324,-0.087891,0
131.2345,614.531250,10.180774,-0.087891,0
131.2497,614.531250,10.180774,0.000000,0
131.2650,614.443359,10.179224,-0.087891,0
131.2802,614.355469,10.177673,-0.087891,0
131.2954,614.267578,10.176123,-0.087891,0
131.3106,614.267578,10.176123,0.000000,0
131.3260,614.179688,10.174573,-0.087891,0
131.3412,614.091797,10.173022,-0.087891,0
131.3565,614.003906,10.171472,-0.087891,0
131.3717,613.916016,10.169922,-0.087891,0
131.3870,613.828125,10.168372,-0.087891,0
131.4023,613.828125,10.168372,0.000000,0
131.4176,613.652344,10.165271,-0.175781,0
131.4328,613.564453,10.163721,-0.087891,0
131.4481,613.476562,10.162170,-0.087891,0
131.4633,613.388672,10.160620,-0.087891,0
131.4785,613.388672,10.160620,0.000000,0
131.4937,613.300781,10.159070,-0.087891,0
131.5090,613.212891,10.157520,-0.087891,0
131.5242,613.125000,10.155969,-0.087891,0
131.5394,613.037109,10.154419,-0.087891,0
131.5546,612.949219,10.152869,-0.087891,0
131.5698,612.949219,10.152869,0.000000,0
131.5851,612.861328,10.151318,-0.087891,0
131.6003,612.773438,10.149768,-0.087891,0
131.6155,612.685547,10.148218,-0.087891,0
131.6307,612.597656,10.146667,-0.087891,0
131.6463,612.597656,10.146667,0.000000,0
131.6618,612.509766,10.145117,-0.087891,0
131.6770,612.421875,10.143567,-0.087891,0
131.6922,612.333984,10.142017,-0.087891,0
131.7075,612.333984,10.142017,0.000000,0
131.7228,612.246094,10.140466,-0.087891,0
131.7380,612.158203,10.138916,-0.087891,0
131.7532,612.070312,10.137366,-0.087891,0
131.7685,612.070312,10.137366,0.000000,0
131.7837,611.982422,10.135815,-0.087891,0
131.7989,611.894531,10.134265,-0.087891,0
131.8142,611.806641,10.132715,-0.087891,0
131.8295,611.718750,10.131165,-0.087891,0
131.8447,611.718750,10.131165,0.000000,0
131.8599,611.630859,10.129614,-0.087891,0
131.8753,611.542969,10.128064,-0.087891,0
131.8905,611.455078,10.126514,-0.087891,0
131.9057,611.455078,10.126514,0.000000,0
131.9210,611.279297,10.123413,-0.175781,0
131.9362,611.279297,10.123413,0.000000,0
131.9515,611.191406,10.121863,-0.087891,0
131.9667,611.103516,10.120313,-0.087891,0
131.9819,611.015625,10.118762,-0.087891,0
131.9971,610.927734,10.117212,-0.087891,0
132.0123,610.927734,10.117212,0.000000,0
132.0275,610.839844,10.115662,-0.087891,0
132.0428,610.751953,10.114111,-0.087891,0
132.0580,610.664062,10.112561,-0.087891,0
132.0732,610.576172,10.111011,-0.087891,0
132.0884,610.576172,10.111011,0.000000,0
132.1036,610.488281,10.109460,-0.087891,0
132.1190,610.400391,10.107910,-0.087891,0
132.1342,610.312500,10.106360,-0.087891,0
132.1495,610.224609,10.104810,-0.087891,0
132.1647,610.136719,10.103259,-0.087891,0
132.1809,610.136719,10.103259,0.000000,0
132.1961,609.960938,10.100159,-0.175781,0
132.2114,609.960938,10.100159,0.000000,0
132.2267,609.785156,10.097058,-0.175781,0
132.2419,609.785156,10.097058,0.000000,0
132.2646,609.609375,10.093958,-0.175781,0
132.2798,609.521484,10.092407,-0.087891,0
132.2950,609.521484,10.092407,0.000000,0
132.3103,609.345703,10.089307,-0.175781,0
132.3255,609.345703,10.089307,0.000000,0
132.3408,609.169922,10.086206,-0.175781,0
132.3560,609.169922,10.086206,0.000000,0
132.3713,609.082031,10.084656,-0.087891,0
132.3865,608.994141,10.083105,-0.087891,0
132.4020,608.906250,10.081555,-0.087891,0
132.4173,608.906250,10.081555,0.000000,0
132.4325,608.730469,10.078455,-0.175781,0
132.4478,608.730469,10.078455,0.000000,0
132.4630,608.730469,10.078455,0.000000,0
132.4783,608.642578,10.076904,-0.087891,0
132.4935,608.554688,10.075354,-0.087891,0
132.5087,608.466797,10.073804,-0.087891,0
132.5239,608.466797,10.073804,0.000000,0
132.5392,608.378906,10.072253,-0.087891,0
132.5544,608.291016,10.070703,-0.087891,0
132.5696,608.203125,10.069153,-0.087891,0
132.5848,608.115234,10.067603,-0.087891,0
132.6002,608.027344,10.066052,-0.087891,0
132.6155,608.027344,10.066052,0.000000,0
132.6307,607.939453,10.064502,-0.087891,0
132.6460,607.851562,10.062952,-0.087891,0
132.6612,607.763672,10.061401,-0.087891,0
132.6764,607.763672,10.061401,0.000000,0
132.6920,607.675781,10.059851,-0.087891,0
132.7078,607.587891,10.058301,-0.087891,0
132.7230,607.500000,10.056750,-0.087891,0
132.7382,607.412109,10.055200,-0.087891,0
132.7534,607.412109,10.055200,0.000000,0
132.7686,607.236328,10.052100,-0.175781,0
132.7840,607.236328,10.052100,0.000000,0
132.7992,607.148438,10.050549,-0.087891,0
132.8145,607.060547,10.048999,-0.087891,0
132.8297,606.972656,10.047449,-0.087891,0
132.8450,606.884766,10.045898,-0.087891,0
132.8602,606.796875,10.044348,-0.087891,0
132.8754,606.708984,10.042798,-0.087891,0
132.8907,606.708984,10.042798,0.000000,0
132.9059,606.621094,10.041248,-0.087891,0
132.9211,606.621094,10.041248,0.000000,0
132.9363,606.445312,10.038147,-0.175781,0
132.9515,606.357422,10.036597,-0.087891,0
132.9667,606.357422,10.036597,0.000000,0
132.9820,606.269531,10.035046,-0.087891,0
132.9972,606.181641,10.033496,-0.087891,0
133.0124,606.093750,10.031946,-0.087891,0
133.0276,606.005859,10.030396,-0.087891,0
133.0430,605.917969,10.028845,-0.087891,0
133.0582,605.830078,10.027295,-0.087891,0
133.0735,605.742188,10.025745,-0.087891,0
133.0891,605.654297,10.024194,-0.087891,0
133.1043,605.566406,10.022644,-0.087891,0
133.1195,605.566406,10.022644,0.000000,0
133.1348,605.478516,10.021094,-0.087891,0
133.1500,605.390625,10.019543,-0.087891,0
133.1652,605.302734,10.017993,-0.087891,0
133.1804,605.214844,10.016443,-0.087891,0
133.1956,605.214844,10.016443,0.000000,0
133.2109,605.126953,10.014893,-0.087891,0
133.2261,605.039062,10.013342,-0.087891,0
133.2414,604.951172,10.011792,-0.087891,0
133.2571,604.863281,10.010242,-0.087891,0
133.2723,604.775391,10.008691,-0.087891,0
133.2875,604.775391,10.008691,0.000000,0
133.3027,604.687500,10.007141,-0.087891,0
133.3186,604.599609,10.005591,-0.087891,0
133.3338,604.599609,10.005591,0.000000,0
133.3491,604.511719,10.004041,-0.087891,0
133.3643,604.511719,10.004041,0.000000,0
133.3795,604.423828,10.002490,-0.087891,0
133.3947,604.335938,10.000940,-0.087891,0
133.4099,604.248047,9.999390,-0.087891,0
133.4251,604.160156,9.997839,-0.087891,0
133.4404,604.072266,9.996289,-0.087891,0
133.4556,604.072266,9.996289,0.000000,0
133.4708,603.984375,9.994739,-0.087891,0
133.4860,603.896484,9.993188,-0.087891,0
133.5013,603.896484,9.993188,0.000000,0
133.5172,603.808594,9.991638,-0.087891,0
133.5324,603.720703,9.990088,-0.087891,0
133.5477,603.632812,9.988538,-0.087891,0
133.5629,603.544922,9.986987,-0.087891,0
133.5783,603.457031,9.985437,-0.087891,0
133.5935,603.369141,9.983887,-0.087891,0
133.6089,603.281250,9.982336,-0.087891,0
133.6241,603.281250,9.982336,0.000000,0
133.6393,603.105469,9.979236,-0.175781,0
133.6546,603.017578,9.977686,-0.087891,0
133.6698,603.017578,9.977686,0.000000,0
133.6850,603.017578,9.977686,0.000000,0
133.7002,602.929688,9.976135,-0.087891,0
133.7157,602.841797,9.974585,-0.087891,0
133.7309,602.753906,9.973035,-0.087891,0
133.7461,602.666016,9.971484,-0.087891,0
133.7613,602.578125,9.969934,-0.087891,0
133.7766,602.490234,9.968384,-0.087891,0
133.7919,602.402344,9.966833,-0.087891,0
133.8071,602.314453,9.965283,-0.087891,0
133.8223,602.226562,9.963733,-0.087891,0
133.8378,602.138672,9.962183,-0.087891,0
133.8531,602.138672,9.962183,0.000000,0
133.8683,601.962891,9.959082,-0.175781,0
133.8835,601.875000,9.957532,-0.087891,0
133.8987,601.875000,9.957532,0.000000,0
133.9141,601.787109,9.955981,-0.087891,0
133.9293,601.699219,9.954431,-0.087891,0
133.9445,601.611328,9.952881,-0.087891,0
133.9598,601.523438,9.951331,-0.087891,0
133.9750,601.435547,9.949780,-0.087891,0
133.9902,601.435547,9.949780,0.000000,0
134.0055,601.347656,9.948230,-0.087891,0
134.0207,601.259766,9.946680,-0.087891,0
134.0359,601.171875,9.945129,-0.087891,0
134.0511,601.171875,9.945129,0.000000,0
134.0664,601.083984,9.943579,-0.087891,0
134.0816,600.996094,9.942029,-0.087891,0
134.0968,600.996094,9.942029,0.000000,0
134.1121,600.820312,9.938928,-0.175781,0
134.1273,600.820312,9.938928,0.000000,0
134.1425,600.732422,9.937378,-0.087891,0
134.1582,600.732422,9.937378,0.000000,0
134.1734,600.644531,9.935828,-0.087891,0
134.1886,600.556641,9.934277,-0.087891,0
134.2038,600.468750,9.932727,-0.087891,0
134.2190,600.468750,9.932727,0.000000,0
134.2342,600.380859,9.931177,-0.087891,0
134.2494,600.292969,9.929626,-0.087891,0
134.2647,600.292969,9.929626,0.000000,0
134.2799,600.205078,9.928076,-0.087891,0
134.2951,600.117188,9.926526,-0.087891,0
134.3103,600.029297,9.924976,-0.087891,0
134.3256,599.941406,9.923425,-0.087891,0
134.3408,599.853516,9.921875,-0.087891,0
134.3560,599.765625,9.920325,-0.087891,0
134.3714,599.677734,9.918774,-0.087891,0
134.3866,599.677734,9.918774,0.000000,0
134.4023,599.589844,9.917224,-0.087891,0
134.4176,599.501953,9.915674,-0.087891,0
134.4328,599.414062,9.914124,-0.087891,0
134.4480,599.326172,9.912573,-0.087891,0
134.4633,599.238281,9.911023,-0.087891,0
134.4789,599.150391,9.909473,-0.087891,0
134.4941,599.150391,9.909473,0.000000,0
134.5093,599.062500,9.907922,-0.087891,0
134.5245,599.062500,9.907922,0.000000,0
134.5398,598.974609,9.906372,-0.087891,0
134.5552,598.886719,9.904822,-0.087891,0
134.5705,598.798828,9.903271,-0.087891,0
134.5857,598.710938,9.901721,-0.087891,0
134.6010,598.623047,9.900171,-0.087891,0
134.6162,598.535156,9.898621,-0.087891,0
134.6314,598.535156,9.898621,0.000000,0
134.6466,598.359375,9.895520,-0.175781,0
134.6621,598.271484,9.893970,-0.087891,0
134.6776,598.183594,9.892419,-0.087891,0
134.6928,598.095703,9.890869,-0.087891,0
134.7080,598.007812,9.889319,-0.087891,0
134.7233,597.919922,9.887769,-0.087891,0
134.7385,597.832031,9.886218,-0.087891,0
134.7537,597.832031,9.886218,0.000000,0
134.7689,597.744141,9.884668,-0.087891,0
134.7841,597.656250,9.883118,-0.087891,0
134.7994,597.656250,9.883118,0.000000,0
134.8146,597.568359,9.881567,-0.087891,0
134.8298,597.480469,9.880017,-0.087891,0
134.8452,597.392578,9.878467,-0.087891,0
134.8606,597.304688,9.876917,-0.087891,0
134.8758,597.216797,9.875366,-0.087891,0
134.8910,597.128906,9.873816,-0.087891,0
134.9062,597.128906,9.873816,0.000000,0
134.9215,597.128906,9.873816,0.000000,0
134.9367,597.041016,9.872266,-0.087891,0
134.9519,596.953125,9.870715,-0.087891,0
134.9672,596.865234,9.869165,-0.087891,0
134.9826,596.777344,9.867615,-0.087891,0
134.9979,596.777344,9.867615,0.000000,0
135.0133,596.689453,9.866064,-0.087891,0
135.0285,596.601562,9.864514,-0.087891,0
135.0437,596.601562,9.864514,0.000000,0
135.0589,596.513672,9.862964,-0.087891,0
135.0742,596.425781,9.861414,-0.087891,0
135.0894,596.337891,9.859863,-0.087891,0
135.1046,596.337891,9.859863,0.000000,0
135.1198,596.162109,9.856763,-0.175781,0
135.1350,596.162109,9.856763,0.000000,0
135.1503,596.074219,9.855212,-0.087891,0
135.1658,595.986328,9.853662,-0.087891,0
135.1810,595.898438,9.852112,-0.087891,0
135.1965,595.810547,9.850562,-0.087891,0
135.2117,595.722656,9.849011,-0.087891,0
135.2269,595.722656,9.849011,0.000000,0
135.2421,595.634766,9.847461,-0.087891,0
135.2573,595.546875,9.845911,-0.087891,0
135.2726,595.458984,9.844360,-0.087891,0
135.2878,595.371094,9.842810,-0.087891,0
135.3031,595.371094,9.842810,0.000000,0
135.3183,595.283203,9.841260,-0.087891,0
135.3335,595.283203,9.841260,0.000000,0
135.3487,595.195312,9.839709,-0.087891,0
135.3640,595.107422,9.838159,-0.087891,0
135.3793,594.931641,9.835059,-0.175781,0
135.3945,594.931641,9.835059,0.000000,0
135.4097,594.755859,9.831958,-0.175781,0
135.4249,594.755859,9.831958,0.000000,0
135.4402,594.667969,9.830408,-0.087891,0
135.4554,594.580078,9.828857,-0.087891,0
135.4707,594.580078,9.828857,0.000000,0
135.4859,594.404297,9.825757,-0.175781,0
135.5011,594.316406,9.824207,-0.087891,0
135.5163,594.228516,9.822656,-0.087891,0
135.5318,594.140625,9.821106,-0.087891,0
135.5470,594.052734,9.819556,-0.087891,0
135.5623,594.052734,9.819556,0.000000,0
135.5775,593.876953,9.816455,-0.175781,0
135.5927,593.876953,9.816455,0.000000,0
135.6080,593.789062,9.814905,-0.087891,0
135.6232,593.701172,9.813354,-0.087891,0
135.6385,593.613281,9.811804,-0.087891,0
135.6537,593.525391,9.810254,-0.087891,0
135.6689,593.525391,9.810254,0.000000,0
135.6842,593.437500,9.808704,-0.087891,0
135.6994,593.437500,9.808704,0.000000,0
135.7146,593.349609,9.807153,-0.087891,0
135.7299,593.261719,9.805603,-0.087891,0
135.7451,593.173828,9.804053,-0.087891,0
135.7603,593.173828,9.804053,0.000000,0
135.7755,593.085938,9.802502,-0.087891,0
135.7908,592.998047,9.800952,-0.087891,0
135.8060,592.998047,9.800952,0.000000,0
135.8212,592.910156,9.799402,-0.087891,0
135.8366,592.822266,9.797852,-0.087891,0
135.8519,592.734375,9.796301,-0.087891,0
135.8671,592.734375,9.796301,0.000000,0
135.8824,592.558594,9.793201,-0.175781,0
135.8976,592.558594,9.793201,0.000000,0
135.9128,592.470703,9.791650,-0.087891,0
135.9281,592.382812,9.790100,-0.087891,0
135.9444,592.294922,9.788550,-0.087891,0
135.9597,592.294922,9.788550,0.000000,0
135.9749,592.207031,9.787000,-0.087891,0
135.9901,592.119141,9.785449,-0.087891,0
136.0053,592.031250,9.783899,-0.087891,0
136.0205,591.943359,9.782349,-0.087891,0
136.0358,591.943359,9.782349,0.000000,0
136.0510,591.855469,9.780798,-0.087891,0
136.0662,591.767578,9.779248,-0.087891,0
136.0815,591.679688,9.777698,-0.087891,0
136.0967,591.591797,9.776147,-0.087891,0
136.1120,591.503906,9.774597,-0.087891,0
136.1274,591.503906,9.774597,0.000000,0
136.1426,591.416016,9.773047,-0.087891,0
136.1578,591.328125,9.771497,-0.087891,0
136.1738,591.240234,9.769946,-0.087891,0
136.1891,591.152344,9.768396,-0.087891,0
136.2044,591.152344,9.768396,0.000000,0
136.2196,590.976562,9.765295,-0.175781,0
136.2348,590.976562,9.765295,0.000000,0
136.2500,590.888672,9.763745,-0.087891,0
136.2658,590.800781,9.762195,-0.087891,0
136.2812,590.712891,9.760645,-0.087891,0
136.2965,590.625000,9.759094,-0.087891,0
136.3117,590.537109,9.757544,-0.087891,0
136.3269,590.449219,9.755994,-0.087891,0
136.3421,590.361328,9.754443,-0.087891,0
136.3573,590.273438,9.752893,-0.087891,0
136.3727,590.185547,9.751343,-0.087891,0
136.3881,590.097656,9.749792,-0.087891,0
136.4034,590.009766,9.748242,-0.087891,0
136.4186,589.921875,9.746692,-0.087891,0
136.4338,589.921875,9.746692,0.000000,0
136.4491,589.833984,9.745142,-0.087891,0
136.4643,589.746094,9.743591,-0.087891,0
136.4797,589.658203,9.742041,-0.087891,0
136.4949,589.658203,9.742041,0.000000,0
136.5101,589.570312,9.740491,-0.087891,0
136.5253,589.482422,9.738940,-0.087891,0
136.5411,589.482422,9.738940,0.000000,0
136.5564,589.394531,9.737390,-0.087891,0
136.5717,589.306641,9.735840,-0.087891,0
136.5872,589.218750,9.734290,-0.087891,0
136.6024,589.218750,9.734290,0.000000,0
136.6177,589.130859,9.732739,-0.087891,0
136.6329,589.042969,9.731189,-0.087891,0
136.6481,589.042969,9.731189,0.000000,0
136.6633,588.955078,9.729639,-0.087891,0
136.6785,588.867188,9.728088,-0.087891,0
136.6937,588.779297,9.726538,-0.087891,0
136.7090,588.779297,9.726538,0.000000,0
136.7242,588.691406,9.724988,-0.087891,0
136.7393,588.603516,9.723438,-0.087891,0
136.7546,588.515625,9.721887,-0.087891,0
136.7699,588.515625,9.721887,0.000000,0
136.7852,588.427734,9.720337,-0.087891,0
136.8004,588.339844,9.718787,-0.087891,0
136.8156,588.251953,9.717236,-0.087891,0
136.8308,588.164062,9.715686,-0.087891,0
136.8460,588.076172,9.714136,-0.087891,0
136.8613,587.988281,9.712585,-0.087891,0
136.8765,587.900391,9.711035,-0.087891,0
136.8919,587.900391,9.711035,0.000000,0
136.9071,587.812500,9.709485,-0.087891,0
136.9223,587.724609,9.707935,-0.087891,0
136.9375,587.636719,9.706384,-0.087891,0
136.9527,587.636719,9.706384,0.000000,0
136.9679,587.548828,9.704834,-0.087891,0
136.9831,587.460938,9.703284,-0.087891,0
136.9985,587.373047,9.701733,-0.087891,0
137.0137,587.285156,9.700183,-0.087891,0
137.0289,587.197266,9.698633,-0.087891,0
137.0441,587.109375,9.697083,-0.087891,0
137.0595,587.109375,9.697083,0.000000,0
137.0747,587.021484,9.695532,-0.087891,0
137.0900,586.933594,9.693982,-0.087891,0
137.1055,586.845703,9.692432,-0.087891,0
137.1207,586.757812,9.690881,-0.087891,0
137.1359,586.669922,9.689331,-0.087891,0
137.1512,586.582031,9.687781,-0.087891,0
137.1664,586.494141,9.686230,-0.087891,0
137.1818,586.406250,9.684680,-0.087891,0
137.1970,586.318359,9.683130,-0.087891,0
137.2132,586.230469,9.681580,-0.087891,0
137.2284,586.230469,9.681580,0.000000,0
137.2437,586.054688,9.678479,-0.175781,0
137.2592,586.054688,9.678479,0.000000,0
137.2746,585.966797,9.676929,-0.087891,0
137.2898,585.878906,9.675378,-0.087891,0
137.3053,585.878906,9.675378,0.000000,0
137.3206,585.791016,9.673828,-0.087891,0
137.3358,585.703125,9.672278,-0.087891,0
137.3510,585.615234,9.670728,-0.087891,0
137.3663,585.615234,9.670728,0.000000,0
137.3815,585.439453,9.667627,-0.175781,0
137.3967,585.439453,9.667627,0.000000,0
137.4119,585.351562,9.666077,-0.087891,0
137.4271,585.351562,9.666077,0.000000,0
137.4424,585.263672,9.664526,-0.087891,0
137.4576,585.175781,9.662976,-0.087891,0
137.4729,585.175781,9.662976,0.000000,0
137.4882,585.087891,9.661426,-0.087891,0
137.5034,585.000000,9.659875,-0.087891,0
137.5186,584.824219,9.656775,-0.175781,0
137.5339,584.824219,9.656775,0.000000,0
137.5492,584.736328,9.655225,-0.087891,0
137.5644,584.736328,9.655225,0.000000,0
137.5796,584.560547,9.652124,-0.175781,0
137.5948,584.560547,9.652124,0.000000,0
137.6100,584.472656,9.650574,-0.087891,0
137.6253,584.384766,9.649023,-0.087891,0
137.6407,584.384766,9.649023,0.000000,0
137.6559,584.208984,9.645923,-0.175781,0
137.6711,584.208984,9.645923,0.000000,0
137.6863,584.121094,9.644373,-0.087891,0
137.7016,584.033203,9.642822,-0.087891,0
137.7168,583.945312,9.641272,-0.087891,0
137.7321,583.945312,9.641272,0.000000,0
137.7473,583.857422,9.639722,-0.087891,0
137.7626,583.769531,9.638171,-0.087891,0
137.7778,583.681641,9.636621,-0.087891,0
137.7931,583.593750,9.635071,-0.087891,0
137.8083,583.593750,9.635071,0.000000,0
137.8235,583.505859,9.633521,-0.087891,0
137.8388,583.417969,9.631970,-0.087891,0
137.8540,583.330078,9.630420,-0.087891,0
137.8692,583.242188,9.628870,-0.087891,0
137.8844,583.154297,9.627319,-0.087891,0
137.8997,583.066406,9.625769,-0.087891,0
137.9150,582.978516,9.624219,-0.087891,0
137.9303,582.890625,9.622668,-0.087891,0
137.9456,582.802734,9.621118,-0.087891,0
137.9612,582.714844,9.619568,-0.087891,0
137.9764,582.626953,9.618018,-0.087891,0
137.9916,582.626953,9.618018,0.000000,0
138.0069,582.539062,9.616467,-0.087891,0
138.0227,582.363281,9.613367,-0.175781,0
138.0379,582.363281,9.613367,0.000000,0
138.0531,582.275391,9.611816,-0.087891,0
138.0683,582.275391,9.611816,0.000000,0
138.0836,582.099609,9.608716,-0.175781,0
138.0989,582.099609,9.608716,0.000000,0
138.1147,582.011719,9.607166,-0.087891,0
138.1301,581.923828,9.605615,-0.087891,0
138.1453,581.835938,9.604065,-0.087891,0
138.1606,581.835938,9.604065,0.000000,0
138.1759,581.748047,9.602515,-0.087891,0
138.1912,581.660156,9.600964,-0.087891,0
138.2065,581.660156,9.600964,0.000000,0
138.2217,581.572266,9.599414,-0.087891,0
138.2369,581.572266,9.599414,0.000000,0
138.2521,581.396484,9.596313,-0.175781,0
138.2673,581.396484,9.596313,0.000000,0
138.2825,581.308594,9.594763,-0.087891,0
138.2978,581.220703,9.593213,-0.087891,0
138.3130,581.132812,9.591663,-0.087891,0
138.3283,581.132812,9.591663,0.000000,0
138.3435,581.044922,9.590112,-0.087891,0
138.3587,580.957031,9.588562,-0.087891,0
138.3740,580.957031,9.588562,0.000000,0
138.3892,580.869141,9.587012,-0.087891,0
138.4044,580.781250,9.585461,-0.087891,0
138.4196,580.693359,9.583911,-0.087891,0
138.4349,580.605469,9.582361,-0.087891,0
138.4501,580.517578,9.580811,-0.087891,0
138.4653,580.517578,9.580811,0.000000,0
138.4805,580.429688,9.579260,-0.087891,0
138.4957,580.341797,9.577710,-0.087891,0
138.5110,580.253906,9.576160,-0.087891,0
138.5262,580.253906,9.576160,0.000000,0
138.5417,580.253906,9.576160,0.000000,0
138.5569,580.166016,9.574609,-0.087891,0
138.5721,580.166016,9.574609,0.000000,0
138.5874,579.990234,9.571509,-0.175781,0
138.6038,579.990234,9.571509,0.000000,0
138.6191,579.902344,9.569958,-0.087891,0
138.6345,579.902344,9.569958,0.000000,0
138.6497,579.814453,9.568408,-0.087891,0
138.6649,579.726562,9.566858,-0.087891,0
138.6802,579.550781,9.563757,-0.175781,0
138.6959,579.550781,9.563757,0.000000,0
138.7111,579.462891,9.562207,-0.087891,0
138.7264,579.375000,9.560657,-0.087891,0
138.7417,579.287109,9.559106,-0.087891,0
138.7569,579.199219,9.557556,-0.087891,0
138.7721,579.199219,9.557556,0.000000,0
138.7873,579.111328,9.556006,-0.087891,0
138.8026,579.023438,9.554456,-0.087891,0
138.8178,579.023438,9.554456,0.000000,0
138.8330,578.935547,9.552905,-0.087891,0
138.8482,578.847656,9.551355,-0.087891,0
138.8635,578.759766,9.549805,-0.087891,0
138.8788,578.671875,9.548254,-0.087891,0
138.8940,578.671875,9.548254,0.000000,0
138.9096,578.671875,9.548254,0.000000,0
138.9248,578.583984,9.546704,-0.087891,0
138.9400,578.496094,9.545154,-0.087891,0
138.9553,578.408203,9.543604,-0.087891,0
138.9705,578.408203,9.543604,0.000000,0
138.9857,578.320312,9.542053,-0.087891,0
139.0013,578.320312,9.542053,0.000000,0
139.0166,578.144531,9.538953,-0.175781,0
139.0318,578.144531,9.538953,0.000000,0
139.0470,578.056641,9.537402,-0.087891,0
139.0622,577.968750,9.535852,-0.087891,0
139.0775,577.880859,9.534302,-0.087891,0
139.0927,577.880859,9.534302,0.000000,0
139.1079,577.792969,9.532751,-0.087891,0
139.1231,577.705078,9.531201,-0.087891,0
139.1383,577.617188,9.529651,-0.087891,0
139.1536,577.529297,9.528101,-0.087891,0
139.1688,577.441406,9.526550,-0.087891,0
139.1840,577.353516,9.525000,-0.087891,0
139.1993,577.353516,9.525000,0.000000,0
139.2145,577.265625,9.523450,-0.087891,0
139.2297,577.177734,9.521899,-0.087891,0
139.2449,577.089844,9.520349,-0.087891,0
139.2601,577.001953,9.518799,-0.087891,0
139.2754,577.001953,9.518799,0.000000,0
139.2906,576.914062,9.517249,-0.087891,0
139.3058,576.826172,9.515698,-0.087891,0
139.3210,576.738281,9.514148,-0.087891,0
139.3363,576.650391,9.512598,-0.087891,0
139.3515,576.562500,9.511047,-0.087891,0
139.3667,576.474609,9.509497,-0.087891,0
139.3819,576.386719,9.507947,-0.087891,0
139.3971,576.386719,9.507947,0.000000,0
139.4124,576.210938,9.504846,-0.175781,0
139.4277,576.123047,9.503296,-0.087891,0
139.4430,576.035156,9.501746,-0.087891,0
139.4582,575.947266,9.500195,-0.087891,0
139.4734,575.947266,9.500195,0.000000,0
139.4886,575.771484,9.497095,-0.175781,0
139.5040,575.771484,9.497095,0.000000,0
139.5193,575.683594,9.495544,-0.087891,0
139.5346,575.595703,9.493994,-0.087891,0
139.5498,575.507812,9.492444,-0.087891,0
139.5651,575.419922,9.490894,-0.087891,0
139.5804,575.332031,9.489343,-0.087891,0
139.5956,575.332031,9.489343,0.000000,0
139.6108,575.244141,9.487793,-0.087891,0
139.6261,575.156250,9.486243,-0.087891,0
139.6415,575.156250,9.486243,0.000000,0
139.6567,575.068359,9.484692,-0.087891,0
139.6719,574.980469,9.483142,-0.087891,0
139.6871,574.892578,9.481592,-0.087891,0
139.7023,574.892578,9.481592,0.000000,0
139.7177,574.804688,9.480042,-0.087891,0
139.7330,574.716797,9.478491,-0.087891,0
139.7483,574.628906,9.476941,-0.087891,0
139.7635,574.628906,9.476941,0.000000,0
139.7787,574.541016,9.475391,-0.087891,0
139.7939,574.453125,9.473840,-0.087891,0
139.8091,574.365234,9.472290,-0.087891,0
139.8244,574.277344,9.470740,-0.087891,0
139.8396,574.189453,9.469189,-0.087891,0
139.8548,574.101562,9.467639,-0.087891,0
139.8701,574.101562,9.467639,0.000000,0
139.8853,573.925781,9.464539,-0.175781,0
139.9006,573.925781,9.464539,0.000000,0
139.9158,573.837891,9.462988,-0.087891,0
139.9310,573.750000,9.461438,-0.087891,0
139.9462,573.662109,9.459888,-0.087891,0
139.9615,573.574219,9.458337,-0.087891,0
139.9767,573.486328,9.456787,-0.087891,0
139.9919,573.486328,9.456787,0.000000,0
140.0071,573.398438,9.455237,-0.087891,0
140.0224,573.310547,9.453687,-0.087891,0
140.0377,573.222656,9.452136,-0.087891,0
140.0529,573.134766,9.450586,-0.087891,0
140.0681,573.046875,9.449036,-0.087891,0
140.0834,572.871094,9.445935,-0.175781,0
140.0987,572.871094,9.445935,0.000000,0
140.1139,572.871094,9.445935,0.000000,0
140.1291,572.695312,9.442834,-0.175781,0
140.1443,572.607422,9.441284,-0.087891,0
140.1595,572.519531,9.439734,-0.087891,0
140.1747,572.431641,9.438184,-0.087891,0
140.1899,572.343750,9.436633,-0.087891,0
140.2062,572.255859,9.435083,-0.087891,0
140.2216,572.080078,9.431982,-0.175781,0
140.2369,572.080078,9.431982,0.000000,0
140.2521,571.992188,9.430432,-0.087891,0
140.2674,571.904297,9.428882,-0.087891,0
140.2826,571.816406,9.427332,-0.087891,0
140.2978,571.728516,9.425781,-0.087891,0
140.3131,571.728516,9.425781,0.000000,0
140.3284,571.640625,9.424231,-0.087891,0
140.3436,571.552734,9.422681,-0.087891,0
140.3588,571.464844,9.421130,-0.087891,0
140.3741,571.464844,9.421130,0.000000,0
140.3893,571.376953,9.419580,-0.087891,0
140.4045,571.289062,9.418030,-0.087891,0
140.4197,571.201172,9.416479,-0.087891,0
140.4349,571.113281,9.414929,-0.087891,0
140.4502,571.113281,9.414929,0.000000,0
140.4654,571.025391,9.413379,-0.087891,0
140.4806,571.025391,9.413379,0.000000,0
140.4958,570.937500,9.411829,-0.087891,0
140.5111,570.849609,9.410278,-0.087891,0
140.5263,570.761719,9.408728,-0.087891,0
140.5415,570.673828,9.407178,-0.087891,0
140.5567,570.585938,9.405627,-0.087891,0
140.5719,570.585938,9.405627,0.000000,0
140.5873,570.498047,9.404077,-0.087891,0
140.6025,570.410156,9.402527,-0.087891,0
140.6177,570.322266,9.400977,-0.087891,0
140.6336,570.234375,9.399426,-0.087891,0
140.6488,570.146484,9.397876,-0.087891,0
140.6641,570.058594,9.396326,-0.087891,0
140.6793,570.058594,9.396326,0.000000,0
140.6946,569.970703,9.394775,-0.087891,0
140.7098,569.882812,9.393225,-0.087891,0
140.7251,569.794922,9.391675,-0.087891,0
140.7403,569.707031,9.390125,-0.087891,0
140.7555,569.707031,9.390125,0.000000,0
140.7707,569.619141,9.388574,-0.087891,0
140.7859,569.531250,9.387024,-0.087891,0
140.8013,569.443359,9.385474,-0.087891,0
140.8165,569.355469,9.383923,-0.087891,0
140.8318,569.355469,9.383923,0.000000,0
140.8470,569.267578,9.382373,-0.087891,0
140.8622,569.179688,9.380823,-0.087891,0
140.8775,569.091797,9.379272,-0.087891,0
140.8927,569.003906,9.377722,-0.087891,0
140.9079,568.916016,9.376172,-0.087891,0
140.9231,568.828125,9.374622,-0.087891,0
140.9384,568.740234,9.373071,-0.087891,0
140.9537,568.564453,9.369971,-0.175781,0
140.9689,568.564453,9.369971,0.000000,0
140.9841,568.476562,9.368420,-0.087891,0
140.9994,568.388672,9.366870,-0.087891,0
141.0146,568.300781,9.365320,-0.087891,0
141.0299,568.212891,9.363770,-0.087891,0
141.0452,568.212891,9.363770,0.000000,0
141.0604,568.125000,9.362219,-0.087891,0
141.0756,568.037109,9.360669,-0.087891,0
141.0908,567.949219,9.359119,-0.087891,0
141.1060,567.949219,9.359119,0.000000,0
141.1212,567.773438,9.356018,-0.175781,0
141.1365,567.685547,9.354468,-0.087891,0
141.1520,567.685547,9.354468,0.000000,0
141.1673,567.597656,9.352917,-0.087891,0
141.1825,567.597656,9.352917,0.000000,0
141.1985,567.509766,9.351367,-0.087891,0
141.2137,567.421875,9.349817,-0.087891,0
141.2289,567.333984,9.348267,-0.087891,0
141.2442,567.333984,9.348267,0.000000,0
141.2595,567.246094,9.346716,-0.087891,0
141.2747,567.158203,9.345166,-0.087891,0
141.2901,567.070312,9.343616,-0.087891,0
141.3053,567.070312,9.343616,0.000000,0
141.3205,566.982422,9.342065,-0.087891,0
141.3358,566.894531,9.340515,-0.087891,0
141.3511,566.806641,9.338965,-0.087891,0
141.3663,566.806641,9.338965,0.000000,0
141.3815,566.718750,9.337415,-0.087891,0
141.3969,566.630859,9.335864,-0.087891,0
141.4121,566.542969,9.334314,-0.087891,0
141.4273,566.455078,9.332764,-0.087891,0
141.4426,566.367188,9.331213,-0.087891,0
141.4578,566.367188,9.331213,0.000000,0
141.4730,566.279297,9.329663,-0.087891,0
141.4882,566.191406,9.328113,-0.087891,0
141.5035,566.103516,9.326563,-0.087891,0
141.5188,565.927734,9.323462,-0.175781,0
141.5340,565.927734,9.323462,0.000000,0
141.5492,565.839844,9.321912,-0.087891,0
141.5644,565.839844,9.321912,0.000000,0
141.5796,565.751953,9.320361,-0.087891,0
141.5948,565.664062,9.318811,-0.087891,0
141.6103,565.576172,9.317261,-0.087891,0
141.6255,565.488281,9.315710,-0.087891,0
141.6408,565.488281,9.315710,0.000000,0
141.6560,565.312500,9.312610,-0.175781,0
141.6713,565.224609,9.311060,-0.087891,0
141.6865,565.136719,9.309509,-0.087891,0
141.7019,565.048828,9.307959,-0.087891,0
141.7171,565.048828,9.307959,0.000000,0
141.7324,564.873047,9.304858,-0.175781,0
141.7476,564.873047,9.304858,0.000000,0
141.7628,564.697266,9.301758,-0.175781,0
141.7780,564.697266,9.301758,0.000000,0
141.7932,564.609375,9.300208,-0.087891,0
141.8085,564.521484,9.298657,-0.087891,0
141.8237,564.433594,9.297107,-0.087891,0
141.8390,564.345703,9.295557,-0.087891,0
141.8543,564.345703,9.295557,0.000000,0
141.8695,564.257812,9.294006,-0.087891,0
141.8847,564.257812,9.294006,0.000000,0
141.8999,564.082031,9.290906,-0.175781,0
141.9162,564.082031,9.290906,0.000000,0
141.9314,563.994141,9.289355,-0.087891,0
141.9466,563.906250,9.287805,-0.087891,0
141.9618,563.906250,9.287805,0.000000,0
141.9772,563.818359,9.286255,-0.087891,0
141.9924,563.730469,9.284705,-0.087891,0
142.0076,563.730469,9.284705,0.000000,0
142.0232,563.642578,9.283154,-0.087891,0
142.0384,563.554688,9.281604,-0.087891,0
142.0537,563.466797,9.280054,-0.087891,0
142.0690,563.466797,9.280054,0.000000,0
142.0842,563.378906,9.278503,-0.087891,0
142.0994,563.291016,9.276953,-0.087891,0
142.1146,563.203125,9.275403,-0.087891,0
142.1298,563.115234,9.273853,-0.087891,0
142.1451,563.115234,9.273853,0.000000,0
142.1603,563.027344,9.272302,-0.087891,0
142.1755,563.027344,9.272302,0.000000,0
142.1907,562.851562,9.269202,-0.175781,0
142.2059,562.763672,9.267651,-0.087891,0
142.2218,562.675781,9.266101,-0.087891,0
142.2370,562.675781,9.266101,0.000000,0
142.2523,562.587891,9.264551,-0.087891,0
142.2675,562.500000,9.263000,-0.087891,0
142.2827,562.500000,9.263000,0.000000,0
142.2981,562.324219,9.259900,-0.175781,0
142.3133,562.324219,9.259900,0.000000,0
142.3285,562.148438,9.256799,-0.175781,0
142.3437,562.148438,9.256799,0.000000,0
142.3591,562.060547,9.255249,-0.087891,0
142.3743,562.060547,9.255249,0.000000,0
142.3895,561.972656,9.253699,-0.087891,0
142.4047,561.884766,9.252148,-0.087891,0
142.4199,561.796875,9.250598,-0.087891,0
142.4352,561.708984,9.249048,-0.087891,0
142.4504,561.708984,9.249048,0.000000,0
142.4656,561.533203,9.245947,-0.175781,0
142.4808,561.533203,9.245947,0.000000,0
142.4961,561.357422,9.242847,-0.175781,0
142.5114,561.357422,9.242847,0.000000,0
142.5266,561.269531,9.241296,-0.087891,0
142.5419,561.181641,9.239746,-0.087891,0
142.5571,561.093750,9.238196,-0.087891,0
142.5723,561.005859,9.236646,-0.087891,0
142.5876,560.917969,9.235095,-0.087891,0
142.6028,560.830078,9.233545,-0.087891,0
142.6184,560.742188,9.231995,-0.087891,0
142.6344,560.654297,9.230444,-0.087891,0
142.6498,560.654297,9.230444,0.000000,0
142.6651,560.566406,9.228894,-0.087891,0
142.6803,560.478516,9.227344,-0.087891,0
142.6955,560.390625,9.225793,-0.087891,0
142.7109,560.390625,9.225793,0.000000,0
142.7261,560.302734,9.224243,-0.087891,0
142.7413,560.214844,9.222693,-0.087891,0
142.7566,560.126953,9.221143,-0.087891,0
142.7718,560.126953,9.221143,0.000000,0
142.7870,560.039062,9.219592,-0.087891,0
142.8022,559.951172,9.218042,-0.087891,0
142.8174,559.951172,9.218042,0.000000,0
142.8326,559.863281,9.216492,-0.087891,0
142.8479,559.863281,9.216492,0.000000,0
142.8631,559.775391,9.214941,-0.087891,0
142.8783,559.687500,9.213391,-0.087891,0
142.8935,559.599609,9.211841,-0.087891,0
142.9087,559.511719,9.210291,-0.087891,0
142.9240,559.423828,9.208740,-0.087891,0
142.9394,559.423828,9.208740,0.000000,0
142.9546,559.335938,9.207190,-0.087891,0
142.9698,559.248047,9.205640,-0.087891,0
142.9851,559.248047,9.205640,0.000000,0
143.0003,559.072266,9.202539,-0.175781,0
143.0155,559.072266,9.202539,0.000000,0
143.0307,558.984375,9.200989,-0.087891,0
143.0459,558.896484,9.199438,-0.087891,0
143.0612,558.808594,9.197888,-0.087891,0
143.0764,558.808594,9.197888,0.000000,0
143.0916,558.632812,9.194788,-0.175781,0
143.1069,558.632812,9.194788,0.000000,0
143.1221,558.457031,9.191687,-0.175781,0
143.1373,558.457031,9.191687,0.000000,0
143.1525,558.457031,9.191687,0.000000,0
143.1677,558.369141,9.190137,-0.087891,0
143.1830,558.281250,9.188586,-0.087891,0
143.1986,558.193359,9.187036,-0.087891,0
143.2138,558.105469,9.185486,-0.087891,0
143.2290,558.017578,9.183936,-0.087891,0
143.2442,558.017578,9.183936,0.000000,0
143.2596,557.929688,9.182385,-0.087891,0
143.2747,557.841797,9.180835,-0.087891,0
143.2900,557.753906,9.179285,-0.087891,0
143.3052,557.666016,9.177734,-0.087891,0
143.3205,557.578125,9.176184,-0.087891,0
143.3357,557.490234,9.174634,-0.087891,0
143.3513,557.490234,9.174634,0.000000,0
143.3665,557.314453,9.171533,-0.175781,0
143.3817,557.314453,9.171533,0.000000,0
143.3969,557.138672,9.168433,-0.175781,0
143.4121,557.138672,9.168433,0.000000,0
143.4274,557.050781,9.166882,-0.087891,0
143.4426,556.962891,9.165332,-0.087891,0
143.4579,556.875000,9.163782,-0.087891,0
143.4737,556.875000,9.163782,0.000000,0
143.4889,556.699219,9.160681,-0.175781,0
143.5041,556.699219,9.160681,0.000000,0
143.5194,556.611328,9.159131,-0.087891,0
143.5346,556.611328,9.159131,0.000000,0
143.5498,556.523438,9.157581,-0.087891,0
143.5651,556.435547,9.156030,-0.087891,0
143.5806,556.347656,9.154480,-0.087891,0
143.5958,556.259766,9.152930,-0.087891,0
143.6111,556.259766,9.152930,0.000000,0
143.6263,556.171875,9.151379,-0.087891,0
143.6415,556.171875,9.151379,0.000000,0
143.6567,556.083984,9.149829,-0.087891,0
143.6719,555.996094,9.148279,-0.087891,0
143.6872,555.996094,9.148279,0.000000,0
143.7026,555.820312,9.145178,-0.175781,0
143.7178,555.820312,9.145178,0.000000,0
143.7331,555.732422,9.143628,-0.087891,0
143.7483,555.644531,9.142078,-0.087891,0
143.7635,555.556641,9.140527,-0.087891,0
143.7788,555.556641,9.140527,0.000000,0
143.7940,555.380859,9.137427,-0.175781,0
143.8093,555.380859,9.137427,0.000000,0
143.8245,555.292969,9.135876,-0.087891,0
143.8397,555.205078,9.134326,-0.087891,0
143.8549,555.205078,9.134326,0.000000,0
143.8701,555.029297,9.131226,-0.175781,0
143.8853,555.029297,9.131226,0.000000,0
143.9006,554.941406,9.129675,-0.087891,0
143.9158,554.941406,9.129675,0.000000,0
143.9311,554.853516,9.128125,-0.087891,0
143.9463,554.765625,9.126575,-0.087891,0
143.9615,554.677734,9.125024,-0.087891,0
143.9768,554.589844,9.123474,-0.087891,0
143.9920,554.501953,9.121924,-0.087891,0
144.0072,554.414062,9.120374,-0.087891,0
144.0225,554.414062,9.120374,0.000000,0
144.0377,554.238281,9.117273,-0.175781,0
144.0529,554.238281,9.117273,0.000000,0
144.0681,554.062500,9.114172,-0.175781,0
144.0834,554.062500,9.114172,0.000000,0
144.0986,553.886719,9.111072,-0.175781,0
144.1142,553.886719,9.111072,0.000000,0
144.1294,553.710938,9.107971,-0.175781,0
144.1446,553.710938,9.107971,0.000000,0
144.1598,553.623047,9.106421,-0.087891,0
144.1750,553.535156,9.104871,-0.087891,0
144.1903,553.535156,9.104871,0.000000,0
144.2055,553.447266,9.103320,-0.087891,0
144.2221,553.359375,9.101770,-0.087891,0
144.2373,553.271484,9.100220,-0.087891,0
144.2525,553.183594,9.098669,-0.087891,0
144.2679,553.095703,9.097119,-0.087891,0
144.2831,553.095703,9.097119,0.000000,0
144.2985,553.007812,9.095569,-0.087891,0
144.3137,553.007812,9.095569,0.000000,0
144.3290,552.832031,9.092468,-0.175781,0
144.3443,552.832031,9.092468,0.000000,0
144.3595,552.744141,9.090918,-0.087891,0
144.3748,552.744141,9.090918,0.000000,0
144.3901,552.656250,9.089368,-0.087891,0
144.4053,552.568359,9.087817,-0.087891,0
144.4205,552.480469,9.086267,-0.087891,0
144.4357,552.480469,9.086267,0.000000,0
144.4510,552.392578,9.084717,-0.087891,0
144.4662,552.304688,9.083167,-0.087891,0
144.4815,552.304688,9.083167,0.000000,0
144.4967,552.128906,9.080066,-0.175781,0
144.5119,552.128906,9.080066,0.000000,0
144.5271,551.953125,9.076965,-0.175781,0
144.5423,551.953125,9.076965,0.000000,0
144.5576,551.953125,9.076965,0.000000,0
144.5729,551.777344,9.073865,-0.175781,0
144.5881,551.777344,9.073865,0.000000,0
144.6033,551.601562,9.070764,-0.175781,0
144.6186,551.601562,9.070764,0.000000,0
144.6338,551.513672,9.069214,-0.087891,0
144.6490,551.425781,9.067664,-0.087891,0
144.6643,551.337891,9.066113,-0.087891,0
144.6802,551.337891,9.066113,0.000000,0
144.6954,551.250000,9.064563,-0.087891,0
144.7106,551.162109,9.063013,-0.087891,0
144.7258,551.074219,9.061462,-0.087891,0
144.7410,550.986328,9.059912,-0.087891,0
144.7567,550.986328,9.059912,0.000000,0
144.7719,550.810547,9.056812,-0.175781,0
144.7872,550.810547,9.056812,0.000000,0
144.8024,550.722656,9.055261,-0.087891,0
144.8177,550.634766,9.053711,-0.087891,0
144.8329,550.546875,9.052161,-0.087891,0
144.8481,550.458984,9.050610,-0.087891,0
144.8633,550.371094,9.049060,-0.087891,0
144.8786,550.283203,9.047510,-0.087891,0
144.8938,550.195312,9.045959,-0.087891,0
144.9091,550.107422,9.044409,-0.087891,0
144.9242,550.107422,9.044409,0.000000,0
144.9395,550.019531,9.042859,-0.087891,0
144.9547,549.931641,9.041309,-0.087891,0
144.9699,549.843750,9.039758,-0.087891,0
144.9851,549.843750,9.039758,0.000000,0
145.0004,549.667969,9.036658,-0.175781,0
145.0156,549.667969,9.036658,0.000000,0
145.0308,549.580078,9.035107,-0.087891,0
145.0460,549.580078,9.035107,0.000000,0
145.0612,549.492188,9.033557,-0.087891,0
145.0766,549.404297,9.032007,-0.087891,0
145.0921,549.404297,9.032007,0.000000,0
145.1073,549.316406,9.030457,-0.087891,0
145.1226,549.228516,9.028906,-0.087891,0
145.1378,549.140625,9.027356,-0.087891,0
145.1530,549.140625,9.027356,0.000000,0
145.1682,549.052734,9.025806,-0.087891,0
145.1834,548.964844,9.024255,-0.087891,0
145.1987,548.876953,9.022705,-0.087891,0
145.2139,548.876953,9.022705,0.000000,0
145.2291,548.701172,9.019604,-0.175781,0
145.2443,548.701172,9.019604,0.000000,0
145.2596,548.613281,9.018054,-0.087891,0
145.2748,548.525391,9.016504,-0.087891,0
145.2905,548.437500,9.014954,-0.087891,0
145.3057,548.349609,9.013403,-0.087891,0
145.3210,548.349609,9.013403,0.000000,0
145.3362,548.261719,9.011853,-0.087891,0
145.3514,548.173828,9.010303,-0.087891,0
145.3666,548.085938,9.008752,-0.087891,0
145.3818,547.998047,9.007202,-0.087891,0
145.3970,547.998047,9.007202,0.000000,0
145.4123,547.910156,9.005652,-0.087891,0
145.4275,547.910156,9.005652,0.000000,0
145.4427,547.734375,9.002551,-0.175781,0
145.4579,547.734375,9.002551,0.000000,0
145.4731,547.558594,8.999451,-0.175781,0
145.4885,547.558594,8.999451,0.000000,0
145.5038,547.470703,8.997900,-0.087891,0
145.5190,547.382812,8.996350,-0.087891,0
145.5342,547.294922,8.994800,-0.087891,0
145.5494,547.207031,8.993250,-0.087891,0
145.5646,547.119141,8.991699,-0.087891,0
145.5799,547.031250,8.990149,-0.087891,0
145.5952,546.943359,8.988599,-0.087891,0
145.6105,546.855469,8.987048,-0.087891,0
145.6258,546.855469,8.987048,0.000000,0
145.6410,546.679688,8.983948,-0.175781,0
145.6562,546.679688,8.983948,0.000000,0
145.6714,546.591797,8.982397,-0.087891,0
145.6866,546.503906,8.980847,-0.087891,0
145.7019,546.416016,8.979297,-0.087891,0
145.7171,546.416016,8.979297,0.000000,0
145.7323,546.240234,8.976196,-0.175781,0
145.7476,546.240234,8.976196,0.000000,0
145.7629,546.240234,8.976196,0.000000,0
145.7782,546.152344,8.974646,-0.087891,0
145.7935,546.064453,8.973096,-0.087891,0
145.8087,545.976562,8.971545,-0.087891,0
145.8240,545.888672,8.969995,-0.087891,0
145.8393,545.800781,8.968445,-0.087891,0
145.8545,545.800781,8.968445,0.000000,0
145.8697,545.712891,8.966895,-0.087891,0
145.8850,545.712891,8.966895,0.000000,0
145.9002,545.625000,8.965344,-0.087891,0
145.9154,545.537109,8.963794,-0.087891,0
145.9311,545.449219,8.962244,-0.087891,0
145.9463,545.361328,8.960693,-0.087891,0
145.9615,545.361328,8.960693,0.000000,0
145.9767,545.185547,8.957593,-0.175781,0
145.9919,545.185547,8.957593,0.000000,0
146.0074,545.097656,8.956042,-0.087891,0
146.0226,545.097656,8.956042,0.000000,0
146.0378,544.921875,8.952942,-0.175781,0
146.0531,544.921875,8.952942,0.000000,0
146.0683,544.833984,8.951392,-0.087891,0
146.0835,544.746094,8.949841,-0.087891,0
146.0987,544.658203,8.948291,-0.087891,0
146.1140,544.570312,8.946741,-0.087891,0
146.1292,544.570312,8.946741,0.000000,0
146.1444,544.482422,8.945190,-0.087891,0
146.1596,544.394531,8.943640,-0.087891,0
146.1748,544.306641,8.942090,-0.087891,0
146.1901,544.306641,8.942090,0.000000,0
146.2058,544.130859,8.938989,-0.175781,0
146.2211,544.130859,8.938989,0.000000,0
146.2368,543.955078,8.935889,-0.175781,0
146.2520,543.955078,8.935889,0.000000,0
146.2672,543.779297,8.932788,-0.175781,0
146.2825,543.779297,8.932788,0.000000,0
146.2978,543.691406,8.931238,-0.087891,0
146.3130,543.603516,8.929688,-0.087891,0
146.3282,543.515625,8.928137,-0.087891,0
146.3434,543.427734,8.926587,-0.087891,0
146.3586,543.339844,8.925037,-0.087891,0
146.3738,543.251953,8.923486,-0.087891,0
146.3891,543.251953,8.923486,0.000000,0
146.4043,543.164062,8.921936,-0.087891,0
146.4195,543.076172,8.920386,-0.087891,0
146.4347,542.988281,8.918835,-0.087891,0
146.4499,542.900391,8.917285,-0.087891,0
146.4652,542.900391,8.917285,0.000000,0
146.4804,542.812500,8.915735,-0.087891,0
146.4956,542.812500,8.915735,0.000000,0
146.5111,542.724609,8.914185,-0.087891,0
146.5264,542.636719,8.912634,-0.087891,0
146.5416,542.548828,8.911084,-0.087891,0
146.5568,542.548828,8.911084,0.000000,0
146.5721,542.460938,8.909534,-0.087891,0
146.5875,542.373047,8.907983,-0.087891,0
146.6027,542.285156,8.906433,-0.087891,0
146.6179,542.285156,8.906433,0.000000,0
146.6331,542.109375,8.903333,-0.175781,0
146.6483,542.109375,8.903333,0.000000,0
146.6635,542.021484,8.901782,-0.087891,0
146.6787,542.021484,8.901782,0.000000,0
146.6941,541.933594,8.900232,-0.087891,0
146.7094,541.845703,8.898682,-0.087891,0
146.7247,541.757812,8.897131,-0.087891,0
146.7399,541.669922,8.895581,-0.087891,0
146.7552,541.582031,8.894031,-0.087891,0
146.7704,541.494141,8.892480,-0.087891,0
146.7857,541.494141,8.892480,0.000000,0
146.8009,541.406250,8.890930,-0.087891,0
146.8162,541.318359,8.889380,-0.087891,0
146.8314,541.318359,8.889380,0.000000,0
146.8466,541.230469,8.887830,-0.087891,0
146.8619,541.142578,8.886279,-0.087891,0
146.8771,541.054688,8.884729,-0.087891,0
146.8923,541.054688,8.884729,0.000000,0
146.9076,540.878906,8.881628,-0.175781,0
146.9228,540.878906,8.881628,0.000000,0
146.9380,540.703125,8.878528,-0.175781,0
146.9532,540.703125,8.878528,0.000000,0
146.9684,540.615234,8.876978,-0.087891,0
146.9839,540.527344,8.875427,-0.087891,0
146.9991,540.439453,8.873877,-0.087891,0
147.0143,540.351562,8.872327,-0.087891,0
147.0299,540.263672,8.870776,-0.087891,0
147.0451,540.175781,8.869226,-0.087891,0
147.0604,540.087891,8.867676,-0.087891,0
147.0756,540.000000,8.866125,-0.087891,0
147.0911,539.912109,8.864575,-0.087891,0
147.1064,539.824219,8.863025,-0.087891,0
147.1216,539.824219,8.863025,0.000000,0
147.1368,539.648438,8.859924,-0.175781,0
147.1520,539.648438,8.859924,0.000000,0
147.1672,539.560547,8.858374,-0.087891,0
147.1825,539.472656,8.856824,-0.087891,0
147.1978,539.472656,8.856824,0.000000,0
147.2130,539.384766,8.855273,-0.087891,0
147.2282,539.296875,8.853723,-0.087891,0
147.2435,539.208984,8.852173,-0.087891,0
147.2589,539.208984,8.852173,0.000000,0
147.2741,539.121094,8.850623,-0.087891,0
147.2893,539.033203,8.849072,-0.087891,0
147.3046,538.945312,8.847522,-0.087891,0
147.3198,538.945312,8.847522,0.000000,0
147.3350,538.857422,8.845972,-0.087891,0
147.3502,538.769531,8.844421,-0.087891,0
147.3654,538.769531,8.844421,0.000000,0
147.3807,538.681641,8.842871,-0.087891,0
147.3959,538.593750,8.841321,-0.087891,0
147.4112,538.505859,8.839771,-0.087891,0
147.4264,538.417969,8.838220,-0.087891,0
147.4416,538.330078,8.836670,-0.087891,0
147.4569,538.242188,8.835120,-0.087891,0
147.4721,538.242188,8.835120,0.000000,0
147.4874,538.154297,8.833569,-0.087891,0
147.5030,538.066406,8.832019,-0.087891,0
147.5182,538.066406,8.832019,0.000000,0
147.5334,537.978516,8.830469,-0.087891,0
147.5487,537.890625,8.828918,-0.087891,0
147.5639,537.890625,8.828918,0.000000,0
147.5792,537.714844,8.825818,-0.175781,0
147.5944,537.714844,8.825818,0.000000,0
147.6096,537.626953,8.824268,-0.087891,0
147.6254,537.539062,8.822717,-0.087891,0
147.6406,537.451172,8.821167,-0.087891,0
147.6559,537.363281,8.819617,-0.087891,0
147.6712,537.275391,8.818066,-0.087891,0
147.6864,537.187500,8.816516,-0.087891,0
147.7017,537.099609,8.814966,-0.087891,0
147.7170,537.011719,8.813416,-0.087891,0
147.7322,536.923828,8.811865,-0.087891,0
147.7474,536.835938,8.810315,-0.087891,0
147.7626,536.835938,8.810315,0.000000,0
147.7778,536.660156,8.807214,-0.175781,0
147.7931,536.660156,8.807214,0.000000,0
147.8088,536.572266,8.805664,-0.087891,0
147.8241,536.484375,8.804114,-0.087891,0
147.8394,536.396484,8.802563,-0.087891,0
147.8546,536.396484,8.802563,0.000000,0
147.8699,536.308594,8.801013,-0.087891,0
147.8851,536.220703,8.799463,-0.087891,0
147.9004,536.132812,8.797913,-0.087891,0
147.9156,536.132812,8.797913,0.000000,0
147.9309,536.044922,8.796362,-0.087891,0
147.9461,535.957031,8.794812,-0.087891,0
147.9613,535.869141,8.793262,-0.087891,0
147.9765,535.781250,8.791711,-0.087891,0
147.9917,535.781250,8.791711,0.000000,0
148.0070,535.693359,8.790161,-0.087891,0
148.0222,535.693359,8.790161,0.000000,0
148.0374,535.605469,8.788611,-0.087891,0
148.0526,535.517578,8.787061,-0.087891,0
148.0678,535.429688,8.785510,-0.087891,0
148.0831,535.341797,8.783960,-0.087891,0
148.0983,535.341797,8.783960,0.000000,0
148.1135,535.253906,8.782410,-0.087891,0
148.1287,535.166016,8.780859,-0.087891,0
148.1439,535.078125,8.779309,-0.087891,0
148.1592,534.990234,8.777759,-0.087891,0
148.1744,534.990234,8.777759,0.000000,0
148.1896,534.902344,8.776208,-0.087891,0
148.2048,534.814453,8.774658,-0.087891,0
148.2200,534.726562,8.773108,-0.087891,0
148.2353,534.638672,8.771558,-0.087891,0
148.2506,534.550781,8.770007,-0.087891,0
148.2658,534.550781,8.770007,0.000000,0
148.2817,534.462891,8.768457,-0.087891,0
148.2969,534.462891,8.768457,0.000000,0
148.3124,534.375000,8.766907,-0.087891,0
148.3276,534.287109,8.765356,-0.087891,0
148.3428,534.111328,8.762256,-0.175781,0
148.3580,534.111328,8.762256,0.000000,0
148.3732,533.935547,8.759155,-0.175781,0
148.3887,533.935547,8.759155,0.000000,0
148.4039,533.847656,8.757605,-0.087891,0
148.4193,533.759766,8.756055,-0.087891,0
148.4345,533.671875,8.754504,-0.087891,0
148.4497,533.583984,8.752954,-0.087891,0
148.4649,533.496094,8.751404,-0.087891,0
148.4802,533.408203,8.749854,-0.087891,0
148.4954,533.320312,8.748303,-0.087891,0
148.5107,533.232422,8.746753,-0.087891,0
148.5260,533.232422,8.746753,0.000000,0
148.5412,533.144531,8.745203,-0.087891,0
148.5564,533.056641,8.743652,-0.087891,0
148.5717,532.968750,8.742102,-0.087891,0
148.5869,532.880859,8.740552,-0.087891,0
148.6022,532.880859,8.740552,0.000000,0
148.6175,532.792969,8.739001,-0.087891,0
148.6327,532.705078,8.737451,-0.087891,0
148.6479,532.617188,8.735901,-0.087891,0
148.6633,532.617188,8.735901,0.000000,0
148.6785,532.529297,8.734351,-0.087891,0
148.6937,532.441406,8.732800,-0.087891,0
148.7090,532.353516,8.731250,-0.087891,0
148.7242,532.353516,8.731250,0.000000,0
148.7394,532.265625,8.729700,-0.087891,0
148.7547,532.177734,8.728149,-0.087891,0
148.7699,532.177734,8.728149,0.000000,0
148.7851,532.089844,8.726599,-0.087891,0
148.8003,532.001953,8.725049,-0.087891,0
148.8156,531.914062,8.723499,-0.087891,0
148.8308,531.914062,8.723499,0.000000,0
148.8461,531.738281,8.720398,-0.175781,0
148.8613,531.738281,8.720398,0.000000,0
148.8766,531.650391,8.718848,-0.087891,0
148.8919,531.562500,8.717297,-0.087891,0
148.9077,531.474609,8.715747,-0.087891,0
148.9230,531.386719,8.714197,-0.087891,0
148.9382,531.386719,8.714197,0.000000,0
148.9534,531.298828,8.712646,-0.087891,0
148.9686,531.210938,8.711096,-0.087891,0
148.9838,531.210938,8.711096,0.000000,0
148.9991,531.123047,8.709546,-0.087891,0
149.0144,531.035156,8.707996,-0.087891,0
149.0296,530.947266,8.706445,-0.087891,0
149.0448,530.859375,8.704895,-0.087891,0
149.0600,530.771484,8.703345,-0.087891,0
149.0753,530.683594,8.701794,-0.087891,0
149.0905,530.683594,8.701794,0.000000,0
149.1057,530.595703,8.700244,-0.087891,0
149.1209,530.507812,8.698694,-0.087891,0
149.1362,530.419922,8.697144,-0.087891,0
149.1514,530.244141,8.694043,-0.175781,0
149.1667,530.244141,8.694043,0.000000,0
149.1819,530.156250,8.692493,-0.087891,0
149.1971,530.068359,8.690942,-0.087891,0
149.2123,529.980469,8.689392,-0.087891,0
149.2275,529.892578,8.687842,-0.087891,0
149.2428,529.804688,8.686292,-0.087891,0
149.2580,529.716797,8.684741,-0.087891,0
149.2732,529.716797,8.684741,0.000000,0
149.2884,529.628906,8.683191,-0.087891,0
149.3036,529.541016,8.681641,-0.087891,0
149.3189,529.541016,8.681641,0.000000,0
149.3341,529.453125,8.680090,-0.087891,0
149.3493,529.365234,8.678540,-0.087891,0
149.3645,529.277344,8.676990,-0.087891,0
149.3798,529.189453,8.675439,-0.087891,0
149.3952,529.101562,8.673889,-0.087891,0
149.4105,529.101562,8.673889,0.000000,0
149.4257,529.013672,8.672339,-0.087891,0
149.4409,529.013672,8.672339,0.000000,0
149.4561,528.925781,8.670789,-0.087891,0
149.4715,528.837891,8.669238,-0.087891,0
149.4867,528.750000,8.667688,-0.087891,0
149.5020,528.662109,8.666138,-0.087891,0
149.5172,528.574219,8.664587,-0.087891,0
149.5324,528.574219,8.664587,0.000000,0
149.5476,528.398438,8.661487,-0.175781,0
149.5629,528.398438,8.661487,0.000000,0
149.5781,528.310547,8.659937,-0.087891,0
149.5934,528.222656,8.658386,-0.087891,0
149.6086,528.222656,8.658386,0.000000,0
149.6238,528.046875,8.655286,-0.175781,0
149.6393,528.046875,8.655286,0.000000,0
149.6553,527.958984,8.653735,-0.087891,0
149.6705,527.958984,8.653735,0.000000,0
149.6863,527.871094,8.652185,-0.087891,0
149.7015,527.783203,8.650635,-0.087891,0
149.7167,527.695312,8.649084,-0.087891,0
149.7319,527.695312,8.649084,0.000000,0
149.7472,527.519531,8.645984,-0.175781,0
149.7624,527.519531,8.645984,0.000000,0
149.7776,527.343750,8.642883,-0.175781,0
149.7929,527.343750,8.642883,0.000000,0
149.8081,527.255859,8.641333,-0.087891,0
149.8235,527.080078,8.638232,-0.175781,0
149.8387,527.080078,8.638232,0.000000,0
149.8540,526.992188,8.636682,-0.087891,0
149.8692,526.904297,8.635132,-0.087891,0
149.8845,526.816406,8.633582,-0.087891,0
149.8997,526.728516,8.632031,-0.087891,0
149.9150,526.640625,8.630481,-0.087891,0
149.9302,526.640625,8.630481,0.000000,0
149.9454,526.552734,8.628931,-0.087891,0
149.9606,526.464844,8.627380,-0.087891,0
149.9759,526.376953,8.625830,-0.087891,0
149.9912,526.289062,8.624280,-0.087891,0
150.0065,526.289062,8.624280,0.000000,0
150.0217,526.201172,8.622729,-0.087891,0
150.0369,526.113281,8.621179,-0.087891,0
150.0522,526.025391,8.619629,-0.087891,0
150.0674,526.025391,8.619629,0.000000,0
150.0826,525.849609,8.616528,-0.175781,0
150.0978,525.849609,8.616528,0.000000,0
150.1130,525.761719,8.614978,-0.087891,0
150.1282,525.761719,8.614978,0.000000,0
150.1435,525.673828,8.613428,-0.087891,0
150.1587,525.585938,8.611877,-0.087891,0
150.1739,525.498047,8.610327,-0.087891,0
150.1891,525.410156,8.608777,-0.087891,0
150.2043,525.410156,8.608777,0.000000,0
150.2195,525.234375,8.605676,-0.175781,0
150.2348,525.234375,8.605676,0.000000,0
150.2500,525.146484,8.604126,-0.087891,0
150.2652,525.058594,8.602576,-0.087891,0
150.2805,524.970703,8.601025,-0.087891,0
150.2957,524.882812,8.599475,-0.087891,0
150.3109,524.882812,8.599475,0.000000,0
150.3262,524.794922,8.597925,-0.087891,0
150.3414,524.707031,8.596375,-0.087891,0
150.3566,524.707031,8.596375,0.000000,0
150.3720,524.619141,8.594824,-0.087891,0
150.3872,524.531250,8.593274,-0.087891,0
150.4024,524.531250,8.593274,0.000000,0
150.4176,524.355469,8.590173,-0.175781,0
150.4329,524.355469,8.590173,0.000000,0
150.4481,524.179688,8.587073,-0.175781,0
150.4634,524.179688,8.587073,0.000000,0
150.4786,524.091797,8.585522,-0.087891,0
150.4938,524.003906,8.583972,-0.087891,0
150.5090,523.916016,8.582422,-0.087891,0
150.5242,523.828125,8.580872,-0.087891,0
150.5395,523.740234,8.579321,-0.087891,0
150.5548,523.652344,8.577771,-0.087891,0
150.5700,523.564453,8.576221,-0.087891,0
150.5852,523.476562,8.574670,-0.087891,0
150.6004,523.388672,8.573120,-0.087891,0
150.6157,523.300781,8.571570,-0.087891,0
150.6310,523.300781,8.571570,0.000000,0
150.6471,523.212891,8.570020,-0.087891,0
150.6623,523.125000,8.568469,-0.087891,0
150.6775,523.125000,8.568469,0.000000,0
150.6929,522.949219,8.565369,-0.175781,0
150.7081,522.949219,8.565369,0.000000,0
150.7234,522.861328,8.563818,-0.087891,0
150.7386,522.773438,8.562268,-0.087891,0
150.7538,522.685547,8.560718,-0.087891,0
150.7691,522.685547,8.560718,0.000000,0
150.7843,522.597656,8.559167,-0.087891,0
150.7995,522.597656,8.559167,0.000000,0
150.8148,522.421875,8.556067,-0.175781,0
150.8302,522.421875,8.556067,0.000000,0
150.8454,522.333984,8.554517,-0.087891,0
150.8607,522.333984,8.554517,0.000000,0
150.8759,522.246094,8.552966,-0.087891,0
150.8911,522.158203,8.551416,-0.087891,0
150.9063,522.158203,8.551416,0.000000,0
150.9216,521.982422,8.548315,-0.175781,0
150.9368,521.894531,8.546765,-0.087891,0
150.9521,521.806641,8.545215,-0.087891,0
150.9674,521.806641,8.545215,0.000000,0
150.9826,521.630859,8.542114,-0.175781,0
150.9978,521.630859,8.542114,0.000000,0
151.0130,521.542969,8.540564,-0.087891,0
151.0282,521.455078,8.539014,-0.087891,0
151.0436,521.455078,8.539014,0.000000,0
151.0588,521.367188,8.537463,-0.087891,0
151.0740,521.279297,8.535913,-0.087891,0
151.0893,521.191406,8.534363,-0.087891,0
151.1045,521.103516,8.532813,-0.087891,0
151.1201,521.015625,8.531262,-0.087891,0
151.1354,521.015625,8.531262,0.000000,0
151.1506,520.839844,8.528162,-0.175781,0
151.1658,520.839844,8.528162,0.000000,0
151.1810,520.751953,8.526611,-0.087891,0
151.1962,520.664062,8.525061,-0.087891,0
151.2118,520.576172,8.523511,-0.087891,0
151.2270,520.488281,8.521960,-0.087891,0
151.2423,520.400391,8.520410,-0.087891,0
151.2575,520.312500,8.518860,-0.087891,0
151.2727,520.312500,8.518860,0.000000,0
151.2880,520.224609,8.517310,-0.087891,0
151.3033,520.136719,8.515759,-0.087891,0
151.3185,520.048828,8.514209,-0.087891,0
151.3337,519.960938,8.512659,-0.087891,0
151.3489,519.873047,8.511108,-0.087891,0
151.3642,519.873047,8.511108,0.000000,0
151.3795,519.785156,8.509558,-0.087891,0
151.3947,519.697266,8.508008,-0.087891,0
151.4100,519.697266,8.508008,0.000000,0
151.4252,519.609375,8.506458,-0.087891,0
151.4406,519.521484,8.504907,-0.087891,0
151.4562,519.433594,8.503357,-0.087891,0
151.4715,519.345703,8.501807,-0.087891,0
151.4868,519.257812,8.500256,-0.087891,0
151.5020,519.257812,8.500256,0.000000,0
151.5172,519.169922,8.498706,-0.087891,0
151.5325,519.082031,8.497156,-0.087891,0
151.5477,519.082031,8.497156,0.000000,0
151.5629,518.994141,8.495605,-0.087891,0
151.5781,518.906250,8.494055,-0.087891,0
151.5936,518.818359,8.492505,-0.087891,0
151.6088,518.730469,8.490955,-0.087891,0
151.6240,518.642578,8.489404,-0.087891,0
151.6392,518.554688,8.487854,-0.087891,0
151.6544,518.466797,8.486304,-0.087891,0
151.6697,518.466797,8.486304,0.000000,0
151.6849,518.378906,8.484753,-0.087891,0
151.7001,518.291016,8.483203,-0.087891,0
151.7153,518.291016,8.483203,0.000000,0
151.7306,518.203125,8.481653,-0.087891,0
151.7458,518.115234,8.480103,-0.087891,0
151.7611,518.027344,8.478552,-0.087891,0
151.7763,518.027344,8.478552,0.000000,0
151.7919,517.851562,8.475452,-0.175781,0
151.8071,517.851562,8.475452,0.000000,0
151.8223,517.763672,8.473901,-0.087891,0
151.8375,517.675781,8.472351,-0.087891,0
151.8528,517.587891,8.470801,-0.087891,0
151.8680,517.500000,8.469250,-0.087891,0
151.8833,517.500000,8.469250,0.000000,0
151.8985,517.324219,8.466150,-0.175781,0
151.9137,517.236328,8.464600,-0.087891,0
151.9289,517.148438,8.463049,-0.087891,0
151.9442,517.148438,8.463049,0.000000,0
151.9594,516.972656,8.459949,-0.175781,0
151.9747,516.972656,8.459949,0.000000,0
151.9899,516.884766,8.458398,-0.087891,0
152.0051,516.796875,8.456848,-0.087891,0
152.0203,516.708984,8.455298,-0.087891,0
152.0355,516.621094,8.453748,-0.087891,0
152.0509,516.621094,8.453748,0.000000,0
152.0661,516.533203,8.452197,-0.087891,0
152.0813,516.445312,8.450647,-0.087891,0
152.0965,516.357422,8.449097,-0.087891,0
152.1117,516.357422,8.449097,0.000000,0
152.1270,516.269531,8.447546,-0.087891,0
152.1423,516.181641,8.445996,-0.087891,0
152.1575,516.093750,8.444446,-0.087891,0
152.1727,516.005859,8.442896,-0.087891,0
152.1880,515.917969,8.441345,-0.087891,0
152.2032,515.917969,8.441345,0.000000,0
152.2185,515.830078,8.439795,-0.087891,0
152.2337,515.742188,8.438245,-0.087891,0
152.2490,515.742188,8.438245,0.000000,0
152.2642,515.654297,8.436694,-0.087891,0
152.2795,515.566406,8.435144,-0.087891,0
152.2947,515.478516,8.433594,-0.087891,0
152.3099,515.390625,8.432043,-0.087891,0
152.3251,515.302734,8.430493,-0.087891,0
152.3404,515.214844,8.428943,-0.087891,0
152.3556,515.214844,8.428943,0.000000,0
152.3708,515.126953,8.427393,-0.087891,0
152.3861,515.039062,8.425842,-0.087891,0
152.4013,514.951172,8.424292,-0.087891,0
152.4165,514.863281,8.422742,-0.087891,0
152.4318,514.863281,8.422742,0.000000,0
152.4470,514.863281,8.422742,0.000000,0
152.4622,514.775391,8.421191,-0.087891,0
152.4775,514.687500,8.419641,-0.087891,0
152.4927,514.599609,8.418091,-0.087891,0
152.5079,514.511719,8.416541,-0.087891,0
152.5231,514.423828,8.414990,-0.087891,0
152.5383,514.335938,8.413440,-0.087891,0
152.5537,514.248047,8.411890,-0.087891,0
152.5692,514.160156,8.410339,-0.087891,0
152.5844,514.072266,8.408789,-0.087891,0
152.5997,513.984375,8.407239,-0.087891,0
152.6150,513.896484,8.405688,-0.087891,0
152.6302,513.808594,8.404138,-0.087891,0
152.6454,513.808594,8.404138,0.000000,0
152.6607,513.632812,8.401038,-0.175781,0
152.6759,513.632812,8.401038,0.000000,0
152.6911,513.457031,8.397937,-0.175781,0
152.7064,513.457031,8.397937,0.000000,0
152.7216,513.369141,8.396387,-0.087891,0
152.7373,513.281250,8.394836,-0.087891,0
152.7526,513.281250,8.394836,0.000000,0
152.7678,513.193359,8.393286,-0.087891,0
152.7830,513.105469,8.391736,-0.087891,0
152.7982,513.017578,8.390186,-0.087891,0
152.8134,513.017578,8.390186,0.000000,0
152.8286,512.841797,8.387085,-0.175781,0
152.8439,512.841797,8.387085,0.000000,0
152.8591,512.753906,8.385535,-0.087891,0
152.8745,512.753906,8.385535,0.000000,0
152.8897,512.666016,8.383984,-0.087891,0
152.9049,512.578125,8.382434,-0.087891,0
152.9202,512.578125,8.382434,0.000000,0
152.9354,512.490234,8.380884,-0.087891,0
152.9506,512.402344,8.379333,-0.087891,0
152.9659,512.314453,8.377783,-0.087891,0
152.9811,512.226562,8.376233,-0.087891,0
152.9963,512.138672,8.374683,-0.087891,0
153.0115,512.138672,8.374683,0.000000,0
153.0268,511.962891,8.371582,-0.175781,0
153.0420,511.875000,8.370032,-0.087891,0
153.0573,511.787109,8.368481,-0.087891,0
153.0726,511.787109,8.368481,0.000000,0
153.0878,511.699219,8.366931,-0.087891,0
153.1031,511.611328,8.365381,-0.087891,0
153.1183,511.611328,8.365381,0.000000,0
153.1335,511.523438,8.363831,-0.087891,0
153.1487,511.523438,8.363831,0.000000,0
153.1639,511.435547,8.362280,-0.087891,0
153.1792,511.347656,8.360730,-0.087891,0
153.1945,511.259766,8.359180,-0.087891,0
153.2097,511.171875,8.357629,-0.087891,0
153.2249,510.996094,8.354529,-0.175781,0
153.2403,510.996094,8.354529,0.000000,0
153.2555,510.996094,8.354529,0.000000,0
153.2709,510.820312,8.351428,-0.175781,0
153.2862,510.732422,8.349878,-0.087891,0
153.3014,510.644531,8.348328,-0.087891,0
153.3167,510.556641,8.346777,-0.087891,0
153.3320,510.468750,8.345227,-0.087891,0
153.3472,510.468750,8.345227,0.000000,0
153.3625,510.292969,8.342126,-0.175781,0
153.3777,510.292969,8.342126,0.000000,0
153.3929,510.205078,8.340576,-0.087891,0
153.4082,510.117188,8.339026,-0.087891,0
153.4234,510.117188,8.339026,0.000000,0
153.4386,510.029297,8.337476,-0.087891,0
153.4538,509.941406,8.335925,-0.087891,0
153.4691,509.853516,8.334375,-0.087891,0
153.4843,509.765625,8.332825,-0.087891,0
153.4999,509.677734,8.331274,-0.087891,0
153.5152,509.677734,8.331274,0.000000,0
153.5304,509.589844,8.329724,-0.087891,0
153.5459,509.501953,8.328174,-0.087891,0
153.5611,509.414062,8.326624,-0.087891,0
153.5763,509.414062,8.326624,0.000000,0
153.5916,509.326172,8.325073,-0.087891,0
153.6070,509.238281,8.323523,-0.087891,0
153.6222,509.150391,8.321973,-0.087891,0
153.6375,509.062500,8.320422,-0.087891,0
153.6527,509.062500,8.320422,0.000000,0
153.6679,508.974609,8.318872,-0.087891,0
153.6832,508.886719,8.317322,-0.087891,0
153.6984,508.798828,8.315771,-0.087891,0
153.7136,508.798828,8.315771,0.000000,0
153.7288,508.623047,8.312671,-0.175781,0
153.7441,508.623047,8.312671,0.000000,0
153.7599,508.535156,8.311121,-0.087891,0
153.7751,508.447266,8.309570,-0.087891,0
153.7903,508.447266,8.309570,0.000000,0
153.8055,508.359375,8.308020,-0.087891,0
153.8209,508.271484,8.306470,-0.087891,0
153.8361,508.271484,8.306470,0.000000,0
153.8514,508.183594,8.304919,-0.087891,0
153.8667,508.095703,8.303369,-0.087891,0
153.8819,507.919922,8.300269,-0.175781,0
153.8972,507.832031,8.298718,-0.087891,0
153.9124,507.832031,8.298718,0.000000,0
153.9277,507.744141,8.297168,-0.087891,0
153.9429,507.656250,8.295618,-0.087891,0
153.9585,507.480469,8.292517,-0.175781,0
153.9739,507.392578,8.290967,-0.087891,0
153.9891,507.392578,8.290967,0.000000,0
154.0043,507.304688,8.289417,-0.087891,0
154.0195,507.216797,8.287866,-0.087891,0
154.0347,507.128906,8.286316,-0.087891,0
154.0500,507.128906,8.286316,0.000000,0
154.0652,507.041016,8.284766,-0.087891,0
154.0805,506.953125,8.283215,-0.087891,0
154.0957,506.865234,8.281665,-0.087891,0
154.1109,506.777344,8.280115,-0.087891,0
154.1262,506.689453,8.278564,-0.087891,0
154.1414,506.601562,8.277014,-0.087891,0
154.1566,506.513672,8.275464,-0.087891,0
154.1719,506.513672,8.275464,0.000000,0
154.1871,506.513672,8.275464,0.000000,0
154.2023,506.337891,8.272363,-0.175781,0
154.2175,506.337891,8.272363,0.000000,0
154.2327,506.250000,8.270813,-0.087891,0
154.2480,506.162109,8.269263,-0.087891,0
154.2637,506.074219,8.267712,-0.087891,0
154.2790,506.074219,8.267712,0.000000,0
154.2942,505.986328,8.266162,-0.087891,0
154.3094,505.898438,8.264612,-0.087891,0
154.3246,505.898438,8.264612,0.000000,0
154.3399,505.810547,8.263062,-0.087891,0
154.3551,505.722656,8.261511,-0.087891,0
154.3704,505.634766,8.259961,-0.087891,0
154.3856,505.546875,8.258411,-0.087891,0
154.4008,505.458984,8.256860,-0.087891,0
154.4160,505.371094,8.255310,-0.087891,0
154.4313,505.283203,8.253760,-0.087891,0
154.4465,505.283203,8.253760,0.000000,0
154.4618,505.195312,8.252209,-0.087891,0
154.4770,505.195312,8.252209,0.000000,0
154.4922,505.107422,8.250659,-0.087891,0
154.5074,504.931641,8.247559,-0.175781,0
154.5227,504.931641,8.247559,0.000000,0
154.5379,504.843750,8.246008,-0.087891,0
154.5531,504.843750,8.246008,0.000000,0
154.5684,504.755859,8.244458,-0.087891,0
154.5836,504.667969,8.242908,-0.087891,0
154.5989,504.580078,8.241357,-0.087891,0
154.6144,504.492188,8.239807,-0.087891,0
154.6296,504.404297,8.238257,-0.087891,0
154.6448,504.316406,8.236707,-0.087891,0
154.6601,504.316406,8.236707,0.000000,0
154.6756,504.228516,8.235156,-0.087891,0
154.6908,504.140625,8.233606,-0.087891,0
154.7060,503.964844,8.230505,-0.175781,0
154.7212,503.964844,8.230505,0.000000,0
154.7364,503.876953,8.228955,-0.087891,0
154.7516,503.789062,8.227405,-0.087891,0
154.7669,503.701172,8.225854,-0.087891,0
154.7827,503.613281,8.224304,-0.087891,0
154.7979,503.525391,8.222754,-0.087891,0
154.8131,503.525391,8.222754,0.000000,0
154.8284,503.437500,8.221204,-0.087891,0
154.8437,503.349609,8.219653,-0.087891,0
154.8590,503.261719,8.218103,-0.087891,0
154.8742,503.261719,8.218103,0.000000,0
154.8894,503.173828,8.216553,-0.087891,0
154.9047,503.085938,8.215002,-0.087891,0
154.9199,502.998047,8.213452,-0.087891,0
154.9351,502.910156,8.211902,-0.087891,0
154.9503,502.822266,8.210352,-0.087891,0
154.9657,502.822266,8.210352,0.000000,0
154.9809,502.734375,8.208801,-0.087891,0
154.9961,502.646484,8.207251,-0.087891,0
155.0113,502.558594,8.205701,-0.087891,0
155.0266,502.558594,8.205701,0.000000,0
155.0418,502.470703,8.204150,-0.087891,0
155.0570,502.382812,8.202600,-0.087891,0
155.0722,502.294922,8.201050,-0.087891,0
155.0875,502.207031,8.199500,-0.087891,0
155.1027,502.119141,8.197949,-0.087891,0
155.1179,502.119141,8.197949,0.000000,0
155.1331,502.031250,8.196399,-0.087891,0
155.1483,501.943359,8.194849,-0.087891,0
155.1635,501.855469,8.193298,-0.087891,0
155.1788,501.767578,8.191748,-0.087891,0
155.1940,501.679688,8.190198,-0.087891,0
155.2092,501.591797,8.188647,-0.087891,0
155.2244,501.591797,8.188647,0.000000,0
155.2397,501.503906,8.187097,-0.087891,0
155.2549,501.503906,8.187097,0.000000,0
155.2701,501.416016,8.185547,-0.087891,0
155.2853,501.328125,8.183997,-0.087891,0
155.3006,501.152344,8.180896,-0.175781,0
155.3158,501.152344,8.180896,0.000000,0
155.3310,501.064453,8.179346,-0.087891,0
155.3462,500.976562,8.177795,-0.087891,0
155.3614,500.976562,8.177795,0.000000,0
155.3766,500.888672,8.176245,-0.087891,0
155.3919,500.800781,8.174695,-0.087891,0
155.4071,500.712891,8.173145,-0.087891,0
155.4223,500.625000,8.171594,-0.087891,0
155.4375,500.537109,8.170044,-0.087891,0
155.4528,500.449219,8.168494,-0.087891,0
155.4680,500.361328,8.166943,-0.087891,0
155.4834,500.273438,8.165393,-0.087891,0
155.4987,500.273438,8.165393,0.000000,0
155.5139,500.097656,8.162292,-0.175781,0
155.5291,500.097656,8.162292,0.000000,0
155.5443,500.009766,8.160742,-0.087891,0
155.5596,499.921875,8.159192,-0.087891,0
155.5748,499.833984,8.157642,-0.087891,0
155.5900,499.833984,8.157642,0.000000,0
155.6052,499.746094,8.156091,-0.087891,0
155.6205,499.658203,8.154541,-0.087891,0
155.6357,499.570312,8.152991,-0.087891,0
155.6509,499.570312,8.152991,0.000000,0
155.6661,499.482422,8.151440,-0.087891,0
155.6813,499.394531,8.149890,-0.087891,0
155.6966,499.306641,8.148340,-0.087891,0
155.7118,499.218750,8.146790,-0.087891,0
155.7271,499.218750,8.146790,0.000000,0
155.7423,499.130859,8.145239,-0.087891,0
155.7576,499.042969,8.143689,-0.087891,0
155.7728,498.955078,8.142139,-0.087891,0
155.7882,498.955078,8.142139,0.000000,0
155.8034,498.779297,8.139038,-0.175781,0
155.8186,498.779297,8.139038,0.000000,0
155.8339,498.691406,8.137488,-0.087891,0
155.8491,498.603516,8.135938,-0.087891,0
155.8643,498.515625,8.134387,-0.087891,0
155.8795,498.515625,8.134387,0.000000,0
155.8947,498.427734,8.132837,-0.087891,0
155.9100,498.339844,8.131287,-0.087891,0
155.9252,498.251953,8.129736,-0.087891,0
155.9404,498.251953,8.129736,0.000000,0
155.9559,498.164062,8.128186,-0.087891,0
155.9711,498.076172,8.126636,-0.087891,0
155.9864,497.988281,8.125085,-0.087891,0
156.0016,497.988281,8.125085,0.000000,0
156.0170,497.812500,8.121985,-0.175781,0
156.0322,497.812500,8.121985,0.000000,0
156.0474,497.724609,8.120435,-0.087891,0
156.0626,497.636719,8.118884,-0.087891,0
156.0778,497.460938,8.115784,-0.175781,0
156.0931,497.460938,8.115784,0.000000,0
156.1085,497.373047,8.114233,-0.087891,0
156.1237,497.285156,8.112683,-0.087891,0
156.1389,497.197266,8.111133,-0.087891,0
156.1541,497.109375,8.109583,-0.087891,0
156.1694,497.109375,8.109583,0.000000,0
156.1846,497.021484,8.108032,-0.087891,0
156.1999,496.933594,8.106482,-0.087891,0
156.2151,496.845703,8.104932,-0.087891,0
156.2304,496.757812,8.103381,-0.087891,0
156.2457,496.669922,8.101831,-0.087891,0
156.2609,496.669922,8.101831,0.000000,0
156.2763,496.582031,8.100281,-0.087891,0
156.2917,496.494141,8.098730,-0.087891,0
156.3069,496.406250,8.097180,-0.087891,0
156.3221,496.318359,8.095630,-0.087891,0
156.3379,496.230469,8.094080,-0.087891,0
156.3531,496.230469,8.094080,0.000000,0
156.3683,496.142578,8.092529,-0.087891,0
156.3835,496.142578,8.092529,0.000000,0
156.3988,495.966797,8.089429,-0.175781,0
156.4140,495.878906,8.087878,-0.087891,0
156.4293,495.878906,8.087878,0.000000,0
156.4448,495.791016,8.086328,-0.087891,0
156.4601,495.703125,8.084778,-0.087891,0
156.4756,495.615234,8.083228,-0.087891,0
156.4908,495.527344,8.081677,-0.087891,0
156.5060,495.439453,8.080127,-0.087891,0
156.5213,495.439453,8.080127,0.000000,0
156.5365,495.263672,8.077026,-0.175781,0
156.5518,495.263672,8.077026,0.000000,0
156.5671,495.175781,8.075476,-0.087891,0
156.5826,495.087891,8.073926,-0.087891,0
156.5979,495.087891,8.073926,0.000000,0
156.6134,494.912109,8.070825,-0.175781,0
156.6286,494.912109,8.070825,0.000000,0
156.6438,494.824219,8.069275,-0.087891,0
156.6591,494.824219,8.069275,0.000000,0
156.6743,494.736328,8.067725,-0.087891,0
156.6895,494.648438,8.066174,-0.087891,0
156.7048,494.560547,8.064624,-0.087891,0
156.7200,494.472656,8.063074,-0.087891,0
156.7355,494.384766,8.061523,-0.087891,0
156.7507,494.296875,8.059973,-0.087891,0
156.7660,494.208984,8.058423,-0.087891,0
156.7820,494.121094,8.056873,-0.087891,0
156.7972,494.121094,8.056873,0.000000,0
156.8124,493.945312,8.053772,-0.175781,0
156.8276,493.945312,8.053772,0.000000,0
156.8430,493.857422,8.052222,-0.087891,0
156.8582,493.769531,8.050671,-0.087891,0
156.8736,493.681641,8.049121,-0.087891,0
156.8889,493.593750,8.047571,-0.087891,0
156.9041,493.505859,8.046021,-0.087891,0
156.9193,493.505859,8.046021,0.000000,0
156.9346,493.417969,8.044470,-0.087891,0
156.9499,493.330078,8.042920,-0.087891,0
156.9651,493.242188,8.041370,-0.087891,0
156.9803,493.154297,8.039819,-0.087891,0
156.9955,493.154297,8.039819,0.000000,0
157.0108,493.066406,8.038269,-0.087891,0
157.0260,492.978516,8.036719,-0.087891,0
157.0412,492.890625,8.035168,-0.087891,0
157.0564,492.890625,8.035168,0.000000,0
157.0719,492.802734,8.033618,-0.087891,0
157.0872,492.714844,8.032068,-0.087891,0
157.1026,492.626953,8.030518,-0.087891,0
157.1178,492.626953,8.030518,0.000000,0
157.1330,492.539062,8.028967,-0.087891,0
157.1483,492.451172,8.027417,-0.087891,0
157.1635,492.451172,8.027417,0.000000,0
157.1793,492.275391,8.024316,-0.175781,0
157.1945,492.275391,8.024316,0.000000,0
157.2098,492.187500,8.022766,-0.087891,0
157.2251,492.099609,8.021216,-0.087891,0
157.2404,492.011719,8.019666,-0.087891,0
157.2556,491.923828,8.018115,-0.087891,0
157.2708,491.835938,8.016565,-0.087891,0
157.2861,491.835938,8.016565,0.000000,0
157.3013,491.748047,8.015015,-0.087891,0
157.3166,491.660156,8.013464,-0.087891,0
157.3318,491.572266,8.011914,-0.087891,0
157.3470,491.484375,8.010364,-0.087891,0
157.3623,491.484375,8.010364,0.000000,0
157.3775,491.396484,8.008813,-0.087891,0
157.3928,491.308594,8.007263,-0.087891,0
157.4080,491.220703,8.005713,-0.087891,0
157.4233,491.132812,8.004163,-0.087891,0
157.4385,491.044922,8.002612,-0.087891,0
157.4537,491.044922,8.002612,0.000000,0
157.4689,490.957031,8.001062,-0.087891,0
157.4841,490.781250,7.997961,-0.175781,0
157.4993,490.781250,7.997961,0.000000,0
157.5146,490.605469,7.994861,-0.175781,0
157.5298,490.605469,7.994861,0.000000,0
157.5450,490.517578,7.993311,-0.087891,0
157.5602,490.429688,7.991760,-0.087891,0
157.5754,490.341797,7.990210,-0.087891,0
157.5907,490.253906,7.988660,-0.087891,0
157.6059,490.166016,7.987109,-0.087891,0
157.6212,490.078125,7.985559,-0.087891,0
157.6364,490.078125,7.985559,0.000000,0
157.6516,489.990234,7.984009,-0.087891,0
157.6669,489.902344,7.982458,-0.087891,0
157.6821,489.814453,7.980908,-0.087891,0
157.6973,489.814453,7.980908,0.000000,0
157.7125,489.726562,7.979358,-0.087891,0
157.7278,489.638672,7.977808,-0.087891,0
157.7430,489.550781,7.976257,-0.087891,0
157.7582,489.462891,7.974707,-0.087891,0
157.7735,489.375000,7.973157,-0.087891,0
157.7887,489.375000,7.973157,0.000000,0
157.8040,489.287109,7.971606,-0.087891,0
157.8193,489.199219,7.970056,-0.087891,0
157.8345,489.199219,7.970056,0.000000,0
157.8497,489.111328,7.968506,-0.087891,0
157.8653,489.023438,7.966956,-0.087891,0
157.8805,488.935547,7.965405,-0.087891,0
157.8957,488.847656,7.963855,-0.087891,0
157.9110,488.759766,7.962305,-0.087891,0
157.9262,488.759766,7.962305,0.000000,0
157.9415,488.583984,7.959204,-0.175781,0
157.9567,488.583984,7.959204,0.000000,0
157.9719,488.496094,7.957654,-0.087891,0
157.9871,488.408203,7.956104,-0.087891,0
158.0023,488.320312,7.954553,-0.087891,0
158.0176,488.232422,7.953003,-0.087891,0
158.0328,488.232422,7.953003,0.000000,0
158.0482,488.056641,7.949902,-0.175781,0
158.0634,488.056641,7.949902,0.000000,0
158.0786,488.056641,7.949902,0.000000,0
158.0938,487.968750,7.948352,-0.087891,0
158.1090,487.880859,7.946802,-0.087891,0
158.1242,487.792969,7.945251,-0.087891,0
158.1394,487.792969,7.945251,0.000000,0
158.1547,487.617188,7.942151,-0.175781,0
158.1700,487.617188,7.942151,0.000000,0
158.1852,487.441406,7.939050,-0.175781,0
158.2004,487.441406,7.939050,0.000000,0
158.2156,487.353516,7.937500,-0.087891,0
158.2309,487.265625,7.935950,-0.087891,0
158.2461,487.177734,7.934399,-0.087891,0
158.2613,487.089844,7.932849,-0.087891,0
158.2766,487.001953,7.931299,-0.087891,0
158.2918,486.914062,7.929749,-0.087891,0
158.3071,486.914062,7.929749,0.000000,0
158.3230,486.738281,7.926648,-0.175781,0
158.3382,486.738281,7.926648,0.000000,0
158.3535,486.562500,7.923547,-0.175781,0
158.3688,486.562500,7.923547,0.000000,0
158.3841,486.386719,7.920447,-0.175781,0
158.3993,486.386719,7.920447,0.000000,0
158.4146,486.298828,7.918896,-0.087891,0
158.4298,486.298828,7.918896,0.000000,0
158.4450,486.123047,7.915796,-0.175781,0
158.4602,486.123047,7.915796,0.000000,0
158.4755,486.035156,7.914246,-0.087891,0
158.4907,485.947266,7.912695,-0.087891,0
158.5060,485.947266,7.912695,0.000000,0
158.5214,485.859375,7.911145,-0.087891,0
158.5366,485.771484,7.909595,-0.087891,0
158.5519,485.683594,7.908044,-0.087891,0
158.5671,485.683594,7.908044,0.000000,0
158.5823,485.595703,7.906494,-0.087891,0
158.5975,485.507812,7.904944,-0.087891,0
158.6133,485.419922,7.903394,-0.087891,0
158.6287,485.419922,7.903394,0.000000,0
158.6439,485.244141,7.900293,-0.175781,0
158.6599,485.244141,7.900293,0.000000,0
158.6752,485.068359,7.897192,-0.175781,0
158.6905,485.068359,7.897192,0.000000,0
158.7057,484.980469,7.895642,-0.087891,0
158.7210,484.892578,7.894092,-0.087891,0
158.7363,484.892578,7.894092,0.000000,0
158.7515,484.804688,7.892542,-0.087891,0
158.7668,484.716797,7.890991,-0.087891,0
158.7820,484.628906,7.889441,-0.087891,0
158.7972,484.628906,7.889441,0.000000,0
158.8125,484.541016,7.887891,-0.087891,0
158.8277,484.453125,7.886340,-0.087891,0
158.8429,484.365234,7.884790,-0.087891,0
158.8581,484.277344,7.883240,-0.087891,0
158.8733,484.277344,7.883240,0.000000,0
158.8886,484.101562,7.880139,-0.175781,0
158.9038,484.101562,7.880139,0.000000,0
158.9190,484.013672,7.878589,-0.087891,0
158.9342,483.925781,7.877039,-0.087891,0
158.9494,483.837891,7.875488,-0.087891,0
158.9647,483.750000,7.873938,-0.087891,0
158.9802,483.662109,7.872388,-0.087891,0
158.9954,483.574219,7.870837,-0.087891,0
159.0106,483.486328,7.869287,-0.087891,0
159.0259,483.398438,7.867737,-0.087891,0
159.0411,483.398438,7.867737,0.000000,0
159.0563,483.222656,7.864636,-0.175781,0
159.0715,483.222656,7.864636,0.000000,0
159.0868,483.046875,7.861536,-0.175781,0
159.1020,483.046875,7.861536,0.000000,0
159.1172,482.958984,7.859985,-0.087891,0
159.1325,482.958984,7.859985,0.000000,0
159.1477,482.783203,7.856885,-0.175781,0
159.1629,482.783203,7.856885,0.000000,0
159.1783,482.695312,7.855334,-0.087891,0
159.1935,482.607422,7.853784,-0.087891,0
159.2087,482.607422,7.853784,0.000000,0
159.2240,482.519531,7.852234,-0.087891,0
159.2392,482.431641,7.850684,-0.087891,0
159.2544,482.343750,7.849133,-0.087891,0
159.2697,482.343750,7.849133,0.000000,0
159.2850,482.255859,7.847583,-0.087891,0
159.3002,482.167969,7.846033,-0.087891,0
159.3154,482.080078,7.844482,-0.087891,0
159.3306,481.992188,7.842932,-0.087891,0
159.3458,481.904297,7.841382,-0.087891,0
159.3610,481.904297,7.841382,0.000000,0
159.3762,481.904297,7.841382,0.000000,0
159.3914,481.728516,7.838281,-0.175781,0
159.4067,481.640625,7.836731,-0.087891,0
159.4219,481.552734,7.835181,-0.087891,0
159.4371,481.464844,7.833630,-0.087891,0
159.4523,481.376953,7.832080,-0.087891,0
159.4676,481.376953,7.832080,0.000000,0
159.4828,481.289062,7.830530,-0.087891,0
159.4981,481.201172,7.828979,-0.087891,0
159.5134,481.113281,7.827429,-0.087891,0
159.5287,481.113281,7.827429,0.000000,0
159.5440,481.113281,7.827429,0.000000,0
159.5593,481.025391,7.825879,-0.087891,0
159.5745,480.937500,7.824329,-0.087891,0
159.5897,480.849609,7.822778,-0.087891,0
159.6049,480.761719,7.821228,-0.087891,0
159.6201,480.673828,7.819678,-0.087891,0
159.6354,480.585938,7.818127,-0.087891,0
159.6506,480.498047,7.816577,-0.087891,0
159.6658,480.410156,7.815027,-0.087891,0
159.6811,480.322266,7.813477,-0.087891,0
159.6963,480.322266,7.813477,0.000000,0
159.7115,480.234375,7.811926,-0.087891,0
159.7267,480.058594,7.808826,-0.175781,0
159.7420,480.058594,7.808826,0.000000,0
159.7572,479.970703,7.807275,-0.087891,0
159.7724,479.882812,7.805725,-0.087891,0
159.7876,479.794922,7.804175,-0.087891,0
159.8028,479.707031,7.802625,-0.087891,0
159.8180,479.619141,7.801074,-0.087891,0
159.8333,479.619141,7.801074,0.000000,0
159.8485,479.443359,7.797974,-0.175781,0
159.8637,479.355469,7.796423,-0.087891,0
159.8790,479.355469,7.796423,0.000000,0
159.8942,479.267578,7.794873,-0.087891,0
159.9094,479.267578,7.794873,0.000000,0
159.9246,479.179688,7.793323,-0.087891,0
159.9399,479.091797,7.791772,-0.087891,0
159.9552,478.916016,7.788672,-0.175781,0
159.9704,478.916016,7.788672,0.000000,0
159.9856,478.828125,7.787122,-0.087891,0
160.0008,478.740234,7.785571,-0.087891,0
160.0160,478.740234,7.785571,0.000000,0
160.0313,478.652344,7.784021,-0.087891,0
160.0465,478.564453,7.782471,-0.087891,0
160.0617,478.564453,7.782471,0.000000,0
160.0769,478.476562,7.780920,-0.087891,0
160.0922,478.388672,7.779370,-0.087891,0
160.1074,478.388672,7.779370,0.000000,0
160.1226,478.212891,7.776270,-0.175781,0
160.1378,478.212891,7.776270,0.000000,0
160.1530,478.037109,7.773169,-0.175781,0
160.1683,478.037109,7.773169,0.000000,0
160.1835,477.949219,7.771619,-0.087891,0
160.1988,477.861328,7.770068,-0.087891,0
160.2140,477.773438,7.768518,-0.087891,0
160.2292,477.685547,7.766968,-0.087891,0
160.2446,477.685547,7.766968,0.000000,0
160.2598,477.597656,7.765417,-0.087891,0
160.2751,477.509766,7.763867,-0.087891,0
160.2904,477.421875,7.762317,-0.087891,0
160.3057,477.421875,7.762317,0.000000,0
160.3210,477.333984,7.760767,-0.087891,0
160.3362,477.333984,7.760767,0.000000,0
160.3514,477.158203,7.757666,-0.175781,0
160.3669,477.158203,7.757666,0.000000,0
160.3821,477.070312,7.756116,-0.087891,0
160.3974,476.894531,7.753015,-0.175781,0
160.4126,476.894531,7.753015,0.000000,0
160.4278,476.806641,7.751465,-0.087891,0
160.4430,476.718750,7.749915,-0.087891,0
160.4582,476.630859,7.748364,-0.087891,0
160.4735,476.542969,7.746814,-0.087891,0
160.4887,476.455078,7.745264,-0.087891,0
160.5039,476.367188,7.743713,-0.087891,0
160.5191,476.279297,7.742163,-0.087891,0
160.5343,476.191406,7.740613,-0.087891,0
160.5495,476.191406,7.740613,0.000000,0
160.5647,476.103516,7.739063,-0.087891,0
160.5800,476.015625,7.737512,-0.087891,0
160.5952,475.927734,7.735962,-0.087891,0
160.6105,475.927734,7.735962,0.000000,0
160.6257,475.751953,7.732861,-0.175781,0
160.6413,475.751953,7.732861,0.000000,0
160.6566,475.664062,7.731311,-0.087891,0
160.6718,475.664062,7.731311,0.000000,0
160.6871,475.576172,7.729761,-0.087891,0
160.7023,475.488281,7.728210,-0.087891,0
160.7176,475.400391,7.726660,-0.087891,0
160.7329,475.312500,7.725110,-0.087891,0
160.7481,475.224609,7.723560,-0.087891,0
160.7635,475.136719,7.722009,-0.087891,0
160.7787,475.136719,7.722009,0.000000,0
160.7939,475.048828,7.720459,-0.087891,0
160.8092,474.960938,7.718909,-0.087891,0
160.8244,474.873047,7.717358,-0.087891,0
160.8397,474.873047,7.717358,0.000000,0
160.8549,474.697266,7.714258,-0.175781,0
160.8701,474.697266,7.714258,0.000000,0
160.8853,474.609375,7.712708,-0.087891,0
160.9006,474.521484,7.711157,-0.087891,0
160.9158,474.433594,7.709607,-0.087891,0
160.9310,474.345703,7.708057,-0.087891,0
160.9462,474.257812,7.706506,-0.087891,0
160.9614,474.169922,7.704956,-0.087891,0
160.9766,474.169922,7.704956,0.000000,0
160.9919,474.082031,7.703406,-0.087891,0
161.0071,473.994141,7.701855,-0.087891,0
161.0224,473.906250,7.700305,-0.087891,0
161.0377,473.906250,7.700305,0.000000,0
161.0530,473.906250,7.700305,0.000000,0
161.0682,473.730469,7.697205,-0.175781,0
161.0834,473.730469,7.697205,0.000000,0
161.0986,473.642578,7.695654,-0.087891,0
161.1138,473.554688,7.694104,-0.087891,0
161.1291,473.466797,7.692554,-0.087891,0
161.1443,473.378906,7.691003,-0.087891,0
161.1596,473.291016,7.689453,-0.087891,0
161.1748,473.203125,7.687903,-0.087891,0
161.1900,473.115234,7.686353,-0.087891,0
161.2064,473.027344,7.684802,-0.087891,0
161.2217,472.939453,7.683252,-0.087891,0
161.2369,472.939453,7.683252,0.000000,0
161.2522,472.851562,7.681702,-0.087891,0
161.2675,472.763672,7.680151,-0.087891,0
161.2828,472.675781,7.678601,-0.087891,0
161.2980,472.587891,7.677051,-0.087891,0
161.3136,472.500000,7.675500,-0.087891,0
161.3288,472.412109,7.673950,-0.087891,0
161.3440,472.412109,7.673950,0.000000,0
161.3593,472.324219,7.672400,-0.087891,0
161.3746,472.236328,7.670850,-0.087891,0
161.3898,472.148438,7.669299,-0.087891,0
161.4050,472.060547,7.667749,-0.087891,0
161.4202,471.972656,7.666199,-0.087891,0
161.4355,471.972656,7.666199,0.000000,0
161.4514,471.884766,7.664648,-0.087891,0
161.4666,471.796875,7.663098,-0.087891,0
161.4819,471.796875,7.663098,0.000000,0
161.4973,471.708984,7.661548,-0.087891,0
161.5125,471.621094,7.659998,-0.087891,0
161.5277,471.533203,7.658447,-0.087891,0
161.5429,471.533203,7.658447,0.000000,0
161.5586,471.445312,7.656897,-0.087891,0
161.5738,471.357422,7.655347,-0.087891,0
161.5890,471.269531,7.653796,-0.087891,0
161.6042,471.269531,7.653796,0.000000,0
161.6195,471.093750,7.650696,-0.175781,0
161.6347,471.093750,7.650696,0.000000,0
161.6499,471.005859,7.649146,-0.087891,0
161.6652,470.830078,7.646045,-0.175781,0
161.6804,470.830078,7.646045,0.000000,0
161.6956,470.742188,7.644495,-0.087891,0
161.7108,470.654297,7.642944,-0.087891,0
161.7260,470.566406,7.641394,-0.087891,0
161.7412,470.478516,7.639844,-0.087891,0
161.7571,470.390625,7.638293,-0.087891,0
161.7723,470.390625,7.638293,0.000000,0
161.7876,470.302734,7.636743,-0.087891,0
161.8029,470.302734,7.636743,0.000000,0
161.8183,470.214844,7.635193,-0.087891,0
161.8336,470.126953,7.633643,-0.087891,0
161.8488,470.126953,7.633643,0.000000,0
161.8642,469.951172,7.630542,-0.175781,0
161.8794,469.951172,7.630542,0.000000,0
161.8946,469.775391,7.627441,-0.175781,0
161.9099,469.775391,7.627441,0.000000,0
161.9251,469.687500,7.625891,-0.087891,0
161.9403,469.599609,7.624341,-0.087891,0
161.9555,469.511719,7.622791,-0.087891,0
161.9708,469.423828,7.621240,-0.087891,0
161.9860,469.335938,7.619690,-0.087891,0
162.0013,469.248047,7.618140,-0.087891,0
162.0167,469.248047,7.618140,0.000000,0
162.0320,469.072266,7.615039,-0.175781,0
162.0473,469.072266,7.615039,0.000000,0
162.0625,468.896484,7.611938,-0.175781,0
162.0777,468.896484,7.611938,0.000000,0
162.0929,468.808594,7.610388,-0.087891,0
162.1081,468.720703,7.608838,-0.087891,0
162.1234,468.632812,7.607288,-0.087891,0
162.1386,468.544922,7.605737,-0.087891,0
162.1538,468.457031,7.604187,-0.087891,0
162.1691,468.457031,7.604187,0.000000,0
162.1843,468.457031,7.604187,0.000000,0
162.1996,468.281250,7.601086,-0.175781,0
162.2148,468.281250,7.601086,0.000000,0
162.2300,468.105469,7.597986,-0.175781,0
162.2453,468.105469,7.597986,0.000000,0
162.2605,468.017578,7.596436,-0.087891,0
162.2757,468.017578,7.596436,0.000000,0
162.2909,467.929688,7.594885,-0.087891,0
162.3061,467.841797,7.593335,-0.087891,0
162.3213,467.841797,7.593335,0.000000,0
162.3366,467.666016,7.590234,-0.175781,0
162.3519,467.666016,7.590234,0.000000,0
162.3671,467.578125,7.588684,-0.087891,0
162.3824,467.578125,7.588684,0.000000,0
162.3976,467.490234,7.587134,-0.087891,0
162.4128,467.402344,7.585583,-0.087891,0
162.4280,467.314453,7.584033,-0.087891,0
162.4433,467.226562,7.582483,-0.087891,0
162.4585,467.138672,7.580933,-0.087891,0
162.4740,467.050781,7.579382,-0.087891,0
162.4892,466.962891,7.577832,-0.087891,0
162.5044,466.875000,7.576282,-0.087891,0
162.5196,466.875000,7.576282,0.000000,0
162.5348,466.787109,7.574731,-0.087891,0
162.5501,466.699219,7.573181,-0.087891,0
162.5653,466.611328,7.571631,-0.087891,0
162.5805,466.611328,7.571631,0.000000,0
162.5957,466.523438,7.570081,-0.087891,0
162.6110,466.435547,7.568530,-0.087891,0
162.6262,466.347656,7.566980,-0.087891,0
162.6428,466.259766,7.565430,-0.087891,0
162.6580,466.171875,7.563879,-0.087891,0
162.6744,466.083984,7.562329,-0.087891,0
162.6897,465.996094,7.560779,-0.087891,0
162.7049,465.908203,7.559229,-0.087891,0
162.7201,465.820312,7.557678,-0.087891,0
162.7353,465.732422,7.556128,-0.087891,0
162.7505,465.732422,7.556128,0.000000,0
162.7659,465.644531,7.554578,-0.087891,0
162.7812,465.556641,7.553027,-0.087891,0
162.7964,465.468750,7.551477,-0.087891,0
162.8117,465.380859,7.549927,-0.087891,0
162.8269,465.292969,7.548376,-0.087891,0
162.8421,465.292969,7.548376,0.000000,0
162.8573,465.117188,7.545276,-0.175781,0
162.8725,465.117188,7.545276,0.000000,0
162.8878,465.029297,7.543726,-0.087891,0
162.9031,464.941406,7.542175,-0.087891,0
162.9183,464.941406,7.542175,0.000000,0
162.9335,464.765625,7.539075,-0.175781,0
162.9487,464.765625,7.539075,0.000000,0
162.9641,464.677734,7.537524,-0.087891,0
162.9794,464.677734,7.537524,0.000000,0
162.9946,464.501953,7.534424,-0.175781,0
163.0102,464.501953,7.534424,0.000000,0
163.0254,464.414062,7.532874,-0.087891,0
163.0406,464.414062,7.532874,0.000000,0
163.0560,464.326172,7.531323,-0.087891,0
163.0713,464.238281,7.529773,-0.087891,0
163.0865,464.150391,7.528223,-0.087891,0
163.1019,464.062500,7.526672,-0.087891,0
163.1171,464.062500,7.526672,0.000000,0
163.1323,463.886719,7.523572,-0.175781,0
163.1476,463.886719,7.523572,0.000000,0
163.1628,463.798828,7.522021,-0.087891,0
163.1780,463.710938,7.520471,-0.087891,0
163.1932,463.623047,7.518921,-0.087891,0
163.2084,463.535156,7.517371,-0.087891,0
163.2237,463.447266,7.515820,-0.087891,0
163.2389,463.359375,7.514270,-0.087891,0
163.2541,463.359375,7.514270,0.000000,0
163.2694,463.271484,7.512720,-0.087891,0
163.2847,463.183594,7.511169,-0.087891,0
163.2999,463.095703,7.509619,-0.087891,0
163.3151,463.095703,7.509619,0.000000,0
163.3304,463.007812,7.508069,-0.087891,0
163.3457,463.007812,7.508069,0.000000,0
163.3611,462.919922,7.506519,-0.087891,0
163.3763,462.832031,7.504968,-0.087891,0
163.3916,462.656250,7.501868,-0.175781,0
163.4069,462.656250,7.501868,0.000000,0
163.4221,462.568359,7.500317,-0.087891,0
163.4380,462.480469,7.498767,-0.087891,0
163.4537,462.392578,7.497217,-0.087891,0
163.4689,462.304688,7.495667,-0.087891,0
163.4842,462.216797,7.494116,-0.087891,0
163.4995,462.128906,7.492566,-0.087891,0
163.5148,462.041016,7.491016,-0.087891,0
163.5300,461.953125,7.489465,-0.087891,0
163.5453,461.865234,7.487915,-0.087891,0
163.5605,461.777344,7.486365,-0.087891,0
163.5757,461.777344,7.486365,0.000000,0
163.5910,461.601562,7.483264,-0.175781,0
163.6062,461.601562,7.483264,0.000000,0
163.6214,461.513672,7.481714,-0.087891,0
163.6366,461.425781,7.480164,-0.087891,0
163.6520,461.425781,7.480164,0.000000,0
163.6674,461.337891,7.478613,-0.087891,0
163.6827,461.250000,7.477063,-0.087891,0
163.6979,461.162109,7.475513,-0.087891,0
163.7131,461.074219,7.473962,-0.087891,0
163.7284,461.074219,7.473962,0.000000,0
163.7436,460.986328,7.472412,-0.087891,0
163.7588,460.898438,7.470862,-0.087891,0
163.7740,460.810547,7.469312,-0.087891,0
163.7893,460.722656,7.467761,-0.087891,0
163.8045,460.722656,7.467761,0.000000,0
163.8197,460.634766,7.466211,-0.087891,0
163.8349,460.546875,7.464661,-0.087891,0
163.8502,460.546875,7.464661,0.000000,0
163.8654,460.458984,7.463110,-0.087891,0
163.8807,460.371094,7.461560,-0.087891,0
163.8960,460.283203,7.460010,-0.087891,0
163.9112,460.195312,7.458459,-0.087891,0
163.9265,460.195312,7.458459,0.000000,0
163.9417,460.107422,7.456909,-0.087891,0
163.9569,460.019531,7.455359,-0.087891,0
163.9722,459.931641,7.453809,-0.087891,0
163.9874,459.931641,7.453809,0.000000,0
164.0026,459.755859,7.450708,-0.175781,0
164.0181,459.667969,7.449158,-0.087891,0
164.0333,459.580078,7.447607,-0.087891,0
164.0485,459.580078,7.447607,0.000000,0
164.0637,459.492188,7.446057,-0.087891,0
164.0789,459.404297,7.444507,-0.087891,0
164.0942,459.316406,7.442957,-0.087891,0
164.1094,459.316406,7.442957,0.000000,0
164.1247,459.228516,7.441406,-0.087891,0
164.1400,459.228516,7.441406,0.000000,0
164.1553,459.140625,7.439856,-0.087891,0
164.1705,459.052734,7.438306,-0.087891,0
164.1858,458.964844,7.436755,-0.087891,0
164.2011,458.876953,7.435205,-0.087891,0
164.2165,458.789062,7.433655,-0.087891,0
164.2317,458.701172,7.432104,-0.087891,0
164.2469,458.613281,7.430554,-0.087891,0
164.2621,458.525391,7.429004,-0.087891,0
164.2774,458.525391,7.429004,0.000000,0
164.2927,458.349609,7.425903,-0.175781,0
164.3080,458.261719,7.424353,-0.087891,0
164.3232,458.173828,7.422803,-0.087891,0
164.3384,458.085938,7.421252,-0.087891,0
164.3537,458.085938,7.421252,0.000000,0
164.3689,457.998047,7.419702,-0.087891,0
164.3842,457.910156,7.418152,-0.087891,0
164.3994,457.822266,7.416602,-0.087891,0
164.4146,457.734375,7.415051,-0.087891,0
164.4298,457.646484,7.413501,-0.087891,0
164.4451,457.558594,7.411951,-0.087891,0
164.4603,457.470703,7.410400,-0.087891,0
164.4755,457.470703,7.410400,0.000000,0
164.4908,457.382812,7.408850,-0.087891,0
164.5060,457.294922,7.407300,-0.087891,0
164.5212,457.294922,7.407300,0.000000,0
164.5365,457.207031,7.405750,-0.087891,0
164.5517,457.119141,7.404199,-0.087891,0
164.5669,457.031250,7.402649,-0.087891,0
164.5821,457.031250,7.402649,0.000000,0
164.5975,456.943359,7.401099,-0.087891,0
164.6127,456.855469,7.399548,-0.087891,0
164.6279,456.767578,7.397998,-0.087891,0
164.6431,456.767578,7.397998,0.000000,0
164.6583,456.679688,7.396448,-0.087891,0
164.6735,456.591797,7.394897,-0.087891,0
164.6890,456.503906,7.393347,-0.087891,0
164.7042,456.416016,7.391797,-0.087891,0
164.7194,456.416016,7.391797,0.000000,0
164.7347,456.240234,7.388696,-0.175781,0
164.7499,456.240234,7.388696,0.000000,0
164.7651,456.152344,7.387146,-0.087891,0
164.7806,456.064453,7.385596,-0.087891,0
164.7962,455.976562,7.384045,-0.087891,0
164.8115,455.888672,7.382495,-0.087891,0
164.8268,455.800781,7.380945,-0.087891,0
164.8421,455.800781,7.380945,0.000000,0
164.8573,455.712891,7.379395,-0.087891,0
164.8725,455.625000,7.377844,-0.087891,0
164.8877,455.625000,7.377844,0.000000,0
164.9030,455.537109,7.376294,-0.087891,0
164.9182,455.449219,7.374744,-0.087891,0
164.9334,455.361328,7.373193,-0.087891,0
164.9486,455.361328,7.373193,0.000000,0
164.9638,455.185547,7.370093,-0.175781,0
164.9790,455.185547,7.370093,0.000000,0
164.9946,455.097656,7.368542,-0.087891,0
165.0099,455.009766,7.366992,-0.087891,0
165.0251,454.921875,7.365442,-0.087891,0
165.0414,454.833984,7.363892,-0.087891,0
165.0566,454.746094,7.362341,-0.087891,0
165.0718,454.658203,7.360791,-0.087891,0
165.0870,454.658203,7.360791,0.000000,0
165.1023,454.570312,7.359241,-0.087891,0
165.1177,454.482422,7.357690,-0.087891,0
165.1329,454.394531,7.356140,-0.087891,0
165.1482,454.306641,7.354590,-0.087891,0
165.1634,454.218750,7.353040,-0.087891,0
165.1788,454.130859,7.351489,-0.087891,0
165.1940,454.042969,7.349939,-0.087891,0
165.2092,453.955078,7.348389,-0.087891,0
165.2245,453.867188,7.346838,-0.087891,0
165.2397,453.867188,7.346838,0.000000,0
165.2550,453.779297,7.345288,-0.087891,0
165.2702,453.691406,7.343738,-0.087891,0
165.2854,453.691406,7.343738,0.000000,0
165.3007,453.603516,7.342188,-0.087891,0
165.3159,453.515625,7.340637,-0.087891,0
165.3311,453.427734,7.339087,-0.087891,0
165.3463,453.427734,7.339087,0.000000,0
165.3615,453.339844,7.337537,-0.087891,0
165.3767,453.251953,7.335986,-0.087891,0
165.3920,453.164062,7.334436,-0.087891,0
165.4073,453.164062,7.334436,0.000000,0
165.4225,453.076172,7.332886,-0.087891,0
165.4384,452.988281,7.331335,-0.087891,0
165.4537,452.900391,7.329785,-0.087891,0
165.4689,452.900391,7.329785,0.000000,0
165.4841,452.812500,7.328235,-0.087891,0
165.4994,452.724609,7.326685,-0.087891,0
165.5146,452.636719,7.325134,-0.087891,0
165.5298,452.548828,7.323584,-0.087891,0
165.5450,452.460938,7.322034,-0.087891,0
165.5602,452.373047,7.320483,-0.087891,0
165.5755,452.285156,7.318933,-0.087891,0
165.5907,452.285156,7.318933,0.000000,0
165.6059,452.109375,7.315833,-0.175781,0
165.6211,452.109375,7.315833,0.000000,0
165.6363,452.021484,7.314282,-0.087891,0
165.6515,451.933594,7.312732,-0.087891,0
165.6667,451.845703,7.311182,-0.087891,0
165.6820,451.845703,7.311182,0.000000,0
165.6972,451.669922,7.308081,-0.175781,0
165.7124,451.669922,7.308081,0.000000,0
165.7276,451.582031,7.306531,-0.087891,0
165.7442,451.582031,7.306531,0.000000,0
165.7594,451.406250,7.303430,-0.175781,0
165.7746,451.406250,7.303430,0.000000,0
165.7898,451.318359,7.301880,-0.087891,0
165.8051,451.230469,7.300330,-0.087891,0
165.8203,451.142578,7.298779,-0.087891,0
165.8355,451.054688,7.297229,-0.087891,0
165.8508,450.966797,7.295679,-0.087891,0
165.8660,450.878906,7.294128,-0.087891,0
165.8812,450.878906,7.294128,0.000000,0
165.8964,450.703125,7.291028,-0.175781,0
165.9118,450.703125,7.291028,0.000000,0
165.9270,450.527344,7.287927,-0.175781,0
165.9422,450.527344,7.287927,0.000000,0
165.9575,450.439453,7.286377,-0.087891,0
165.9727,450.351562,7.284827,-0.087891,0
165.9879,450.263672,7.283276,-0.087891,0
166.0031,450.175781,7.281726,-0.087891,0
166.0184,450.175781,7.281726,0.000000,0
166.0336,450.087891,7.280176,-0.087891,0
166.0488,450.000000,7.278625,-0.087891,0
166.0640,449.912109,7.277075,-0.087891,0
166.0793,449.824219,7.275525,-0.087891,0
166.0945,449.736328,7.273975,-0.087891,0
166.1097,449.736328,7.273975,0.000000,0
166.1251,449.648438,7.272424,-0.087891,0
166.1403,449.648438,7.272424,0.000000,0
166.1555,449.560547,7.270874,-0.087891,0
166.1707,449.472656,7.269324,-0.087891,0
166.1859,449.384766,7.267773,-0.087891,0
166.2012,449.296875,7.266223,-0.087891,0
166.2164,449.296875,7.266223,0.000000,0
166.2316,449.208984,7.264673,-0.087891,0
166.2468,449.208984,7.264673,0.000000,0
166.2620,449.033203,7.261572,-0.175781,0
166.2780,449.033203,7.261572,0.000000,0
166.2932,448.945312,7.260022,-0.087891,0
166.3084,448.857422,7.258472,-0.087891,0
166.3236,448.857422,7.258472,0.000000,0
166.3389,448.769531,7.256921,-0.087891,0
166.3542,448.681641,7.255371,-0.087891,0
166.3694,448.505859,7.252271,-0.175781,0
166.3846,448.505859,7.252271,0.000000,0
166.3998,448.330078,7.249170,-0.175781,0
166.4151,448.330078,7.249170,0.000000,0
166.4310,448.242188,7.247620,-0.087891,0
166.4462,448.154297,7.246069,-0.087891,0
166.4614,448.066406,7.244519,-0.087891,0
166.4766,447.978516,7.242969,-0.087891,0
166.4919,447.978516,7.242969,0.000000,0
166.5071,447.890625,7.241418,-0.087891,0
166.5223,447.890625,7.241418,0.000000,0
166.5375,447.802734,7.239868,-0.087891,0
166.5527,447.714844,7.238318,-0.087891,0
166.5680,447.626953,7.236768,-0.087891,0
166.5833,447.539062,7.235217,-0.087891,0
166.5985,447.451172,7.233667,-0.087891,0
166.6139,447.363281,7.232117,-0.087891,0
166.6292,447.275391,7.230566,-0.087891,0
166.6443,447.187500,7.229016,-0.087891,0
166.6595,447.187500,7.229016,0.000000,0
166.6748,447.099609,7.227466,-0.087891,0
166.6900,447.011719,7.225916,-0.087891,0
166.7056,446.923828,7.224365,-0.087891,0
166.7210,446.835938,7.222815,-0.087891,0
166.7363,446.748047,7.221265,-0.087891,0
166.7515,446.660156,7.219714,-0.087891,0
166.7667,446.572266,7.218164,-0.087891,0
166.7820,446.572266,7.218164,0.000000,0
166.7973,446.396484,7.215063,-0.175781,0
166.8128,446.396484,7.215063,0.000000,0
166.8281,446.220703,7.211963,-0.175781,0
166.8433,446.220703,7.211963,0.000000,0
166.8585,446.132812,7.210413,-0.087891,0
166.8737,446.044922,7.208862,-0.087891,0
166.8890,446.044922,7.208862,0.000000,0
166.9042,445.957031,7.207312,-0.087891,0
166.9195,445.869141,7.205762,-0.087891,0
166.9347,445.781250,7.204211,-0.087891,0
166.9500,445.781250,7.204211,0.000000,0
166.9652,445.693359,7.202661,-0.087891,0
166.9804,445.605469,7.201111,-0.087891,0
166.9956,445.517578,7.199561,-0.087891,0
167.0108,445.517578,7.199561,0.000000,0
167.0261,445.429688,7.198010,-0.087891,0
167.0413,445.341797,7.196460,-0.087891,0
167.0566,445.341797,7.196460,0.000000,0
167.0718,445.253906,7.194910,-0.087891,0
167.0870,445.166016,7.193359,-0.087891,0
167.1022,445.078125,7.191809,-0.087891,0
167.1175,444.990234,7.190259,-0.087891,0
167.1329,444.990234,7.190259,0.000000,0
167.1482,444.902344,7.188708,-0.087891,0
167.1634,444.814453,7.187158,-0.087891,0
167.1786,444.726562,7.185608,-0.087891,0
167.1938,444.638672,7.184058,-0.087891,0
167.2090,444.550781,7.182507,-0.087891,0
167.2242,444.462891,7.180957,-0.087891,0
167.2395,444.375000,7.179407,-0.087891,0
167.2548,444.375000,7.179407,0.000000,0
167.2700,444.287109,7.177856,-0.087891,0
167.2852,444.199219,7.176306,-0.087891,0
167.3004,444.111328,7.174756,-0.087891,0
167.3157,444.111328,7.174756,0.000000,0
167.3310,444.023438,7.173206,-0.087891,0
167.3462,443.935547,7.171655,-0.087891,0
167.3614,443.847656,7.170105,-0.087891,0
167.3766,443.847656,7.170105,0.000000,0
167.3918,443.759766,7.168555,-0.087891,0
167.4071,443.583984,7.165454,-0.175781,0
167.4226,443.583984,7.165454,0.000000,0
167.4391,443.496094,7.163904,-0.087891,0
167.4543,443.408203,7.162354,-0.087891,0
167.4695,443.320312,7.160803,-0.087891,0
167.4848,443.232422,7.159253,-0.087891,0
167.5001,443.144531,7.157703,-0.087891,0
167.5154,443.144531,7.157703,0.000000,0
167.5307,442.968750,7.154602,-0.175781,0
167.5459,442.880859,7.153052,-0.087891,0
167.5611,442.880859,7.153052,0.000000,0
167.5763,442.792969,7.151501,-0.087891,0
167.5916,442.705078,7.149951,-0.087891,0
167.6068,442.617188,7.148401,-0.087891,0
167.6224,442.617188,7.148401,0.000000,0
167.6378,442.441406,7.145300,-0.175781,0
167.6531,442.441406,7.145300,0.000000,0
167.6683,442.353516,7.143750,-0.087891,0
167.6836,442.265625,7.142200,-0.087891,0
167.6988,442.177734,7.140649,-0.087891,0
167.7140,442.089844,7.139099,-0.087891,0
167.7292,442.001953,7.137549,-0.087891,0
167.7444,442.001953,7.137549,0.000000,0
167.7597,442.001953,7.137549,0.000000,0
167.7750,441.914062,7.135999,-0.087891,0
167.7902,441.826172,7.134448,-0.087891,0
167.8054,441.738281,7.132898,-0.087891,0
167.8206,441.650391,7.131348,-0.087891,0
167.8359,441.562500,7.129797,-0.087891,0
167.8511,441.562500,7.129797,0.000000,0
167.8663,441.474609,7.128247,-0.087891,0
167.8815,441.386719,7.126697,-0.087891,0
167.8967,441.386719,7.126697,0.000000,0
167.9119,441.298828,7.125146,-0.087891,0
167.9271,441.210938,7.123596,-0.087891,0
167.9424,441.123047,7.122046,-0.087891,0
167.9576,441.123047,7.122046,0.000000,0
167.9728,440.947266,7.118945,-0.175781,0
167.9880,440.859375,7.117395,-0.087891,0
168.0033,440.771484,7.115845,-0.087891,0
168.0185,440.683594,7.114294,-0.087891,0
168.0339,440.595703,7.112744,-0.087891,0
168.0491,440.595703,7.112744,0.000000,0
168.0645,440.507812,7.111194,-0.087891,0
168.0797,440.419922,7.109644,-0.087891,0
168.0949,440.419922,7.109644,0.000000,0
168.1102,440.244141,7.106543,-0.175781,0
168.1254,440.244141,7.106543,0.000000,0
168.1407,440.156250,7.104993,-0.087891,0
168.1560,440.156250,7.104993,0.000000,0
168.1712,439.980469,7.101892,-0.175781,0
168.1866,439.980469,7.101892,0.000000,0
168.2019,439.892578,7.100342,-0.087891,0
168.2171,439.804688,7.098792,-0.087891,0
168.2324,439.628906,7.095691,-0.175781,0
168.2476,439.628906,7.095691,0.000000,0
168.2628,439.541016,7.094141,-0.087891,0
168.2780,439.453125,7.092590,-0.087891,0
168.2942,439.453125,7.092590,0.000000,0
168.3094,439.365234,7.091040,-0.087891,0
168.3246,439.277344,7.089490,-0.087891,0
168.3399,439.189453,7.087939,-0.087891,0
168.3554,439.101562,7.086389,-0.087891,0
168.3706,439.013672,7.084839,-0.087891,0
168.3858,438.925781,7.083289,-0.087891,0
168.4011,438.837891,7.081738,-0.087891,0
168.4164,438.750000,7.080188,-0.087891,0
168.4317,438.662109,7.078638,-0.087891,0
168.4469,438.662109,7.078638,0.000000,0
168.4620,438.574219,7.077087,-0.087891,0
168.4773,438.486328,7.075537,-0.087891,0
168.4926,438.398438,7.073987,-0.087891,0
168.5078,438.310547,7.072437,-0.087891,0
168.5230,438.222656,7.070886,-0.087891,0
168.5382,438.134766,7.069336,-0.087891,0
168.5534,438.134766,7.069336,0.000000,0
168.5687,438.046875,7.067786,-0.087891,0
168.5839,438.046875,7.067786,0.000000,0
168.5993,437.958984,7.066235,-0.087891,0
168.6145,437.871094,7.064685,-0.087891,0
168.6297,437.871094,7.064685,0.000000,0
168.6449,437.695312,7.061584,-0.175781,0
168.6601,437.695312,7.061584,0.000000,0
168.6754,437.607422,7.060034,-0.087891,0
168.6907,437.607422,7.060034,0.000000,0
168.7060,437.519531,7.058484,-0.087891,0
168.7212,437.431641,7.056934,-0.087891,0
168.7365,437.343750,7.055383,-0.087891,0
168.7521,437.343750,7.055383,0.000000,0
168.7673,437.167969,7.052283,-0.175781,0
168.7825,437.167969,7.052283,0.000000,0
168.7978,437.080078,7.050732,-0.087891,0
168.8130,436.992188,7.049182,-0.087891,0
168.8282,436.904297,7.047632,-0.087891,0
168.8434,436.728516,7.044531,-0.175781,0
168.8587,436.728516,7.044531,0.000000,0
168.8739,436.640625,7.042981,-0.087891,0
168.8891,436.552734,7.041431,-0.087891,0
168.9043,436.464844,7.039880,-0.087891,0
168.9195,436.464844,7.039880,0.000000,0
168.9347,436.376953,7.038330,-0.087891,0
168.9500,436.289062,7.036780,-0.087891,0
168.9652,436.289062,7.036780,0.000000,0
168.9804,436.201172,7.035229,-0.087891,0
168.9956,436.113281,7.033679,-0.087891,0
169.0108,436.025391,7.032129,-0.087891,0
169.0262,436.025391,7.032129,0.000000,0
169.0414,435.849609,7.029028,-0.175781,0
169.0567,435.849609,7.029028,0.000000,0
169.0719,435.673828,7.025928,-0.175781,0
169.0871,435.673828,7.025928,0.000000,0
169.1023,435.498047,7.022827,-0.175781,0
169.1175,435.498047,7.022827,0.000000,0
169.1327,435.410156,7.021277,-0.087891,0
169.1482,435.322266,7.019727,-0.087891,0
169.1635,435.322266,7.019727,0.000000,0
169.1786,435.146484,7.016626,-0.175781,0
169.1939,435.146484,7.016626,0.000000,0
169.2091,435.058594,7.015076,-0.087891,0
169.2243,434.970703,7.013525,-0.087891,0
169.2395,434.882812,7.011975,-0.087891,0
169.2549,434.794922,7.010425,-0.087891,0
169.2701,434.707031,7.008875,-0.087891,0
169.2853,434.619141,7.007324,-0.087891,0
169.3006,434.619141,7.007324,0.000000,0
169.3158,434.531250,7.005774,-0.087891,0
169.3311,434.443359,7.004224,-0.087891,0
169.3463,434.355469,7.002673,-0.087891,0
169.3616,434.355469,7.002673,0.000000,0
169.3768,434.179688,6.999573,-0.175781,0
169.3920,434.179688,6.999573,0.000000,0
169.4072,434.091797,6.998022,-0.087891,0
169.4225,434.003906,6.996472,-0.087891,0
169.4377,434.003906,6.996472,0.000000,0
169.4530,433.916016,6.994922,-0.087891,0
169.4682,433.916016,6.994922,0.000000,0
169.4834,433.740234,6.991821,-0.175781,0
169.4986,433.740234,6.991821,0.000000,0
169.5138,433.652344,6.990271,-0.087891,0
169.5291,433.564453,6.988721,-0.087891,0
169.5450,433.476562,6.987170,-0.087891,0
169.5602,433.476562,6.987170,0.000000,0
169.5755,433.388672,6.985620,-0.087891,0
169.5907,433.300781,6.984070,-0.087891,0
169.6059,433.212891,6.982520,-0.087891,0
169.6216,433.125000,6.980969,-0.087891,0
169.6368,433.037109,6.979419,-0.087891,0
169.6521,432.949219,6.977869,-0.087891,0
169.6674,432.949219,6.977869,0.000000,0
169.6826,432.861328,6.976318,-0.087891,0
169.6979,432.773438,6.974768,-0.087891,0
169.7131,432.685547,6.973218,-0.087891,0
169.7284,432.597656,6.971667,-0.087891,0
169.7436,432.509766,6.970117,-0.087891,0
169.7590,432.509766,6.970117,0.000000,0
169.7742,432.333984,6.967017,-0.175781,0
169.7895,432.333984,6.967017,0.000000,0
169.8048,432.246094,6.965466,-0.087891,0
169.8200,432.246094,6.965466,0.000000,0
169.8354,432.158203,6.963916,-0.087891,0
169.8507,432.070312,6.962366,-0.087891,0
169.8659,432.070312,6.962366,0.000000,0
169.8812,431.894531,6.959265,-0.175781,0
169.8964,431.894531,6.959265,0.000000,0
169.9116,431.718750,6.956165,-0.175781,0
169.9268,431.630859,6.954614,-0.087891,0
169.9420,431.542969,6.953064,-0.087891,0
169.9573,431.455078,6.951514,-0.087891,0
169.9725,431.367188,6.949963,-0.087891,0
169.9877,431.367188,6.949963,0.000000,0
170.0030,431.367188,6.949963,0.000000,0
170.0182,431.191406,6.946863,-0.175781,0
170.0334,431.191406,6.946863,0.000000,0
170.0486,431.015625,6.943762,-0.175781,0
170.0639,431.015625,6.943762,0.000000,0
170.0803,430.927734,6.942212,-0.087891,0
170.0955,430.839844,6.940662,-0.087891,0
170.1107,430.751953,6.939111,-0.087891,0
170.1259,430.664062,6.937561,-0.087891,0
170.1411,430.576172,6.936011,-0.087891,0
170.1564,430.576172,6.936011,0.000000,0
170.1716,430.400391,6.932910,-0.175781,0
170.1869,430.400391,6.932910,0.000000,0
170.2025,430.312500,6.931360,-0.087891,0
170.2178,430.224609,6.929810,-0.087891,0
170.2330,430.224609,6.929810,0.000000,0
170.2482,430.224609,6.929810,0.000000,0
170.2635,430.136719,6.928259,-0.087891,0
170.2788,429.960938,6.925159,-0.175781,0
170.2940,429.960938,6.925159,0.000000,0
170.3093,429.873047,6.923608,-0.087891,0
170.3245,429.785156,6.922058,-0.087891,0
170.3397,429.697266,6.920508,-0.087891,0
170.3549,429.697266,6.920508,0.000000,0
170.3702,429.521484,6.917407,-0.175781,0
170.3855,429.521484,6.917407,0.000000,0
170.4007,429.521484,6.917407,0.000000,0
170.4159,429.433594,6.915857,-0.087891,0
170.4311,429.345703,6.914307,-0.087891,0
170.4463,429.169922,6.911206,-0.175781,0
170.4616,429.169922,6.911206,0.000000,0
170.4768,429.082031,6.909656,-0.087891,0
170.4920,428.994141,6.908105,-0.087891,0
170.5073,428.906250,6.906555,-0.087891,0
170.5225,428.818359,6.905005,-0.087891,0
170.5377,428.818359,6.905005,0.000000,0
170.5529,428.730469,6.903455,-0.087891,0
170.5681,428.642578,6.901904,-0.087891,0
170.5834,428.554688,6.900354,-0.087891,0
170.5986,428.466797,6.898804,-0.087891,0
170.6140,428.378906,6.897253,-0.087891,0
170.6292,428.378906,6.897253,0.000000,0
170.6444,428.291016,6.895703,-0.087891,0
170.6597,428.291016,6.895703,0.000000,0
170.6750,428.203125,6.894153,-0.087891,0
170.6903,428.115234,6.892603,-0.087891,0
170.7055,427.939453,6.889502,-0.175781,0
170.7207,427.939453,6.889502,0.000000,0
170.7360,427.851562,6.887952,-0.087891,0
170.7512,427.763672,6.886401,-0.087891,0
170.7666,427.675781,6.884851,-0.087891,0
170.7818,427.587891,6.883301,-0.087891,0
170.7970,427.587891,6.883301,0.000000,0
170.8129,427.412109,6.880200,-0.175781,0
170.8281,427.412109,6.880200,0.000000,0
170.8434,427.324219,6.878650,-0.087891,0
170.8586,427.236328,6.877100,-0.087891,0
170.8738,427.148438,6.875549,-0.087891,0
170.8890,427.060547,6.873999,-0.087891,0
170.9042,427.060547,6.873999,0.000000,0
170.9198,426.884766,6.870898,-0.175781,0
170.9351,426.884766,6.870898,0.000000,0
170.9503,426.796875,6.869348,-0.087891,0
170.9655,426.708984,6.867798,-0.087891,0
170.9807,426.621094,6.866248,-0.087891,0
170.9959,426.533203,6.864697,-0.087891,0
171.0112,426.445312,6.863147,-0.087891,0
171.0264,426.445312,6.863147,0.000000,0
171.0418,426.357422,6.861597,-0.087891,0
171.0570,426.269531,6.860046,-0.087891,0
171.0724,426.269531,6.860046,0.000000,0
171.0876,426.181641,6.858496,-0.087891,0
171.1029,426.181641,6.858496,0.000000,0
171.1182,426.093750,6.856946,-0.087891,0
171.1334,426.005859,6.855396,-0.087891,0
171.1486,425.917969,6.853845,-0.087891,0
171.1639,425.917969,6.853845,0.000000,0
171.1791,425.830078,6.852295,-0.087891,0
171.1943,425.742188,6.850745,-0.087891,0
171.2095,425.654297,6.849194,-0.087891,0
171.2247,425.654297,6.849194,0.000000,0
171.2400,425.478516,6.846094,-0.175781,0
171.2552,425.390625,6.844543,-0.087891,0
171.2705,425.390625,6.844543,0.000000,0
171.2857,425.302734,6.842993,-0.087891,0
171.3009,425.302734,6.842993,0.000000,0
171.3161,425.126953,6.839893,-0.175781,0
171.3315,425.039062,6.838342,-0.087891,0
171.3467,424.951172,6.836792,-0.087891,0
171.3620,424.951172,6.836792,0.000000,0
171.3772,424.775391,6.833691,-0.175781,0
171.3925,424.775391,6.833691,0.000000,0
171.4078,424.687500,6.832141,-0.087891,0
171.4231,424.599609,6.830591,-0.087891,0
171.4383,424.511719,6.829041,-0.087891,0
171.4535,424.423828,6.827490,-0.087891,0
171.4688,424.423828,6.827490,0.000000,0
171.4841,424.335938,6.825940,-0.087891,0
171.4993,424.335938,6.825940,0.000000,0
171.5149,424.248047,6.824390,-0.087891,0
171.5302,424.160156,6.822839,-0.087891,0
171.5454,423.984375,6.819739,-0.175781,0
171.5606,423.984375,6.819739,0.000000,0
171.5759,423.896484,6.818188,-0.087891,0
171.5911,423.808594,6.816638,-0.087891,0
171.6063,423.720703,6.815088,-0.087891,0
171.6215,423.632812,6.813538,-0.087891,0
171.6368,423.544922,6.811987,-0.087891,0
171.6520,423.457031,6.810437,-0.087891,0
171.6672,423.457031,6.810437,0.000000,0
171.6824,423.369141,6.808887,-0.087891,0
171.6978,423.281250,6.807336,-0.087891,0
171.7130,423.193359,6.805786,-0.087891,0
171.7287,423.105469,6.804236,-0.087891,0
171.7439,423.017578,6.802686,-0.087891,0
171.7591,423.017578,6.802686,0.000000,0
171.7744,422.929688,6.801135,-0.087891,0
171.7898,422.841797,6.799585,-0.087891,0
171.8050,422.753906,6.798035,-0.087891,0
171.8203,422.666016,6.796484,-0.087891,0
171.8355,422.578125,6.794934,-0.087891,0
171.8507,422.490234,6.793384,-0.087891,0
171.8659,422.490234,6.793384,0.000000,0
171.8812,422.402344,6.791833,-0.087891,0
171.8970,422.314453,6.790283,-0.087891,0
171.9123,422.314453,6.790283,0.000000,0
171.9275,422.226562,6.788733,-0.087891,0
171.9427,422.138672,6.787183,-0.087891,0
171.9580,422.138672,6.787183,0.000000,0
171.9732,422.050781,6.785632,-0.087891,0
171.9885,421.962891,6.784082,-0.087891,0
172.0037,421.875000,6.782532,-0.087891,0
172.0189,421.787109,6.780981,-0.087891,0
172.0342,421.787109,6.780981,0.000000,0
172.0494,421.699219,6.779431,-0.087891,0
172.0646,421.611328,6.777881,-0.087891,0
172.0798,421.523438,6.776331,-0.087891,0
172.0951,421.523438,6.776331,0.000000,0
172.1103,421.435547,6.774780,-0.087891,0
172.1255,421.347656,6.773230,-0.087891,0
172.1408,421.347656,6.773230,0.000000,0
172.1560,421.171875,6.770129,-0.175781,0
172.1712,421.171875,6.770129,0.000000,0
172.1865,420.996094,6.767029,-0.175781,0
172.2022,420.996094,6.767029,0.000000,0
172.2174,420.908203,6.765479,-0.087891,0
172.2326,420.820312,6.763928,-0.087891,0
172.2479,420.732422,6.762378,-0.087891,0
172.2631,420.644531,6.760828,-0.087891,0
172.2783,420.644531,6.760828,0.000000,0
172.2936,420.556641,6.759277,-0.087891,0
172.3088,420.468750,6.757727,-0.087891,0
172.3241,420.380859,6.756177,-0.087891,0
172.3393,420.380859,6.756177,0.000000,0
172.3545,420.292969,6.754626,-0.087891,0
172.3697,420.205078,6.753076,-0.087891,0
172.3853,420.117188,6.751526,-0.087891,0
172.4006,420.117188,6.751526,0.000000,0
172.4158,419.941406,6.748425,-0.175781,0
172.4310,419.853516,6.746875,-0.087891,0
172.4463,419.765625,6.745325,-0.087891,0
172.4616,419.765625,6.745325,0.000000,0
172.4768,419.677734,6.743774,-0.087891,0
172.4920,419.589844,6.742224,-0.087891,0
172.5073,419.501953,6.740674,-0.087891,0
172.5225,419.414062,6.739124,-0.087891,0
172.5377,419.414062,6.739124,0.000000,0
172.5529,419.238281,6.736023,-0.175781,0
172.5682,419.238281,6.736023,0.000000,0
172.5835,419.150391,6.734473,-0.087891,0
172.5987,419.062500,6.732922,-0.087891,0
172.6139,418.974609,6.731372,-0.087891,0
172.6291,418.886719,6.729822,-0.087891,0
172.6444,418.798828,6.728271,-0.087891,0
172.6597,418.710938,6.726721,-0.087891,0
172.6749,418.710938,6.726721,0.000000,0
172.6903,418.535156,6.723621,-0.175781,0
172.7055,418.535156,6.723621,0.000000,0
172.7207,418.447266,6.722070,-0.087891,0
172.7359,418.359375,6.720520,-0.087891,0
172.7511,418.359375,6.720520,0.000000,0
172.7664,418.271484,6.718970,-0.087891,0
172.7817,418.183594,6.717419,-0.087891,0
172.7969,418.183594,6.717419,0.000000,0
172.8121,418.007812,6.714319,-0.175781,0
172.8274,418.007812,6.714319,0.000000,0
172.8426,417.919922,6.712769,-0.087891,0
172.8578,417.919922,6.712769,0.000000,0
172.8730,417.832031,6.711218,-0.087891,0
172.8882,417.744141,6.709668,-0.087891,0
172.9035,417.744141,6.709668,0.000000,0
172.9187,417.568359,6.706567,-0.175781,0
172.9339,417.568359,6.706567,0.000000,0
172.9491,417.480469,6.705017,-0.087891,0
172.9643,417.392578,6.703467,-0.087891,0
172.9796,417.392578,6.703467,0.000000,0
172.9948,417.216797,6.700366,-0.175781,0
173.0100,417.216797,6.700366,0.000000,0
173.0252,417.041016,6.697266,-0.175781,0
173.0405,417.041016,6.697266,0.000000,0
173.0557,416.953125,6.695715,-0.087891,0
173.0709,416.865234,6.694165,-0.087891,0
173.0862,416.777344,6.692615,-0.087891,0
173.1014,416.777344,6.692615,0.000000,0
173.1166,416.601562,6.689514,-0.175781,0
173.1318,416.601562,6.689514,0.000000,0
173.1471,416.513672,6.687964,-0.087891,0
173.1623,416.513672,6.687964,0.000000,0
173.1775,416.513672,6.687964,0.000000,0
173.1928,416.337891,6.684863,-0.175781,0
173.2080,416.337891,6.684863,0.000000,0
173.2234,416.162109,6.681763,-0.175781,0
173.2386,416.074219,6.680212,-0.087891,0
173.2539,415.986328,6.678662,-0.087891,0
173.2691,415.986328,6.678662,0.000000,0
173.2845,415.810547,6.675562,-0.175781,0
173.2999,415.810547,6.675562,0.000000,0
173.3151,415.722656,6.674011,-0.087891,0
173.3304,415.634766,6.672461,-0.087891,0
173.3456,415.546875,6.670911,-0.087891,0
173.3608,415.458984,6.669360,-0.087891,0
173.3760,415.371094,6.667810,-0.087891,0
173.3913,415.283203,6.666260,-0.087891,0
173.4066,415.283203,6.666260,0.000000,0
173.4218,415.195312,6.664709,-0.087891,0
173.4370,415.107422,6.663159,-0.087891,0
173.4529,415.019531,6.661609,-0.087891,0
173.4682,414.931641,6.660059,-0.087891,0
173.4834,414.843750,6.658508,-0.087891,0
173.4987,414.755859,6.656958,-0.087891,0
173.5139,414.755859,6.656958,0.000000,0
173.5291,414.667969,6.655408,-0.087891,0
173.5443,414.667969,6.655408,0.000000,0
173.5595,414.580078,6.653857,-0.087891,0
173.5747,414.580078,6.653857,0.000000,0
173.5900,414.492188,6.652307,-0.087891,0
173.6052,414.404297,6.650757,-0.087891,0
173.6204,414.316406,6.649207,-0.087891,0
173.6356,414.228516,6.647656,-0.087891,0
173.6508,414.140625,6.646106,-0.087891,0
173.6660,414.140625,6.646106,0.000000,0
173.6812,414.140625,6.646106,0.000000,0
173.6965,413.964844,6.643005,-0.175781,0
173.7117,413.964844,6.643005,0.000000,0
173.7269,413.876953,6.641455,-0.087891,0
173.7421,413.789062,6.639905,-0.087891,0
173.7573,413.701172,6.638354,-0.087891,0
173.7725,413.701172,6.638354,0.000000,0
173.7880,413.525391,6.635254,-0.175781,0
173.8033,413.525391,6.635254,0.000000,0
173.8185,413.437500,6.633704,-0.087891,0
173.8338,413.349609,6.632153,-0.087891,0
173.8490,413.261719,6.630603,-0.087891,0
173.8643,413.261719,6.630603,0.000000,0
173.8796,413.173828,6.629053,-0.087891,0
173.8949,413.085938,6.627502,-0.087891,0
173.9102,412.998047,6.625952,-0.087891,0
173.9254,412.910156,6.624402,-0.087891,0
173.9406,412.910156,6.624402,0.000000,0
173.9558,412.734375,6.621301,-0.175781,0
173.9711,412.734375,6.621301,0.000000,0
173.9863,412.646484,6.619751,-0.087891,0
174.0018,412.646484,6.619751,0.000000,0
174.0171,412.558594,6.618201,-0.087891,0
174.0323,412.470703,6.616650,-0.087891,0
174.0476,412.382812,6.615100,-0.087891,0
174.0628,412.294922,6.613550,-0.087891,0
174.0780,412.207031,6.612000,-0.087891,0
174.0934,412.119141,6.610449,-0.087891,0
174.1091,412.031250,6.608899,-0.087891,0
174.1243,412.031250,6.608899,0.000000,0
174.1396,411.943359,6.607349,-0.087891,0
174.1548,411.767578,6.604248,-0.175781,0
174.1701,411.679688,6.602698,-0.087891,0
174.1854,411.679688,6.602698,0.000000,0
174.2008,411.591797,6.601147,-0.087891,0
174.2161,411.503906,6.599597,-0.087891,0
174.2313,411.416016,6.598047,-0.087891,0
174.2472,411.328125,6.596497,-0.087891,0
174.2624,411.240234,6.594946,-0.087891,0
174.2777,411.152344,6.593396,-0.087891,0
174.2930,411.064453,6.591846,-0.087891,0
174.3083,411.064453,6.591846,0.000000,0
174.3235,410.976562,6.590295,-0.087891,0
174.3387,410.888672,6.588745,-0.087891,0
174.3539,410.800781,6.587195,-0.087891,0
174.3692,410.800781,6.587195,0.000000,0
174.3847,410.712891,6.585645,-0.087891,0
174.4003,410.625000,6.584094,-0.087891,0
174.4155,410.537109,6.582544,-0.087891,0
174.4308,410.449219,6.580994,-0.087891,0
174.4460,410.449219,6.580994,0.000000,0
174.4612,410.361328,6.579443,-0.087891,0
174.4764,410.361328,6.579443,0.000000,0
174.4917,410.273438,6.577893,-0.087891,0
174.5069,410.185547,6.576343,-0.087891,0
174.5221,410.097656,6.574792,-0.087891,0
174.5374,410.097656,6.574792,0.000000,0
174.5529,409.921875,6.571692,-0.175781,0
174.5682,409.921875,6.571692,0.000000,0
174.5834,409.833984,6.570142,-0.087891,0
174.5986,409.746094,6.568591,-0.087891,0
174.6138,409.746094,6.568591,0.000000,0
174.6290,409.570312,6.565491,-0.175781,0
174.6443,409.570312,6.565491,0.000000,0
174.6595,409.482422,6.563940,-0.087891,0
174.6747,409.394531,6.562390,-0.087891,0
174.6899,409.306641,6.560840,-0.087891,0
174.7052,409.218750,6.559290,-0.087891,0
174.7205,409.130859,6.557739,-0.087891,0
174.7360,409.130859,6.557739,0.000000,0
174.7512,409.042969,6.556189,-0.087891,0
174.7664,408.955078,6.554639,-0.087891,0
174.7817,408.955078,6.554639,0.000000,0
174.7969,408.867188,6.553088,-0.087891,0
174.8122,408.779297,6.551538,-0.087891,0
174.8274,408.691406,6.549988,-0.087891,0
174.8426,408.603516,6.548438,-0.087891,0
174.8578,408.515625,6.546887,-0.087891,0
174.8730,408.515625,6.546887,0.000000,0
174.8882,408.339844,6.543787,-0.175781,0
174.9034,408.339844,6.543787,0.000000,0
174.9187,408.251953,6.542236,-0.087891,0
174.9339,408.164062,6.540686,-0.087891,0
174.9491,408.076172,6.539136,-0.087891,0
174.9643,407.988281,6.537585,-0.087891,0
174.9795,407.988281,6.537585,0.000000,0
174.9948,407.812500,6.534485,-0.175781,0
175.0103,407.812500,6.534485,0.000000,0
175.0255,407.636719,6.531384,-0.175781,0
175.0408,407.636719,6.531384,0.000000,0
175.0560,407.460938,6.528284,-0.175781,0
175.0713,407.460938,6.528284,0.000000,0
175.0865,407.373047,6.526733,-0.087891,0
175.1018,407.285156,6.525183,-0.087891,0
175.1171,407.285156,6.525183,0.000000,0
175.1323,407.197266,6.523633,-0.087891,0
175.1475,407.109375,6.522083,-0.087891,0
175.1628,407.021484,6.520532,-0.087891,0
175.1781,407.021484,6.520532,0.000000,0
175.1934,406.933594,6.518982,-0.087891,0
175.2086,406.933594,6.518982,0.000000,0
175.2239,406.757812,6.515881,-0.175781,0
175.2391,406.757812,6.515881,0.000000,0
175.2543,406.669922,6.514331,-0.087891,0
175.2695,406.669922,6.514331,0.000000,0
175.2848,406.582031,6.512781,-0.087891,0
175.3000,406.494141,6.511230,-0.087891,0
175.3153,406.406250,6.509680,-0.087891,0
175.3306,406.318359,6.508130,-0.087891,0
175.3458,406.318359,6.508130,0.000000,0
175.3610,406.230469,6.506580,-0.087891,0
175.3762,406.142578,6.505029,-0.087891,0
175.3915,406.054688,6.503479,-0.087891,0
175.4067,405.966797,6.501929,-0.087891,0
175.4219,405.878906,6.500378,-0.087891,0
175.4372,405.878906,6.500378,0.000000,0
175.4533,405.703125,6.497278,-0.175781,0
175.4685,405.703125,6.497278,0.000000,0
175.4837,405.615234,6.495728,-0.087891,0
175.4990,405.527344,6.494177,-0.087891,0
175.5154,405.527344,6.494177,0.000000,0
175.5354,405.439453,6.492627,-0.087891,0
175.5507,405.263672,6.489526,-0.175781,0
175.5659,405.263672,6.489526,0.000000,0
175.5811,405.175781,6.487976,-0.087891,0
175.5964,405.087891,6.486426,-0.087891,0
175.6116,405.000000,6.484875,-0.087891,0
175.6268,404.912109,6.483325,-0.087891,0
175.6420,404.824219,6.481775,-0.087891,0
175.6572,404.736328,6.480225,-0.087891,0
175.6726,404.736328,6.480225,0.000000,0
175.6878,404.648438,6.478674,-0.087891,0
175.7030,404.560547,6.477124,-0.087891,0
175.7182,404.384766,6.474023,-0.175781,0
175.7334,404.384766,6.474023,0.000000,0
175.7486,404.296875,6.472473,-0.087891,0
175.7638,404.208984,6.470923,-0.087891,0
175.7791,404.121094,6.469373,-0.087891,0
175.7943,404.033203,6.467822,-0.087891,0
175.8095,403.945312,6.466272,-0.087891,0
175.8249,403.945312,6.466272,0.000000,0
175.8402,403.857422,6.464722,-0.087891,0
175.8553,403.769531,6.463171,-0.087891,0
175.8705,403.681641,6.461621,-0.087891,0
175.8858,403.593750,6.460071,-0.087891,0
175.9010,403.593750,6.460071,0.000000,0
175.9162,403.505859,6.458521,-0.087891,0
175.9315,403.417969,6.456970,-0.087891,0
175.9467,403.330078,6.455420,-0.087891,0
175.9619,403.330078,6.455420,0.000000,0
175.9771,403.242188,6.453870,-0.087891,0
175.9923,403.154297,6.452319,-0.087891,0
176.0075,403.154297,6.452319,0.000000,0
176.0228,403.066406,6.450769,-0.087891,0
176.0380,402.978516,6.449219,-0.087891,0
176.0532,402.890625,6.447668,-0.087891,0
176.0685,402.802734,6.446118,-0.087891,0
176.0838,402.802734,6.446118,0.000000,0
176.0990,402.714844,6.444568,-0.087891,0
176.1142,402.626953,6.443018,-0.087891,0
176.1296,402.539062,6.441467,-0.087891,0
176.1448,402.451172,6.439917,-0.087891,0
176.1601,402.451172,6.439917,0.000000,0
176.1758,402.451172,6.439917,0.000000,0
176.1914,402.275391,6.436816,-0.175781,0
176.2067,402.275391,6.436816,0.000000,0
176.2220,402.099609,6.433716,-0.175781,0
176.2372,402.099609,6.433716,0.000000,0
176.2542,402.011719,6.432166,-0.087891,0
176.2695,401.923828,6.430615,-0.087891,0
176.2847,401.835938,6.429065,-0.087891,0
176.2999,401.748047,6.427515,-0.087891,0
176.3152,401.660156,6.425964,-0.087891,0
176.3305,401.660156,6.425964,0.000000,0
176.3458,401.572266,6.424414,-0.087891,0
176.3610,401.572266,6.424414,0.000000,0
176.3762,401.396484,6.421313,-0.175781,0
176.3914,401.396484,6.421313,0.000000,0
176.4075,401.308594,6.419763,-0.087891,0
176.4227,401.220703,6.418213,-0.087891,0
176.4380,401.132812,6.416663,-0.087891,0
176.4532,401.044922,6.415112,-0.087891,0
176.4684,401.044922,6.415112,0.000000,0
176.4836,400.957031,6.413562,-0.087891,0
176.4988,400.869141,6.412012,-0.087891,0
176.5140,400.781250,6.410461,-0.087891,0
176.5292,400.693359,6.408911,-0.087891,0
176.5445,400.605469,6.407361,-0.087891,0
176.5597,400.517578,6.405811,-0.087891,0
176.5749,400.429688,6.404260,-0.087891,0
176.5901,400.341797,6.402710,-0.087891,0
176.6053,400.341797,6.402710,0.000000,0
176.6206,400.166016,6.399609,-0.175781,0
176.6358,400.166016,6.399609,0.000000,0
176.6510,399.990234,6.396509,-0.175781,0
176.6662,399.990234,6.396509,0.000000,0
176.6814,399.902344,6.394958,-0.087891,0
176.6966,399.814453,6.393408,-0.087891,0
176.7119,399.726562,6.391858,-0.087891,0
176.7271,399.726562,6.391858,0.000000,0
176.7423,399.638672,6.390308,-0.087891,0
176.7578,399.638672,6.390308,0.000000,0
176.7730,399.550781,6.388757,-0.087891,0
176.7882,399.462891,6.387207,-0.087891,0
176.8035,399.375000,6.385657,-0.087891,0
176.8187,399.287109,6.384106,-0.087891,0
176.8350,399.287109,6.384106,0.000000,0
176.8502,399.199219,6.382556,-0.087891,0
176.8654,399.199219,6.382556,0.000000,0
176.8806,399.023438,6.379456,-0.175781,0
176.8958,398.935547,6.377905,-0.087891,0
176.9111,398.847656,6.376355,-0.087891,0
176.9263,398.847656,6.376355,0.000000,0
176.9416,398.759766,6.374805,-0.087891,0
176.9568,398.671875,6.373254,-0.087891,0
176.9720,398.671875,6.373254,0.000000,0
176.9873,398.583984,6.371704,-0.087891,0
177.0025,398.583984,6.371704,0.000000,0
177.0177,398.408203,6.368604,-0.175781,0
177.0329,398.320312,6.367053,-0.087891,0
177.0482,398.232422,6.365503,-0.087891,0
177.0635,398.232422,6.365503,0.000000,0
177.0787,398.144531,6.363953,-0.087891,0
177.0939,398.056641,6.362402,-0.087891,0
177.1091,397.968750,6.360852,-0.087891,0
177.1243,397.880859,6.359302,-0.087891,0
177.1414,397.880859,6.359302,0.000000,0
177.1568,397.792969,6.357751,-0.087891,0
177.1720,397.705078,6.356201,-0.087891,0
177.1872,397.617188,6.354651,-0.087891,0
177.2025,397.617188,6.354651,0.000000,0
177.2177,397.441406,6.351550,-0.175781,0
177.2329,397.441406,6.351550,0.000000,0
177.2481,397.353516,6.350000,-0.087891,0
177.2634,397.265625,6.348450,-0.087891,0
177.2786,397.177734,6.346899,-0.087891,0
177.2938,397.089844,6.345349,-0.087891,0
177.3090,397.001953,6.343799,-0.087891,0
177.3243,396.914062,6.342249,-0.087891,0
177.3395,396.826172,6.340698,-0.087891,0
177.3548,396.826172,6.340698,0.000000,0
177.3701,396.738281,6.339148,-0.087891,0
177.3853,396.562500,6.336047,-0.175781,0
177.4006,396.562500,6.336047,0.000000,0
177.4158,396.474609,6.334497,-0.087891,0
177.4310,396.386719,6.332947,-0.087891,0
177.4464,396.210938,6.329846,-0.175781,0
177.4616,396.210938,6.329846,0.000000,0
177.4768,396.123047,6.328296,-0.087891,0
177.4921,396.123047,6.328296,0.000000,0
177.5073,395.947266,6.325195,-0.175781,0
177.5226,395.947266,6.325195,0.000000,0
177.5378,395.947266,6.325195,0.000000,0
177.5530,395.859375,6.323645,-0.087891,0
177.5694,395.771484,6.322095,-0.087891,0
177.5846,395.683594,6.320544,-0.087891,0
177.5998,395.683594,6.320544,0.000000,0
177.6150,395.595703,6.318994,-0.087891,0
177.6302,395.507812,6.317444,-0.087891,0
177.6460,395.419922,6.315894,-0.087891,0
177.6612,395.419922,6.315894,0.000000,0
177.6764,395.244141,6.312793,-0.175781,0
177.6916,395.244141,6.312793,0.000000,0
177.7069,395.156250,6.311243,-0.087891,0
177.7221,395.068359,6.309692,-0.087891,0
177.7376,395.068359,6.309692,0.000000,0
177.7528,394.980469,6.308142,-0.087891,0
177.7680,394.892578,6.306592,-0.087891,0
177.7833,394.804688,6.305042,-0.087891,0
177.7985,394.716797,6.303491,-0.087891,0
177.8137,394.628906,6.301941,-0.087891,0
177.8289,394.541016,6.300391,-0.087891,0
177.8441,394.453125,6.298840,-0.087891,0
177.8594,394.453125,6.298840,0.000000,0
177.8746,394.365234,6.297290,-0.087891,0
177.8899,394.277344,6.295740,-0.087891,0
177.9051,394.277344,6.295740,0.000000,0
177.9203,394.189453,6.294189,-0.087891,0
177.9355,394.189453,6.294189,0.000000,0
177.9509,394.013672,6.291089,-0.175781,0
177.9661,394.013672,6.291089,0.000000,0
177.9814,393.837891,6.287988,-0.175781,0
177.9966,393.837891,6.287988,0.000000,0
178.0121,393.662109,6.284888,-0.175781,0
178.0274,393.662109,6.284888,0.000000,0
178.0426,393.574219,6.283337,-0.087891,0
178.0578,393.486328,6.281787,-0.087891,0
178.0730,393.398438,6.280237,-0.087891,0
178.0883,393.398438,6.280237,0.000000,0
178.1035,393.310547,6.278687,-0.087891,0
178.1187,393.134766,6.275586,-0.175781,0
178.1339,393.134766,6.275586,0.000000,0
178.1491,393.046875,6.274036,-0.087891,0
178.1643,392.958984,6.272485,-0.087891,0
178.1796,392.871094,6.270935,-0.087891,0
178.1948,392.783203,6.269385,-0.087891,0
178.2100,392.695312,6.267834,-0.087891,0
178.2252,392.607422,6.266284,-0.087891,0
178.2405,392.607422,6.266284,0.000000,0
178.2558,392.519531,6.264734,-0.087891,0
178.2710,392.431641,6.263184,-0.087891,0
178.2862,392.343750,6.261633,-0.087891,0
178.3015,392.343750,6.261633,0.000000,0
178.3167,392.255859,6.260083,-0.087891,0
178.3319,392.167969,6.258533,-0.087891,0
178.3471,392.080078,6.256982,-0.087891,0
178.3624,392.080078,6.256982,0.000000,0
178.3776,391.992188,6.255432,-0.087891,0
178.3928,391.904297,6.253882,-0.087891,0
178.4080,391.904297,6.253882,0.000000,0
178.4233,391.816406,6.252332,-0.087891,0
178.4385,391.728516,6.250781,-0.087891,0
178.4537,391.640625,6.249231,-0.087891,0
178.4690,391.640625,6.249231,0.000000,0
178.4842,391.464844,6.246130,-0.175781,0
178.4995,391.464844,6.246130,0.000000,0
178.5148,391.376953,6.244580,-0.087891,0
178.5300,391.289062,6.243030,-0.087891,0
178.5452,391.201172,6.241479,-0.087891,0
178.5604,391.201172,6.241479,0.000000,0
178.5757,391.113281,6.239929,-0.087891,0
178.5909,391.025391,6.238379,-0.087891,0
178.6061,390.937500,6.236829,-0.087891,0
178.6213,390.849609,6.235278,-0.087891,0
178.6365,390.849609,6.235278,0.000000,0
178.6519,390.673828,6.232178,-0.175781,0
178.6671,390.673828,6.232178,0.000000,0
178.6824,390.585938,6.230627,-0.087891,0
178.6976,390.585938,6.230627,0.000000,0
178.7128,390.410156,6.227527,-0.175781,0
178.7281,390.410156,6.227527,0.000000,0
178.7433,390.322266,6.225977,-0.087891,0
178.7585,390.234375,6.224426,-0.087891,0
178.7737,390.146484,6.222876,-0.087891,0
178.7890,390.058594,6.221326,-0.087891,0
178.8042,389.970703,6.219775,-0.087891,0
178.8194,389.882812,6.218225,-0.087891,0
178.8346,389.882812,6.218225,0.000000,0
178.8499,389.707031,6.215125,-0.175781,0
178.8651,389.619141,6.213574,-0.087891,0
178.8804,389.531250,6.212024,-0.087891,0
178.8957,389.531250,6.212024,0.000000,0
178.9109,389.443359,6.210474,-0.087891,0
178.9261,389.355469,6.208923,-0.087891,0
178.9413,389.267578,6.207373,-0.087891,0
178.9565,389.179688,6.205823,-0.087891,0
178.9718,389.091797,6.204272,-0.087891,0
178.9870,389.003906,6.202722,-0.087891,0
179.0022,388.916016,6.201172,-0.087891,0
179.0174,388.828125,6.199622,-0.087891,0
179.0326,388.828125,6.199622,0.000000,0
179.0479,388.740234,6.198071,-0.087891,0
179.0631,388.740234,6.198071,0.000000,0
179.0784,388.652344,6.196521,-0.087891,0
179.0936,388.564453,6.194971,-0.087891,0
179.1088,388.564453,6.194971,0.000000,0
179.1240,388.388672,6.191870,-0.175781,0
179.1393,388.388672,6.191870,0.000000,0
179.1546,388.300781,6.190320,-0.087891,0
179.1699,388.300781,6.190320,0.000000,0
179.1851,388.212891,6.188770,-0.087891,0
179.2003,388.125000,6.187219,-0.087891,0
179.2156,388.037109,6.185669,-0.087891,0
179.2309,387.949219,6.184119,-0.087891,0
179.2461,387.949219,6.184119,0.000000,0
179.2613,387.861328,6.182568,-0.087891,0
179.2766,387.773438,6.181018,-0.087891,0
179.2918,387.685547,6.179468,-0.087891,0
179.3070,387.685547,6.179468,0.000000,0
179.3222,387.597656,6.177917,-0.087891,0
179.3374,387.509766,6.176367,-0.087891,0
179.3534,387.421875,6.174817,-0.087891,0
179.3689,387.333984,6.173267,-0.087891,0
179.3841,387.246094,6.171716,-0.087891,0
179.3993,387.246094,6.171716,0.000000,0
179.4145,387.158203,6.170166,-0.087891,0
179.4297,387.070312,6.168616,-0.087891,0
179.4449,386.982422,6.167065,-0.087891,0
179.4601,386.894531,6.165515,-0.087891,0
179.4756,386.894531,6.165515,0.000000,0
179.4908,386.806641,6.163965,-0.087891,0
179.5060,386.718750,6.162415,-0.087891,0
179.5212,386.630859,6.160864,-0.087891,0
179.5365,386.542969,6.159314,-0.087891,0
179.5517,386.455078,6.157764,-0.087891,0
179.5669,386.367188,6.156213,-0.087891,0
179.5821,386.279297,6.154663,-0.087891,0
179.5973,386.279297,6.154663,0.000000,0
179.6126,386.191406,6.153113,-0.087891,0
179.6278,386.103516,6.151563,-0.087891,0
179.6430,386.015625,6.150012,-0.087891,0
179.6582,385.839844,6.146912,-0.175781,0
179.6734,385.839844,6.146912,0.000000,0
179.6887,385.751953,6.145361,-0.087891,0
179.7040,385.664062,6.143811,-0.087891,0
179.7194,385.576172,6.142261,-0.087891,0
179.7346,385.488281,6.140710,-0.087891,0
179.7499,385.400391,6.139160,-0.087891,0
179.7651,385.312500,6.137610,-0.087891,0
179.7808,385.312500,6.137610,0.000000,0
179.7962,385.224609,6.136060,-0.087891,0
179.8114,385.136719,6.134509,-0.087891,0
179.8266,385.048828,6.132959,-0.087891,0
179.8419,385.048828,6.132959,0.000000,0
179.8571,384.960938,6.131409,-0.087891,0
179.8723,384.873047,6.129858,-0.087891,0
179.8876,384.785156,6.128308,-0.087891,0
179.9028,384.785156,6.128308,0.000000,0
179.9181,384.697266,6.126758,-0.087891,0
179.9333,384.697266,6.126758,0.000000,0
179.9485,384.609375,6.125208,-0.087891,0
179.9637,384.521484,6.123657,-0.087891,0
179.9789,384.433594,6.122107,-0.087891,0
179.9942,384.345703,6.120557,-0.087891,0
180.0095,384.345703,6.120557,0.000000,0
180.0247,384.257812,6.119006,-0.087891,0
180.0399,384.169922,6.117456,-0.087891,0
180.0551,384.082031,6.115906,-0.087891,0
180.0703,384.082031,6.115906,0.000000,0
180.0855,383.906250,6.112805,-0.175781,0
180.1007,383.906250,6.112805,0.000000,0
180.1160,383.818359,6.111255,-0.087891,0
180.1312,383.730469,6.109705,-0.087891,0
180.1464,383.730469,6.109705,0.000000,0
180.1617,383.642578,6.108154,-0.087891,0
180.1770,383.554688,6.106604,-0.087891,0
180.1922,383.466797,6.105054,-0.087891,0
180.2075,383.378906,6.103503,-0.087891,0
180.2229,383.291016,6.101953,-0.087891,0
180.2381,383.291016,6.101953,0.000000,0
180.2534,383.203125,6.100403,-0.087891,0
180.2686,383.115234,6.098853,-0.087891,0
180.2839,383.027344,6.097302,-0.087891,0
180.2993,382.939453,6.095752,-0.087891,0
180.3145,382.939453,6.095752,0.000000,0
180.3297,382.763672,6.092651,-0.175781,0
180.3449,382.763672,6.092651,0.000000,0
180.3601,382.587891,6.089551,-0.175781,0
180.3753,382.587891,6.089551,0.000000,0
180.3906,382.500000,6.088000,-0.087891,0
180.4058,382.412109,6.086450,-0.087891,0
180.4210,382.324219,6.084900,-0.087891,0
180.4362,382.236328,6.083350,-0.087891,0
180.4515,382.148438,6.081799,-0.087891,0
180.4667,382.060547,6.080249,-0.087891,0
180.4819,381.972656,6.078699,-0.087891,0
180.4972,381.884766,6.077148,-0.087891,0
180.5124,381.884766,6.077148,0.000000,0
180.5276,381.708984,6.074048,-0.175781,0
180.5428,381.708984,6.074048,0.000000,0
180.5581,381.621094,6.072498,-0.087891,0
180.5740,381.533203,6.070947,-0.087891,0
180.5892,381.445312,6.069397,-0.087891,0
180.6044,381.357422,6.067847,-0.087891,0
180.6197,381.357422,6.067847,0.000000,0
180.6349,381.269531,6.066296,-0.087891,0
180.6501,381.269531,6.066296,0.000000,0
180.6653,381.181641,6.064746,-0.087891,0
180.6807,381.093750,6.063196,-0.087891,0
180.6959,381.093750,6.063196,0.000000,0
180.7111,381.005859,6.061646,-0.087891,0
180.7264,380.917969,6.060095,-0.087891,0
180.7425,380.830078,6.058545,-0.087891,0
180.7577,380.742188,6.056995,-0.087891,0
180.7729,380.742188,6.056995,0.000000,0
180.7882,380.566406,6.053894,-0.175781,0
180.8034,380.566406,6.053894,0.000000,0
180.8186,380.478516,6.052344,-0.087891,0
180.8338,380.390625,6.050793,-0.087891,0
180.8491,380.390625,6.050793,0.000000,0
180.8643,380.302734,6.049243,-0.087891,0
180.8795,380.214844,6.047693,-0.087891,0
180.8947,380.126953,6.046143,-0.087891,0
180.9100,380.039062,6.044592,-0.087891,0
180.9252,380.039062,6.044592,0.000000,0
180.9404,379.951172,6.043042,-0.087891,0
180.9556,379.863281,6.041492,-0.087891,0
180.9708,379.775391,6.039941,-0.087891,0
180.9861,379.687500,6.038391,-0.087891,0
181.0013,379.599609,6.036841,-0.087891,0
181.0165,379.599609,6.036841,0.000000,0
181.0317,379.511719,6.035291,-0.087891,0
181.0470,379.423828,6.033740,-0.087891,0
181.0633,379.335938,6.032190,-0.087891,0
181.0785,379.248047,6.030640,-0.087891,0
181.0938,379.160156,6.029089,-0.087891,0
181.1090,379.072266,6.027539,-0.087891,0
181.1242,378.984375,6.025989,-0.087891,0
181.1394,378.896484,6.024438,-0.087891,0
181.1547,378.808594,6.022888,-0.087891,0
181.1699,378.720703,6.021338,-0.087891,0
181.1851,378.720703,6.021338,0.000000,0
181.2010,378.632812,6.019788,-0.087891,0
181.2163,378.544922,6.018237,-0.087891,0
181.2315,378.457031,6.016687,-0.087891,0
181.2467,378.369141,6.015137,-0.087891,0
181.2626,378.281250,6.013586,-0.087891,0
181.2778,378.193359,6.012036,-0.087891,0
181.2930,378.105469,6.010486,-0.087891,0
181.3083,378.105469,6.010486,0.000000,0
181.3239,377.929688,6.007385,-0.175781,0
181.3391,377.929688,6.007385,0.000000,0
181.3544,377.841797,6.005835,-0.087891,0
181.3697,377.753906,6.004285,-0.087891,0
181.3849,377.666016,6.002734,-0.087891,0
181.4001,377.666016,6.002734,0.000000,0
181.4154,377.666016,6.002734,0.000000,0
181.4306,377.490234,5.999634,-0.175781,0
181.4458,377.490234,5.999634,0.000000,0
181.4611,377.402344,5.998083,-0.087891,0
181.4764,377.402344,5.998083,0.000000,0
181.4917,377.314453,5.996533,-0.087891,0
181.5069,377.226562,5.994983,-0.087891,0
181.5222,377.138672,5.993433,-0.087891,0
181.5374,377.138672,5.993433,0.000000,0
181.5526,376.962891,5.990332,-0.175781,0
181.5679,376.962891,5.990332,0.000000,0
181.5831,376.875000,5.988782,-0.087891,0
181.5985,376.875000,5.988782,0.000000,0
181.6137,376.787109,5.987231,-0.087891,0
181.6289,376.611328,5.984131,-0.175781,0
181.6441,376.611328,5.984131,0.000000,0
181.6594,376.435547,5.981030,-0.175781,0
181.6746,376.435547,5.981030,0.000000,0
181.6898,376.347656,5.979480,-0.087891,0
181.7050,376.259766,5.977930,-0.087891,0
181.7203,376.171875,5.976379,-0.087891,0
181.7355,376.171875,5.976379,0.000000,0
181.7507,376.083984,5.974829,-0.087891,0
181.7659,375.996094,5.973279,-0.087891,0
181.7811,375.996094,5.973279,0.000000,0
181.7963,375.908203,5.971729,-0.087891,0
181.8115,375.820312,5.970178,-0.087891,0
181.8268,375.732422,5.968628,-0.087891,0
181.8420,375.644531,5.967078,-0.087891,0
181.8572,375.556641,5.965527,-0.087891,0
181.8724,375.468750,5.963977,-0.087891,0
181.8877,375.380859,5.962427,-0.087891,0
181.9036,375.380859,5.962427,0.000000,0
181.9189,375.292969,5.960876,-0.087891,0
181.9341,375.205078,5.959326,-0.087891,0
181.9494,375.117188,5.957776,-0.087891,0
181.9646,375.029297,5.956226,-0.087891,0
181.9798,374.941406,5.954675,-0.087891,0
181.9950,374.853516,5.953125,-0.087891,0
182.0109,374.765625,5.951575,-0.087891,0
182.0261,374.677734,5.950024,-0.087891,0
182.0414,374.589844,5.948474,-0.087891,0
182.0566,374.501953,5.946924,-0.087891,0
182.0718,374.501953,5.946924,0.000000,0
182.0871,374.326172,5.943823,-0.175781,0
182.1023,374.326172,5.943823,0.000000,0
182.1176,374.238281,5.942273,-0.087891,0
182.1328,374.150391,5.940723,-0.087891,0
182.1480,374.150391,5.940723,0.000000,0
182.1633,374.062500,5.939172,-0.087891,0
182.1785,374.062500,5.939172,0.000000,0
182.1938,373.886719,5.936072,-0.175781,0
182.2101,373.886719,5.936072,0.000000,0
182.2253,373.710938,5.932971,-0.175781,0
182.2405,373.710938,5.932971,0.000000,0
182.2559,373.623047,5.931421,-0.087891,0
182.2725,373.623047,5.931421,0.000000,0
182.2877,373.535156,5.929871,-0.087891,0
182.3029,373.447266,5.928320,-0.087891,0
182.3184,373.359375,5.926770,-0.087891,0
182.3336,373.359375,5.926770,0.000000,0
182.3488,373.183594,5.923669,-0.175781,0
182.3641,373.183594,5.923669,0.000000,0
182.3793,373.095703,5.922119,-0.087891,0
182.3946,373.007812,5.920569,-0.087891,0
182.4099,372.919922,5.919019,-0.087891,0
182.4251,372.832031,5.917468,-0.087891,0
182.4403,372.832031,5.917468,0.000000,0
182.4555,372.744141,5.915918,-0.087891,0
182.4708,372.656250,5.914368,-0.087891,0
182.4860,372.568359,5.912817,-0.087891,0
182.5012,372.568359,5.912817,0.000000,0
182.5164,372.480469,5.911267,-0.087891,0
182.5317,372.392578,5.909717,-0.087891,0
182.5469,372.304688,5.908167,-0.087891,0
182.5621,372.216797,5.906616,-0.087891,0
182.5773,372.216797,5.906616,0.000000,0
182.5925,372.128906,5.905066,-0.087891,0
182.6077,372.041016,5.903516,-0.087891,0
182.6230,371.953125,5.901965,-0.087891,0
182.6382,371.865234,5.900415,-0.087891,0
182.6534,371.777344,5.898865,-0.087891,0
182.6686,371.777344,5.898865,0.000000,0
182.6838,371.689453,5.897314,-0.087891,0
182.6990,371.513672,5.894214,-0.175781,0
182.7150,371.513672,5.894214,0.000000,0
182.7303,371.337891,5.891113,-0.175781,0
182.7455,371.337891,5.891113,0.000000,0
182.7607,371.250000,5.889563,-0.087891,0
182.7759,371.162109,5.888013,-0.087891,0
182.7912,371.074219,5.886462,-0.087891,0
182.8064,370.986328,5.884912,-0.087891,0
182.8217,370.898438,5.883362,-0.087891,0
182.8369,370.810547,5.881812,-0.087891,0
182.8521,370.722656,5.880261,-0.087891,0
182.8673,370.634766,5.878711,-0.087891,0
182.8832,370.634766,5.878711,0.000000,0
182.8984,370.546875,5.877161,-0.087891,0
182.9136,370.458984,5.875610,-0.087891,0
182.9289,370.371094,5.874060,-0.087891,0
182.9441,370.371094,5.874060,0.000000,0
182.9596,370.283203,5.872510,-0.087891,0
182.9749,370.283203,5.872510,0.000000,0
182.9901,370.195312,5.870959,-0.087891,0
183.0053,370.107422,5.869409,-0.087891,0
183.0205,370.107422,5.869409,0.000000,0
183.0358,370.019531,5.867859,-0.087891,0
183.0510,369.931641,5.866309,-0.087891,0
183.0662,369.843750,5.864758,-0.087891,0
183.0814,369.843750,5.864758,0.000000,0
183.0966,369.755859,5.863208,-0.087891,0
183.1119,369.667969,5.861658,-0.087891,0
183.1271,369.580078,5.860107,-0.087891,0
183.1423,369.492188,5.858557,-0.087891,0
183.1575,369.404297,5.857007,-0.087891,0
183.1728,369.404297,5.857007,0.000000,0
183.1880,369.316406,5.855457,-0.087891,0
183.2032,369.228516,5.853906,-0.087891,0
183.2184,369.140625,5.852356,-0.087891,0
183.2336,369.052734,5.850806,-0.087891,0
183.2489,369.052734,5.850806,0.000000,0
183.2641,368.876953,5.847705,-0.175781,0
183.2793,368.876953,5.847705,0.000000,0
183.2945,368.789062,5.846155,-0.087891,0
183.3097,368.701172,5.844604,-0.087891,0
183.3249,368.613281,5.843054,-0.087891,0
183.3427,368.613281,5.843054,0.000000,0
183.3580,368.525391,5.841504,-0.087891,0
183.3732,368.437500,5.839954,-0.087891,0
183.3884,368.349609,5.838403,-0.087891,0
183.4036,368.261719,5.836853,-0.087891,0
183.4188,368.173828,5.835303,-0.087891,0
183.4341,368.085938,5.833752,-0.087891,0
183.4493,367.998047,5.832202,-0.087891,0
183.4655,367.998047,5.832202,0.000000,0
183.4807,367.822266,5.829102,-0.175781,0
183.4959,367.734375,5.827551,-0.087891,0
183.5111,367.734375,5.827551,0.000000,0
183.5264,367.646484,5.826001,-0.087891,0
183.5416,367.558594,5.824451,-0.087891,0
183.5569,367.470703,5.822900,-0.087891,0
183.5721,367.382812,5.821350,-0.087891,0
183.5873,367.294922,5.819800,-0.087891,0
183.6025,367.207031,5.818250,-0.087891,0
183.6178,367.119141,5.816699,-0.087891,0
183.6334,367.119141,5.816699,0.000000,0
183.6486,366.943359,5.813599,-0.175781,0
183.6638,366.943359,5.813599,0.000000,0
183.6790,366.855469,5.812048,-0.087891,0
183.6943,366.767578,5.810498,-0.087891,0
183.7096,366.767578,5.810498,0.000000,0
183.7248,366.679688,5.808948,-0.087891,0
183.7401,366.679688,5.808948,0.000000,0
183.7554,366.503906,5.805847,-0.175781,0
183.7707,366.503906,5.805847,0.000000,0
183.7861,366.416016,5.804297,-0.087891,0
183.8014,366.416016,5.804297,0.000000,0
183.8166,366.328125,5.802747,-0.087891,0
183.8319,366.240234,5.801196,-0.087891,0
183.8472,366.240234,5.801196,0.000000,0
183.8625,366.152344,5.799646,-0.087891,0
183.8777,366.064453,5.798096,-0.087891,0
183.8932,365.976562,5.796545,-0.087891,0
183.9084,365.888672,5.794995,-0.087891,0
183.9236,365.800781,5.793445,-0.087891,0
183.9388,365.800781,5.793445,0.000000,0
183.9541,365.712891,5.791895,-0.087891,0
183.9693,365.625000,5.790344,-0.087891,0
183.9846,365.537109,5.788794,-0.087891,0
183.9999,365.449219,5.787244,-0.087891,0
184.0151,365.361328,5.785693,-0.087891,0
184.0303,365.361328,5.785693,0.000000,0
184.0455,365.273438,5.784143,-0.087891,0
184.0607,365.185547,5.782593,-0.087891,0
184.0762,365.097656,5.781042,-0.087891,0
184.0914,365.009766,5.779492,-0.087891,0
184.1066,365.009766,5.779492,0.000000,0
184.1218,364.921875,5.777942,-0.087891,0
184.1370,364.833984,5.776392,-0.087891,0
184.1523,364.746094,5.774841,-0.087891,0
184.1675,364.658203,5.773291,-0.087891,0
184.1827,364.570312,5.771741,-0.087891,0
184.1980,364.570312,5.771741,0.000000,0
184.2132,364.482422,5.770190,-0.087891,0
184.2286,364.394531,5.768640,-0.087891,0
184.2440,364.306641,5.767090,-0.087891,0
184.2594,364.218750,5.765540,-0.087891,0
184.2746,364.130859,5.763989,-0.087891,0
184.2898,364.042969,5.762439,-0.087891,0
184.3051,363.955078,5.760889,-0.087891,0
184.3203,363.955078,5.760889,0.000000,0
184.3356,363.867188,5.759338,-0.087891,0
184.3508,363.691406,5.756238,-0.175781,0
184.3660,363.691406,5.756238,0.000000,0
184.3812,363.603516,5.754688,-0.087891,0
184.3965,363.515625,5.753137,-0.087891,0
184.4117,363.427734,5.751587,-0.087891,0
184.4269,363.339844,5.750037,-0.087891,0
184.4421,363.251953,5.748486,-0.087891,0
184.4573,363.251953,5.748486,0.000000,0
184.4726,363.164062,5.746936,-0.087891,0
184.4878,363.076172,5.745386,-0.087891,0
184.5030,363.076172,5.745386,0.000000,0
184.5183,362.988281,5.743835,-0.087891,0
184.5335,362.900391,5.742285,-0.087891,0
184.5488,362.900391,5.742285,0.000000,0
184.5640,362.812500,5.740735,-0.087891,0
184.5793,362.724609,5.739185,-0.087891,0
184.5945,362.636719,5.737634,-0.087891,0
184.6097,362.636719,5.737634,0.000000,0
184.6250,362.548828,5.736084,-0.087891,0
184.6407,362.460938,5.734534,-0.087891,0
184.6560,362.373047,5.732983,-0.087891,0
184.6713,362.285156,5.731433,-0.087891,0
184.6865,362.197266,5.729883,-0.087891,0
184.7019,362.197266,5.729883,0.000000,0
184.7171,362.109375,5.728333,-0.087891,0
184.7323,362.021484,5.726782,-0.087891,0
184.7479,361.933594,5.725232,-0.087891,0
184.7632,361.845703,5.723682,-0.087891,0
184.7784,361.845703,5.723682,0.000000,0
184.7936,361.669922,5.720581,-0.175781,0
184.8088,361.669922,5.720581,0.000000,0
184.8241,361.582031,5.719031,-0.087891,0
184.8393,361.494141,5.717480,-0.087891,0
184.8549,361.406250,5.715930,-0.087891,0
184.8701,361.406250,5.715930,0.000000,0
184.8853,361.318359,5.714380,-0.087891,0
184.9005,361.230469,5.712830,-0.087891,0
184.9157,361.230469,5.712830,0.000000,0
184.9310,361.054688,5.709729,-0.175781,0
184.9462,361.054688,5.709729,0.000000,0
184.9614,360.878906,5.706628,-0.175781,0
184.9766,360.878906,5.706628,0.000000,0
184.9919,360.791016,5.705078,-0.087891,0
185.0071,360.703125,5.703528,-0.087891,0
185.0225,360.615234,5.701978,-0.087891,0
185.0377,360.527344,5.700427,-0.087891,0
185.0529,360.439453,5.698877,-0.087891,0
185.0681,360.351562,5.697327,-0.087891,0
185.0834,360.351562,5.697327,0.000000,0
185.0986,360.263672,5.695776,-0.087891,0
185.1138,360.175781,5.694226,-0.087891,0
185.1290,360.087891,5.692676,-0.087891,0
185.1443,360.000000,5.691125,-0.087891,0
185.1595,360.000000,5.691125,0.000000,0
185.1748,360.000000,5.691125,0.000000,0
185.1900,360.000000,5.691125,0.000000,0
185.2053,360.000000,5.691125,0.000000,0
185.2206,360.000000,5.691125,0.000000,0
185.2358,360.000000,5.691125,0.000000,0
185.2512,360.000000,5.691125,0.000000,0
185.2664,360.000000,5.691125,0.000000,0
185.2817,360.000000,5.691125,0.000000,0
185.2969,360.000000,5.691125,0.000000,0
185.3121,360.000000,5.691125,0.000000,0
185.3273,360.000000,5.691125,0.000000,0
185.3426,359.033203,5.674072,-0.966797,0
185.3578,358.945312,5.672522,-0.087891,0
185.3731,358.857422,5.670972,-0.087891,0
185.3883,358.769531,5.669421,-0.087891,0
185.4035,358.769531,5.669421,0.000000,0
185.4188,358.681641,5.667871,-0.087891,0
185.4340,358.593750,5.666321,-0.087891,0
185.4492,358.505859,5.664771,-0.087891,0
185.4644,358.417969,5.663220,-0.087891,0
185.4802,358.417969,5.663220,0.000000,0
185.4959,358.330078,5.661670,-0.087891,0
185.5111,358.242188,5.660120,-0.087891,0
185.5267,358.154297,5.658569,-0.087891,0
185.5419,358.066406,5.657019,-0.087891,0
185.5572,357.978516,5.655469,-0.087891,0
185.5724,357.978516,5.655469,0.000000,0
185.5876,357.890625,5.653918,-0.087891,0
185.6029,357.802734,5.652368,-0.087891,0
185.6181,357.802734,5.652368,0.000000,0
185.6333,357.714844,5.650818,-0.087891,0
185.6486,357.626953,5.649268,-0.087891,0
185.6639,357.539062,5.647717,-0.087891,0
185.6791,357.539062,5.647717,0.000000,0
185.6943,357.363281,5.644617,-0.175781,0
185.7095,357.363281,5.644617,0.000000,0
185.7249,357.275391,5.643066,-0.087891,0
185.7402,357.187500,5.641516,-0.087891,0
185.7554,357.099609,5.639966,-0.087891,0
185.7707,357.011719,5.638416,-0.087891,0
185.7859,357.011719,5.638416,0.000000,0
185.8011,356.923828,5.636865,-0.087891,0
185.8163,356.835938,5.635315,-0.087891,0
185.8318,356.748047,5.633765,-0.087891,0
185.8471,356.660156,5.632214,-0.087891,0
185.8623,356.572266,5.630664,-0.087891,0
185.8790,356.484375,5.629114,-0.087891,0
185.8942,356.396484,5.627563,-0.087891,0
185.9095,356.308594,5.626013,-0.087891,0
185.9247,356.220703,5.624463,-0.087891,0
185.9399,356.132812,5.622913,-0.087891,0
185.9553,356.044922,5.621362,-0.087891,0
185.9705,356.044922,5.621362,0.000000,0
185.9857,355.957031,5.619812,-0.087891,0
186.0013,355.869141,5.618262,-0.087891,0
186.0165,355.869141,5.618262,0.000000,0
186.0317,355.781250,5.616711,-0.087891,0
186.0469,355.693359,5.615161,-0.087891,0
186.0622,355.693359,5.615161,0.000000,0
186.0774,355.605469,5.613611,-0.087891,0
186.0926,355.517578,5.612061,-0.087891,0
186.1078,355.429688,5.610510,-0.087891,0
186.1231,355.429688,5.610510,0.000000,0
186.1383,355.341797,5.608960,-0.087891,0
186.1535,355.253906,5.607410,-0.087891,0
186.1687,355.166016,5.605859,-0.087891,0
186.1839,355.078125,5.604309,-0.087891,0
186.1992,355.078125,5.604309,0.000000,0
186.2144,354.990234,5.602759,-0.087891,0
186.2296,354.902344,5.601208,-0.087891,0
186.2448,354.902344,5.601208,0.000000,0
186.2600,354.726562,5.598108,-0.175781,0
186.2753,354.726562,5.598108,0.000000,0
186.2906,354.638672,5.596558,-0.087891,0
186.3059,354.550781,5.595007,-0.087891,0
186.3211,354.462891,5.593457,-0.087891,0
186.3363,354.462891,5.593457,0.000000,0
186.3515,354.375000,5.591907,-0.087891,0
186.3668,354.287109,5.590356,-0.087891,0
186.3820,354.287109,5.590356,0.000000,0
186.3973,354.199219,5.588806,-0.087891,0
186.4125,354.111328,5.587256,-0.087891,0
186.4282,354.023438,5.585706,-0.087891,0
186.4435,354.023438,5.585706,0.000000,0
186.4591,353.847656,5.582605,-0.175781,0
186.4743,353.847656,5.582605,0.000000,0
186.4895,353.759766,5.581055,-0.087891,0
186.5047,353.671875,5.579504,-0.087891,0
186.5201,353.583984,5.577954,-0.087891,0
186.5353,353.496094,5.576404,-0.087891,0
186.5505,353.408203,5.574854,-0.087891,0
186.5658,353.320312,5.573303,-0.087891,0
186.5810,353.320312,5.573303,0.000000,0
186.5963,353.144531,5.570203,-0.175781,0
186.6122,353.144531,5.570203,0.000000,0
186.6275,353.056641,5.568652,-0.087891,0
186.6427,352.968750,5.567102,-0.087891,0
186.6579,352.792969,5.564001,-0.175781,0
186.6731,352.792969,5.564001,0.000000,0
186.6883,352.617188,5.560901,-0.175781,0
186.7035,352.617188,5.560901,0.000000,0
186.7188,352.617188,5.560901,0.000000,0
186.7340,352.529297,5.559351,-0.087891,0
186.7492,352.441406,5.557800,-0.087891,0
186.7645,352.353516,5.556250,-0.087891,0
186.7798,352.353516,5.556250,0.000000,0
186.7950,352.265625,5.554700,-0.087891,0
186.8106,352.177734,5.553149,-0.087891,0
186.8258,352.089844,5.551599,-0.087891,0
186.8410,352.089844,5.551599,0.000000,0
186.8562,352.001953,5.550049,-0.087891,0
186.8714,351.914062,5.548499,-0.087891,0
186.8868,351.826172,5.546948,-0.087891,0
186.9020,351.826172,5.546948,0.000000,0
186.9172,351.738281,5.545398,-0.087891,0
186.9324,351.650391,5.543848,-0.087891,0
186.9476,351.562500,5.542297,-0.087891,0
186.9628,351.562500,5.542297,0.000000,0
186.9781,351.474609,5.540747,-0.087891,0
186.9933,351.386719,5.539197,-0.087891,0
187.0088,351.298828,5.537646,-0.087891,0
187.0240,351.210938,5.536096,-0.087891,0
187.0392,351.210938,5.536096,0.000000,0
187.0544,351.123047,5.534546,-0.087891,0
187.0696,351.035156,5.532996,-0.087891,0
187.0848,350.947266,5.531445,-0.087891,0
187.1001,350.859375,5.529895,-0.087891,0
187.1155,350.859375,5.529895,0.000000,0
187.1307,350.683594,5.526794,-0.175781,0
187.1459,350.683594,5.526794,0.000000,0
187.1611,350.683594,5.526794,0.000000,0
187.1763,350.595703,5.525244,-0.087891,0
187.1916,350.419922,5.522144,-0.175781,0
187.2068,350.419922,5.522144,0.000000,0
187.2220,350.244141,5.519043,-0.175781,0
187.2372,350.244141,5.519043,0.000000,0
187.2524,350.156250,5.517493,-0.087891,0
187.2702,350.068359,5.515942,-0.087891,0
187.2853,349.980469,5.514392,-0.087891,0
187.3006,349.892578,5.512842,-0.087891,0
187.3158,349.892578,5.512842,0.000000,0
187.3311,349.804688,5.511292,-0.087891,0
187.3463,349.716797,5.509741,-0.087891,0
187.3620,349.628906,5.508191,-0.087891,0
187.3772,349.541016,5.506641,-0.087891,0
187.3924,349.453125,5.505090,-0.087891,0
187.4078,349.365234,5.503540,-0.087891,0
187.4230,349.277344,5.501990,-0.087891,0
187.4384,349.189453,5.500439,-0.087891,0
187.4536,349.101562,5.498889,-0.087891,0
187.4704,349.101562,5.498889,0.000000,0
187.4858,348.925781,5.495789,-0.175781,0
187.5010,348.925781,5.495789,0.000000,0
187.5162,348.837891,5.494238,-0.087891,0
187.5314,348.837891,5.494238,0.000000,0
187.5468,348.837891,5.494238,0.000000,0
187.5620,348.662109,5.491138,-0.175781,0
187.5772,348.662109,5.491138,0.000000,0
187.5924,348.574219,5.489587,-0.087891,0
187.6077,348.486328,5.488037,-0.087891,0
187.6229,348.398438,5.486487,-0.087891,0
187.6381,348.398438,5.486487,0.000000,0
187.6533,348.222656,5.483386,-0.175781,0
187.6685,348.222656,5.483386,0.000000,0
187.6838,348.134766,5.481836,-0.087891,0
187.6990,348.046875,5.480286,-0.087891,0
187.7142,348.046875,5.480286,0.000000,0
187.7295,347.958984,5.478735,-0.087891,0
187.7447,347.871094,5.477185,-0.087891,0
187.7599,347.783203,5.475635,-0.087891,0
187.7751,347.783203,5.475635,0.000000,0
187.7903,347.695312,5.474084,-0.087891,0
187.8056,347.607422,5.472534,-0.087891,0
187.8210,347.519531,5.470984,-0.087891,0
187.8362,347.519531,5.470984,0.000000,0
187.8521,347.343750,5.467883,-0.175781,0
187.8674,347.343750,5.467883,0.000000,0
187.8826,347.167969,5.464783,-0.175781,0
187.8979,347.167969,5.464783,0.000000,0
187.9131,347.167969,5.464783,0.000000,0
187.9283,347.080078,5.463232,-0.087891,0
187.9436,346.992188,5.461682,-0.087891,0
187.9588,346.904297,5.460132,-0.087891,0
187.9740,346.816406,5.458582,-0.087891,0
187.9893,346.728516,5.457031,-0.087891,0
188.0045,346.640625,5.455481,-0.087891,0
188.0197,346.552734,5.453931,-0.087891,0
188.0350,346.464844,5.452380,-0.087891,0
188.0502,346.376953,5.450830,-0.087891,0
188.0654,346.376953,5.450830,0.000000,0
188.0806,346.289062,5.449280,-0.087891,0
188.0959,346.201172,5.447729,-0.087891,0
188.1111,346.113281,5.446179,-0.087891,0
188.1263,346.025391,5.444629,-0.087891,0
188.1415,345.937500,5.443079,-0.087891,0
188.1567,345.849609,5.441528,-0.087891,0
188.1727,345.849609,5.441528,0.000000,0
188.1880,345.673828,5.438428,-0.175781,0
188.2033,345.673828,5.438428,0.000000,0
188.2185,345.585938,5.436877,-0.087891,0
188.2338,345.498047,5.435327,-0.087891,0
188.2490,345.410156,5.433777,-0.087891,0
188.2642,345.410156,5.433777,0.000000,0
188.2795,345.322266,5.432227,-0.087891,0
188.2947,345.234375,5.430676,-0.087891,0
188.3099,345.234375,5.430676,0.000000,0
188.3254,345.058594,5.427576,-0.175781,0
188.3406,345.058594,5.427576,0.000000,0
188.3558,344.970703,5.426025,-0.087891,0
188.3710,344.970703,5.426025,0.000000,0
188.3866,344.794922,5.422925,-0.175781,0
188.4020,344.794922,5.422925,0.000000,0
188.4172,344.707031,5.421375,-0.087891,0
188.4324,344.619141,5.419824,-0.087891,0
188.4476,344.619141,5.419824,0.000000,0
188.4628,344.531250,5.418274,-0.087891,0
188.4780,344.443359,5.416724,-0.087891,0
188.4935,344.355469,5.415173,-0.087891,0
188.5088,344.355469,5.415173,0.000000,0
188.5240,344.267578,5.413623,-0.087891,0
188.5393,344.179688,5.412073,-0.087891,0
188.5545,344.091797,5.410522,-0.087891,0
188.5698,344.003906,5.408972,-0.087891,0
188.5851,343.916016,5.407422,-0.087891,0
188.6004,343.916016,5.407422,0.000000,0
188.6156,343.828125,5.405872,-0.087891,0
188.6308,343.740234,5.404321,-0.087891,0
188.6460,343.740234,5.404321,0.000000,0
188.6613,343.652344,5.402771,-0.087891,0
188.6765,343.564453,5.401221,-0.087891,0
188.6923,343.476562,5.399670,-0.087891,0
188.7075,343.388672,5.398120,-0.087891,0
188.7227,343.300781,5.396570,-0.087891,0
188.7380,343.212891,5.395020,-0.087891,0
188.7532,343.125000,5.393469,-0.087891,0
188.7684,343.125000,5.393469,0.000000,0
188.7836,342.949219,5.390369,-0.175781,0
188.7989,342.949219,5.390369,0.000000,0
188.8141,342.861328,5.388818,-0.087891,0
188.8293,342.773438,5.387268,-0.087891,0
188.8445,342.685547,5.385718,-0.087891,0
188.8597,342.597656,5.384167,-0.087891,0
188.8754,342.597656,5.384167,0.000000,0
188.8906,342.421875,5.381067,-0.175781,0
188.9059,342.333984,5.379517,-0.087891,0
188.9211,342.246094,5.377966,-0.087891,0
188.9363,342.246094,5.377966,0.000000,0
188.9518,342.158203,5.376416,-0.087891,0
188.9671,342.070312,5.374866,-0.087891,0
188.9824,341.982422,5.373315,-0.087891,0
188.9976,341.982422,5.373315,0.000000,0
189.0128,341.982422,5.373315,0.000000,0
189.0280,341.806641,5.370215,-0.175781,0
189.0436,341.806641,5.370215,0.000000,0
189.0589,341.718750,5.368665,-0.087891,0
189.0747,341.630859,5.367114,-0.087891,0
189.0904,341.542969,5.365564,-0.087891,0
189.1058,341.455078,5.364014,-0.087891,0
189.1210,341.367188,5.362463,-0.087891,0
189.1362,341.367188,5.362463,0.000000,0
189.1514,341.279297,5.360913,-0.087891,0
189.1667,341.191406,5.359363,-0.087891,0
189.1819,341.103516,5.357813,-0.087891,0
189.1972,341.103516,5.357813,0.000000,0
189.2124,341.015625,5.356262,-0.087891,0
189.2279,340.927734,5.354712,-0.087891,0
189.2435,340.927734,5.354712,0.000000,0
189.2588,340.839844,5.353162,-0.087891,0
189.2740,340.751953,5.351611,-0.087891,0
189.2892,340.664062,5.350061,-0.087891,0
189.3044,340.576172,5.348511,-0.087891,0
189.3197,340.576172,5.348511,0.000000,0
189.3349,340.488281,5.346960,-0.087891,0
189.3501,340.312500,5.343860,-0.175781,0
189.3653,340.312500,5.343860,0.000000,0
189.3806,340.312500,5.343860,0.000000,0
189.3958,340.136719,5.340759,-0.175781,0
189.4110,340.136719,5.340759,0.000000,0
189.4266,340.048828,5.339209,-0.087891,0
189.4421,339.960938,5.337659,-0.087891,0
189.4573,339.873047,5.336108,-0.087891,0
189.4725,339.785156,5.334558,-0.087891,0
189.4877,339.697266,5.333008,-0.087891,0
189.5030,339.697266,5.333008,0.000000,0
189.5182,339.609375,5.331458,-0.087891,0
189.5334,339.521484,5.329907,-0.087891,0
189.5486,339.345703,5.326807,-0.175781,0
189.5638,339.345703,5.326807,0.000000,0
189.5790,339.257812,5.325256,-0.087891,0
189.5943,339.169922,5.323706,-0.087891,0
189.6095,339.082031,5.322156,-0.087891,0
189.6248,338.994141,5.320605,-0.087891,0
189.6408,338.906250,5.319055,-0.087891,0
189.6560,338.818359,5.317505,-0.087891,0
189.6713,338.818359,5.317505,0.000000,0
189.6866,338.642578,5.314404,-0.175781,0
189.7020,338.642578,5.314404,0.000000,0
189.7172,338.554688,5.312854,-0.087891,0
189.7324,338.554688,5.312854,0.000000,0
189.7476,338.466797,5.311304,-0.087891,0
189.7629,338.378906,5.309753,-0.087891,0
189.7781,338.291016,5.308203,-0.087891,0
189.7933,338.291016,5.308203,0.000000,0
189.8085,338.203125,5.306653,-0.087891,0
189.8237,338.115234,5.305103,-0.087891,0
189.8391,338.027344,5.303552,-0.087891,0
189.8543,337.939453,5.302002,-0.087891,0
189.8695,337.939453,5.302002,0.000000,0
189.8848,337.851562,5.300452,-0.087891,0
189.9001,337.763672,5.298901,-0.087891,0
189.9154,337.675781,5.297351,-0.087891,0
189.9306,337.675781,5.297351,0.000000,0
189.9458,337.675781,5.297351,0.000000,0
189.9611,337.500000,5.294250,-0.175781,0
189.9763,337.412109,5.292700,-0.087891,0
189.9915,337.324219,5.291150,-0.087891,0
190.0068,337.324219,5.291150,0.000000,0
190.0220,337.236328,5.289600,-0.087891,0
190.0372,337.148438,5.288049,-0.087891,0
190.0524,337.060547,5.286499,-0.087891,0
190.0676,336.972656,5.284949,-0.087891,0
190.0829,336.972656,5.284949,0.000000,0
190.0982,336.884766,5.283398,-0.087891,0
190.1134,336.796875,5.281848,-0.087891,0
190.1287,336.708984,5.280298,-0.087891,0
190.1439,336.621094,5.278748,-0.087891,0
190.1591,336.533203,5.277197,-0.087891,0
190.1743,336.445312,5.275647,-0.087891,0
190.1895,336.445312,5.275647,0.000000,0
190.2048,336.357422,5.274097,-0.087891,0
190.2200,336.181641,5.270996,-0.175781,0
190.2353,336.181641,5.270996,0.000000,0
190.2505,336.093750,5.269446,-0.087891,0
190.2661,336.005859,5.267896,-0.087891,0
190.2813,335.917969,5.266345,-0.087891,0
190.2965,335.830078,5.264795,-0.087891,0
190.3118,335.742188,5.263245,-0.087891,0
190.3270,335.654297,5.261694,-0.087891,0
190.3456,335.566406,5.260144,-0.087891,0
190.3608,335.478516,5.258594,-0.087891,0
190.3760,335.478516,5.258594,0.000000,0
190.3915,335.390625,5.257043,-0.087891,0
190.4067,335.302734,5.255493,-0.087891,0
190.4219,335.214844,5.253943,-0.087891,0
190.4371,335.214844,5.253943,0.000000,0
190.4523,335.126953,5.252393,-0.087891,0
190.4676,335.039062,5.250842,-0.087891,0
190.4828,335.039062,5.250842,0.000000,0
190.4981,334.951172,5.249292,-0.087891,0
190.5134,334.863281,5.247742,-0.087891,0
190.5287,334.775391,5.246191,-0.087891,0
190.5439,334.775391,5.246191,0.000000,0
190.5591,334.687500,5.244641,-0.087891,0
190.5743,334.599609,5.243091,-0.087891,0
190.5896,334.511719,5.241541,-0.087891,0
190.6048,334.511719,5.241541,0.000000,0
190.6200,334.423828,5.239990,-0.087891,0
190.6354,334.335938,5.238440,-0.087891,0
190.6506,334.248047,5.236890,-0.087891,0
190.6659,334.160156,5.235339,-0.087891,0
190.6811,334.072266,5.233789,-0.087891,0
190.6963,334.072266,5.233789,0.000000,0
190.7125,333.984375,5.232239,-0.087891,0
190.7278,333.896484,5.230688,-0.087891,0
190.7430,333.896484,5.230688,0.000000,0
190.7582,333.720703,5.227588,-0.175781,0
190.7735,333.720703,5.227588,0.000000,0
190.7888,333.544922,5.224487,-0.175781,0
190.8041,333.544922,5.224487,0.000000,0
190.8197,333.457031,5.222937,-0.087891,0
190.8349,333.457031,5.222937,0.000000,0
190.8501,333.369141,5.221387,-0.087891,0
190.8654,333.281250,5.219836,-0.087891,0
190.8806,333.193359,5.218286,-0.087891,0
190.8958,333.105469,5.216736,-0.087891,0
190.9111,333.017578,5.215186,-0.087891,0
190.9263,332.929688,5.213635,-0.087891,0
190.9415,332.841797,5.212085,-0.087891,0
190.9567,332.753906,5.210535,-0.087891,0
190.9720,332.753906,5.210535,0.000000,0
190.9873,332.666016,5.208984,-0.087891,0
191.0025,332.578125,5.207434,-0.087891,0
191.0178,332.490234,5.205884,-0.087891,0
191.0330,332.402344,5.204333,-0.087891,0
191.0482,332.314453,5.202783,-0.087891,0
191.0635,332.226562,5.201233,-0.087891,0
191.0787,332.138672,5.199683,-0.087891,0
191.0939,332.138672,5.199683,0.000000,0
191.1091,332.050781,5.198132,-0.087891,0
191.1245,331.962891,5.196582,-0.087891,0
191.1397,331.875000,5.195032,-0.087891,0
191.1550,331.875000,5.195032,0.000000,0
191.1706,331.787109,5.193481,-0.087891,0
191.1859,331.699219,5.191931,-0.087891,0
191.2012,331.611328,5.190381,-0.087891,0
191.2165,331.611328,5.190381,0.000000,0
191.2317,331.523438,5.188831,-0.087891,0
191.2470,331.435547,5.187280,-0.087891,0
191.2622,331.347656,5.185730,-0.087891,0
191.2776,331.347656,5.185730,0.000000,0
191.2928,331.171875,5.182629,-0.175781,0
191.3080,331.171875,5.182629,0.000000,0
191.3240,331.083984,5.181079,-0.087891,0
191.3392,331.083984,5.181079,0.000000,0
191.3549,330.908203,5.177979,-0.175781,0
191.3701,330.908203,5.177979,0.000000,0
191.3854,330.820312,5.176428,-0.087891,0
191.4006,330.732422,5.174878,-0.087891,0
191.4159,330.644531,5.173328,-0.087891,0
191.4313,330.556641,5.171777,-0.087891,0
191.4465,330.468750,5.170227,-0.087891,0
191.4621,330.468750,5.170227,0.000000,0
191.4782,330.292969,5.167126,-0.175781,0
191.4935,330.292969,5.167126,0.000000,0
191.5087,330.205078,5.165576,-0.087891,0
191.5246,330.117188,5.164026,-0.087891,0
191.5398,330.117188,5.164026,0.000000,0
191.5550,330.029297,5.162476,-0.087891,0
191.5702,329.941406,5.160925,-0.087891,0
191.5855,329.853516,5.159375,-0.087891,0
191.6007,329.765625,5.157825,-0.087891,0
191.6165,329.677734,5.156274,-0.087891,0
191.6318,329.677734,5.156274,0.000000,0
191.6470,329.501953,5.153174,-0.175781,0
191.6623,329.501953,5.153174,0.000000,0
191.6775,329.326172,5.150073,-0.175781,0
191.6927,329.326172,5.150073,0.000000,0
191.7079,329.150391,5.146973,-0.175781,0
191.7231,329.062500,5.145422,-0.087891,0
191.7384,329.062500,5.145422,0.000000,0
191.7536,328.974609,5.143872,-0.087891,0
191.7691,328.886719,5.142322,-0.087891,0
191.7844,328.798828,5.140771,-0.087891,0
191.7996,328.710938,5.139221,-0.087891,0
191.8148,328.623047,5.137671,-0.087891,0
191.8309,328.623047,5.137671,0.000000,0
191.8461,328.535156,5.136121,-0.087891,0
191.8613,328.447266,5.134570,-0.087891,0
191.8765,328.359375,5.133020,-0.087891,0
191.8917,328.359375,5.133020,0.000000,0
191.9070,328.271484,5.131470,-0.087891,0
191.9222,328.183594,5.129919,-0.087891,0
191.9374,328.183594,5.129919,0.000000,0
191.9526,328.095703,5.128369,-0.087891,0
191.9679,328.007812,5.126819,-0.087891,0
191.9831,327.919922,5.125269,-0.087891,0
191.9984,327.832031,5.123718,-0.087891,0
192.0136,327.744141,5.122168,-0.087891,0
192.0288,327.744141,5.122168,0.000000,0
192.0440,327.656250,5.120618,-0.087891,0
192.0594,327.568359,5.119067,-0.087891,0
192.0746,327.480469,5.117517,-0.087891,0
192.0898,327.392578,5.115967,-0.087891,0
192.1051,327.392578,5.115967,0.000000,0
192.1203,327.304688,5.114417,-0.087891,0
192.1355,327.216797,5.112866,-0.087891,0
192.1507,327.128906,5.111316,-0.087891,0
192.1659,327.128906,5.111316,0.000000,0
192.1811,327.041016,5.109766,-0.087891,0
192.1964,326.953125,5.108215,-0.087891,0
192.2116,326.865234,5.106665,-0.087891,0
192.2268,326.865234,5.106665,0.000000,0
192.2420,326.689453,5.103564,-0.175781,0
192.2622,326.689453,5.103564,0.000000,0
192.2844,326.513672,5.100464,-0.175781,0
192.2996,326.513672,5.100464,0.000000,0
192.3148,326.425781,5.098914,-0.087891,0
192.3316,326.337891,5.097363,-0.087891,0
192.3531,326.250000,5.095813,-0.087891,0
192.3684,326.074219,5.092712,-0.175781,0
192.3860,325.986328,5.091162,-0.087891,0
192.4012,325.898438,5.089612,-0.087891,0
192.4175,325.898438,5.089612,0.000000,0
192.4328,325.722656,5.086511,-0.175781,0
192.4521,325.634766,5.084961,-0.087891,0
192.4721,325.546875,5.083411,-0.087891,0
192.4884,325.458984,5.081860,-0.087891,0
192.5036,325.371094,5.080310,-0.087891,0
192.5205,325.371094,5.080310,0.000000,0
192.5360,325.195312,5.077209,-0.175781,0
192.5513,325.195312,5.077209,0.000000,0
192.5665,325.107422,5.075659,-0.087891,0
192.5817,325.107422,5.075659,0.000000,0
192.5970,325.019531,5.074109,-0.087891,0
192.6122,324.931641,5.072559,-0.087891,0
192.6275,324.843750,5.071008,-0.087891,0
192.6435,324.755859,5.069458,-0.087891,0
192.6587,324.755859,5.069458,0.000000,0
192.6740,324.667969,5.067908,-0.087891,0
192.6895,324.580078,5.066357,-0.087891,0
192.7047,324.492188,5.064807,-0.087891,0
192.7199,324.404297,5.063257,-0.087891,0
192.7351,324.316406,5.061707,-0.087891,0
192.7504,324.316406,5.061707,0.000000,0
192.7656,324.228516,5.060156,-0.087891,0
192.7809,324.228516,5.060156,0.000000,0
192.7961,324.140625,5.058606,-0.087891,0
192.8113,323.964844,5.055505,-0.175781,0
192.8266,323.964844,5.055505,0.000000,0
192.8418,323.876953,5.053955,-0.087891,0
192.8571,323.789062,5.052405,-0.087891,0
192.8726,323.701172,5.050854,-0.087891,0
192.8878,323.613281,5.049304,-0.087891,0
192.9030,323.525391,5.047754,-0.087891,0
192.9182,323.525391,5.047754,0.000000,0
192.9335,323.437500,5.046204,-0.087891,0
192.9487,323.437500,5.046204,0.000000,0
192.9646,323.349609,5.044653,-0.087891,0
192.9798,323.261719,5.043103,-0.087891,0
192.9951,323.173828,5.041553,-0.087891,0
193.0103,323.085938,5.040002,-0.087891,0
193.0256,322.998047,5.038452,-0.087891,0
193.0408,322.910156,5.036902,-0.087891,0
193.0560,322.822266,5.035352,-0.087891,0
193.0713,322.734375,5.033801,-0.087891,0
193.0866,322.734375,5.033801,0.000000,0
193.1020,322.646484,5.032251,-0.087891,0
193.1172,322.558594,5.030701,-0.087891,0
193.1325,322.470703,5.029150,-0.087891,0
193.1478,322.382812,5.027600,-0.087891,0
193.1631,322.294922,5.026050,-0.087891,0
193.1783,322.207031,5.024500,-0.087891,0
193.1935,322.119141,5.022949,-0.087891,0
193.2087,322.031250,5.021399,-0.087891,0
193.2240,321.943359,5.019849,-0.087891,0
193.2396,321.855469,5.018298,-0.087891,0
193.2549,321.767578,5.016748,-0.087891,0
193.2701,321.767578,5.016748,0.000000,0
193.2853,321.679688,5.015198,-0.087891,0
193.3005,321.591797,5.013647,-0.087891,0
193.3158,321.591797,5.013647,0.000000,0
193.3313,321.503906,5.012097,-0.087891,0
193.3465,321.416016,5.010547,-0.087891,0
193.3618,321.416016,5.010547,0.000000,0
193.3770,321.328125,5.008997,-0.087891,0
193.3922,321.240234,5.007446,-0.087891,0
193.4074,321.152344,5.005896,-0.087891,0
193.4227,321.064453,5.004346,-0.087891,0
193.4379,320.976562,5.002795,-0.087891,0
193.4531,320.976562,5.002795,0.000000,0
193.4683,320.888672,5.001245,-0.087891,0
193.4835,320.800781,4.999695,-0.087891,0
193.4987,320.800781,4.999695,0.000000,0
193.5139,320.712891,4.998145,-0.087891,0
193.5292,320.625000,4.996594,-0.087891,0
193.5444,320.537109,4.995044,-0.087891,0
193.5596,320.449219,4.993494,-0.087891,0
193.5748,320.361328,4.991943,-0.087891,0
193.5900,320.273438,4.990393,-0.087891,0
193.6053,320.185547,4.988843,-0.087891,0
193.6205,320.185547,4.988843,0.000000,0
193.6358,320.009766,4.985742,-0.175781,0
193.6510,320.009766,4.985742,0.000000,0
193.6663,320.009766,4.985742,0.000000,0
193.6815,319.921875,4.984192,-0.087891,0
193.6967,319.833984,4.982642,-0.087891,0
193.7119,319.746094,4.981091,-0.087891,0
193.7273,319.746094,4.981091,0.000000,0
193.7425,319.570312,4.977991,-0.175781,0
193.7585,319.570312,4.977991,0.000000,0
193.7737,319.394531,4.974890,-0.175781,0
193.7889,319.394531,4.974890,0.000000,0
193.8041,319.218750,4.971790,-0.175781,0
193.8194,319.218750,4.971790,0.000000,0
193.8346,319.130859,4.970239,-0.087891,0
193.8498,319.042969,4.968689,-0.087891,0
193.8650,318.955078,4.967139,-0.087891,0
193.8805,318.867188,4.965588,-0.087891,0
193.8957,318.779297,4.964038,-0.087891,0
193.9115,318.691406,4.962488,-0.087891,0
193.9268,318.603516,4.960938,-0.087891,0
193.9420,318.515625,4.959387,-0.087891,0
193.9573,318.515625,4.959387,0.000000,0
193.9725,318.427734,4.957837,-0.087891,0
193.9877,318.339844,4.956287,-0.087891,0
194.0029,318.251953,4.954736,-0.087891,0
194.0182,318.251953,4.954736,0.000000,0
194.0334,318.164062,4.953186,-0.087891,0
194.0490,318.076172,4.951636,-0.087891,0
194.0650,318.076172,4.951636,0.000000,0
194.0802,317.988281,4.950085,-0.087891,0
194.0954,317.900391,4.948535,-0.087891,0
194.1106,317.812500,4.946985,-0.087891,0
194.1258,317.724609,4.945435,-0.087891,0
194.1410,317.636719,4.943884,-0.087891,0
194.1563,317.636719,4.943884,0.000000,0
194.1715,317.548828,4.942334,-0.087891,0
194.1867,317.460938,4.940784,-0.087891,0
194.2019,317.373047,4.939233,-0.087891,0
194.2171,317.373047,4.939233,0.000000,0
194.2324,317.285156,4.937683,-0.087891,0
194.2477,317.197266,4.936133,-0.087891,0
194.2630,317.109375,4.934583,-0.087891,0
194.2782,317.021484,4.933032,-0.087891,0
194.2934,317.021484,4.933032,0.000000,0
194.3086,316.845703,4.929932,-0.175781,0
194.3240,316.845703,4.929932,0.000000,0
194.3395,316.757812,4.928381,-0.087891,0
194.3547,316.669922,4.926831,-0.087891,0
194.3701,316.582031,4.925281,-0.087891,0
194.3853,316.582031,4.925281,0.000000,0
194.4005,316.494141,4.923730,-0.087891,0
194.4157,316.406250,4.922180,-0.087891,0
194.4309,316.406250,4.922180,0.000000,0
194.4462,316.230469,4.919080,-0.175781,0
194.4614,316.230469,4.919080,0.000000,0
194.4768,316.054688,4.915979,-0.175781,0
194.4920,316.054688,4.915979,0.000000,0
194.5073,315.966797,4.914429,-0.087891,0
194.5225,315.878906,4.912878,-0.087891,0
194.5377,315.703125,4.909778,-0.175781,0
194.5530,315.703125,4.909778,0.000000,0
194.5682,315.615234,4.908228,-0.087891,0
194.5834,315.527344,4.906677,-0.087891,0
194.5987,315.527344,4.906677,0.000000,0
194.6139,315.351562,4.903577,-0.175781,0
194.6292,315.351562,4.903577,0.000000,0
194.6444,315.263672,4.902026,-0.087891,0
194.6596,315.175781,4.900476,-0.087891,0
194.6748,315.000000,4.897375,-0.175781,0
194.6900,315.000000,4.897375,0.000000,0
194.7052,314.912109,4.895825,-0.087891,0
194.7205,314.824219,4.894275,-0.087891,0
194.7357,314.824219,4.894275,0.000000,0
194.7510,314.736328,4.892725,-0.087891,0
194.7665,314.736328,4.892725,0.000000,0
194.7817,314.560547,4.889624,-0.175781,0
194.7969,314.560547,4.889624,0.000000,0
194.8122,314.472656,4.888074,-0.087891,0
194.8274,314.384766,4.886523,-0.087891,0
194.8426,314.296875,4.884973,-0.087891,0
194.8578,314.296875,4.884973,0.000000,0
194.8731,314.121094,4.881873,-0.175781,0
194.8883,314.121094,4.881873,0.000000,0
194.9041,314.033203,4.880322,-0.087891,0
194.9193,313.945312,4.878772,-0.087891,0
194.9346,313.945312,4.878772,0.000000,0
194.9498,313.857422,4.877222,-0.087891,0
194.9650,313.857422,4.877222,0.000000,0
194.9803,313.681641,4.874121,-0.175781,0
194.9955,313.681641,4.874121,0.000000,0
195.0110,313.593750,4.872571,-0.087891,0
195.0262,313.505859,4.871021,-0.087891,0
195.0415,313.417969,4.869470,-0.087891,0
195.0568,313.417969,4.869470,0.000000,0
195.0722,313.330078,4.867920,-0.087891,0
195.0874,313.242188,4.866370,-0.087891,0
195.1026,313.154297,4.864819,-0.087891,0
195.1178,313.066406,4.863269,-0.087891,0
195.1330,312.978516,4.861719,-0.087891,0
195.1482,312.890625,4.860168,-0.087891,0
195.1635,312.890625,4.860168,0.000000,0
195.1788,312.802734,4.858618,-0.087891,0
195.1940,312.714844,4.857068,-0.087891,0
195.2092,312.626953,4.855518,-0.087891,0
195.2248,312.626953,4.855518,0.000000,0
195.2402,312.539062,4.853967,-0.087891,0
195.2554,312.451172,4.852417,-0.087891,0
195.2707,312.275391,4.849316,-0.175781,0
195.2859,312.275391,4.849316,0.000000,0
195.3012,312.187500,4.847766,-0.087891,0
195.3164,312.099609,4.846216,-0.087891,0
195.3316,312.011719,4.844666,-0.087891,0
195.3468,311.923828,4.843115,-0.087891,0
195.3621,311.835938,4.841565,-0.087891,0
195.3773,311.748047,4.840015,-0.087891,0
195.3925,311.748047,4.840015,0.000000,0
195.4077,311.572266,4.836914,-0.175781,0
195.4230,311.572266,4.836914,0.000000,0
195.4382,311.484375,4.835364,-0.087891,0
195.4534,311.396484,4.833813,-0.087891,0
195.4686,311.308594,4.832263,-0.087891,0
195.4839,311.308594,4.832263,0.000000,0
195.4997,311.220703,4.830713,-0.087891,0
195.5150,311.132812,4.829163,-0.087891,0
195.5302,311.044922,4.827612,-0.087891,0
195.5461,311.044922,4.827612,0.000000,0
195.5614,310.957031,4.826062,-0.087891,0
195.5768,310.869141,4.824512,-0.087891,0
195.5920,310.869141,4.824512,0.000000,0
195.6073,310.693359,4.821411,-0.175781,0
195.6225,310.693359,4.821411,0.000000,0
195.6377,310.517578,4.818311,-0.175781,0
195.6529,310.517578,4.818311,0.000000,0
195.6682,310.429688,4.816760,-0.087891,0
195.6834,310.429688,4.816760,0.000000,0
195.6986,310.341797,4.815210,-0.087891,0
195.7138,310.253906,4.813660,-0.087891,0
195.7290,310.166016,4.812109,-0.087891,0
195.7442,310.078125,4.810559,-0.087891,0
195.7595,310.078125,4.810559,0.000000,0
195.7747,309.902344,4.807458,-0.175781,0
195.7899,309.902344,4.807458,0.000000,0
195.8051,309.726562,4.804358,-0.175781,0
195.8203,309.726562,4.804358,0.000000,0
195.8356,309.638672,4.802808,-0.087891,0
195.8508,309.638672,4.802808,0.000000,0
195.8660,309.550781,4.801257,-0.087891,0
195.8813,309.462891,4.799707,-0.087891,0
195.8965,309.375000,4.798157,-0.087891,0
195.9118,309.287109,4.796606,-0.087891,0
195.9270,309.287109,4.796606,0.000000,0
195.9422,309.111328,4.793506,-0.175781,0
195.9589,309.111328,4.793506,0.000000,0
195.9743,309.023438,4.791956,-0.087891,0
195.9896,308.935547,4.790405,-0.087891,0
196.0048,308.847656,4.788855,-0.087891,0
196.0201,308.759766,4.787305,-0.087891,0
196.0353,308.671875,4.785754,-0.087891,0
196.0506,308.583984,4.784204,-0.087891,0
196.0660,308.583984,4.784204,0.000000,0
196.0813,308.408203,4.781104,-0.175781,0
196.0965,308.408203,4.781104,0.000000,0
196.1117,308.320312,4.779553,-0.087891,0
196.1270,308.232422,4.778003,-0.087891,0
196.1422,308.144531,4.776453,-0.087891,0
196.1575,308.056641,4.774902,-0.087891,0
196.1728,307.968750,4.773352,-0.087891,0
196.1880,307.880859,4.771802,-0.087891,0
196.2034,307.880859,4.771802,0.000000,0
196.2186,307.792969,4.770251,-0.087891,0
196.2338,307.792969,4.770251,0.000000,0
196.2490,307.705078,4.768701,-0.087891,0
196.2642,307.617188,4.767151,-0.087891,0
196.2795,307.529297,4.765601,-0.087891,0
196.2947,307.441406,4.764050,-0.087891,0
196.3100,307.353516,4.762500,-0.087891,0
196.3253,307.353516,4.762500,0.000000,0
196.3405,307.265625,4.760950,-0.087891,0
196.3557,307.177734,4.759399,-0.087891,0
196.3710,307.089844,4.757849,-0.087891,0
196.3862,307.089844,4.757849,0.000000,0
196.4014,307.001953,4.756299,-0.087891,0
196.4167,306.914062,4.754749,-0.087891,0
196.4319,306.826172,4.753198,-0.087891,0
196.4472,306.738281,4.751648,-0.087891,0
196.4624,306.738281,4.751648,0.000000,0
196.4776,306.650391,4.750098,-0.087891,0
196.4931,306.562500,4.748547,-0.087891,0
196.5083,306.474609,4.746997,-0.087891,0
196.5235,306.386719,4.745447,-0.087891,0
196.5387,306.298828,4.743896,-0.087891,0
196.5539,306.210938,4.742346,-0.087891,0
196.5691,306.210938,4.742346,0.000000,0
196.5848,306.035156,4.739246,-0.175781,0
196.6004,306.035156,4.739246,0.000000,0
196.6156,305.947266,4.737695,-0.087891,0
196.6308,305.947266,4.737695,0.000000,0
196.6460,305.859375,4.736145,-0.087891,0
196.6612,305.771484,4.734595,-0.087891,0
196.6765,305.683594,4.733044,-0.087891,0
196.6918,305.595703,4.731494,-0.087891,0
196.7070,305.507812,4.729944,-0.087891,0
196.7223,305.507812,4.729944,0.000000,0
196.7375,305.419922,4.728394,-0.087891,0
196.7527,305.332031,4.726843,-0.087891,0
196.7679,305.244141,4.725293,-0.087891,0
196.7833,305.068359,4.722192,-0.175781,0
196.7985,304.980469,4.720642,-0.087891,0
196.8138,304.892578,4.719092,-0.087891,0
196.8293,304.892578,4.719092,0.000000,0
196.8446,304.804688,4.717542,-0.087891,0
196.8598,304.716797,4.715991,-0.087891,0
196.8754,304.628906,4.714441,-0.087891,0
196.8906,304.541016,4.712891,-0.087891,0
196.9058,304.453125,4.711340,-0.087891,0
196.9211,304.453125,4.711340,0.000000,0
196.9363,304.365234,4.709790,-0.087891,0
196.9515,304.365234,4.709790,0.000000,0
196.9668,304.277344,4.708240,-0.087891,0
196.9820,304.189453,4.706689,-0.087891,0
196.9972,304.189453,4.706689,0.000000,0
197.0124,304.013672,4.703589,-0.175781,0
197.0276,304.013672,4.703589,0.000000,0
197.0429,303.925781,4.702039,-0.087891,0
197.0581,303.837891,4.700488,-0.087891,0
197.0733,303.750000,4.698938,-0.087891,0
197.0887,303.750000,4.698938,0.000000,0
197.1039,303.662109,4.697388,-0.087891,0
197.1192,303.574219,4.695837,-0.087891,0
197.1344,303.574219,4.695837,0.000000,0
197.1497,303.486328,4.694287,-0.087891,0
197.1649,303.398438,4.692737,-0.087891,0
197.1801,303.310547,4.691187,-0.087891,0
197.1954,303.222656,4.689636,-0.087891,0
197.2106,303.134766,4.688086,-0.087891,0
197.2258,303.046875,4.686536,-0.087891,0
197.2415,302.958984,4.684985,-0.087891,0
197.2568,302.958984,4.684985,0.000000,0
197.2723,302.783203,4.681885,-0.175781,0
197.2875,302.783203,4.681885,0.000000,0
197.3027,302.695312,4.680334,-0.087891,0
197.3179,302.695312,4.680334,0.000000,0
197.3332,302.607422,4.678784,-0.087891,0
197.3484,302.519531,4.677234,-0.087891,0
197.3636,302.519531,4.677234,0.000000,0
197.3788,302.343750,4.674133,-0.175781,0
197.3940,302.343750,4.674133,0.000000,0
197.4093,302.255859,4.672583,-0.087891,0
197.4245,302.167969,4.671033,-0.087891,0
197.4397,302.167969,4.671033,0.000000,0
197.4549,301.992188,4.667932,-0.175781,0
197.4701,301.904297,4.666382,-0.087891,0
197.4854,301.816406,4.664832,-0.087891,0
197.5007,301.728516,4.663281,-0.087891,0
197.5159,301.640625,4.661731,-0.087891,0
197.5313,301.552734,4.660181,-0.087891,0
197.5465,301.464844,4.658630,-0.087891,0
197.5617,301.376953,4.657080,-0.087891,0
197.5769,301.289062,4.655530,-0.087891,0
197.5922,301.201172,4.653979,-0.087891,0
197.6074,301.201172,4.653979,0.000000,0
197.6226,301.113281,4.652429,-0.087891,0
197.6378,301.025391,4.650879,-0.087891,0
197.6531,300.937500,4.649329,-0.087891,0
197.6683,300.937500,4.649329,0.000000,0
197.6835,300.849609,4.647778,-0.087891,0
197.6989,300.849609,4.647778,0.000000,0
197.7142,300.673828,4.644678,-0.175781,0
197.7294,300.673828,4.644678,0.000000,0
197.7447,300.585938,4.643127,-0.087891,0
197.7599,300.498047,4.641577,-0.087891,0
197.7751,300.498047,4.641577,0.000000,0
197.7903,300.410156,4.640027,-0.087891,0
197.8055,300.322266,4.638477,-0.087891,0
197.8208,300.234375,4.636926,-0.087891,0
197.8360,300.146484,4.635376,-0.087891,0
197.8517,300.058594,4.633826,-0.087891,0
197.8670,300.058594,4.633826,0.000000,0
197.8822,299.970703,4.632275,-0.087891,0
197.8975,299.882812,4.630725,-0.087891,0
197.9127,299.882812,4.630725,0.000000,0
197.9279,299.794922,4.629175,-0.087891,0
197.9431,299.707031,4.627625,-0.087891,0
197.9583,299.619141,4.626074,-0.087891,0
197.9740,299.619141,4.626074,0.000000,0
197.9892,299.443359,4.622974,-0.175781,0
198.0044,299.443359,4.622974,0.000000,0
198.0197,299.267578,4.619873,-0.175781,0
198.0349,299.267578,4.619873,0.000000,0
198.0527,299.179688,4.618323,-0.087891,0
198.0681,299.179688,4.618323,0.000000,0
198.0834,299.003906,4.615222,-0.175781,0
198.0986,299.003906,4.615222,0.000000,0
198.1138,298.916016,4.613672,-0.087891,0
198.1290,298.828125,4.612122,-0.087891,0
198.1443,298.740234,4.610571,-0.087891,0
198.1595,298.652344,4.609021,-0.087891,0
198.1747,298.564453,4.607471,-0.087891,0
198.1899,298.564453,4.607471,0.000000,0
198.2054,298.388672,4.604370,-0.175781,0
198.2211,298.300781,4.602820,-0.087891,0
198.2363,298.300781,4.602820,0.000000,0
198.2515,298.212891,4.601270,-0.087891,0
198.2668,298.125000,4.599719,-0.087891,0
198.2820,298.037109,4.598169,-0.087891,0
198.2972,297.949219,4.596619,-0.087891,0
198.3124,297.861328,4.595068,-0.087891,0
198.3276,297.773438,4.593518,-0.087891,0
198.3428,297.685547,4.591968,-0.087891,0
198.3581,297.685547,4.591968,0.000000,0
198.3733,297.509766,4.588867,-0.175781,0
198.3885,297.509766,4.588867,0.000000,0
198.4037,297.421875,4.587317,-0.087891,0
198.4192,297.421875,4.587317,0.000000,0
198.4344,297.421875,4.587317,0.000000,0
198.4496,297.246094,4.584216,-0.175781,0
198.4648,297.246094,4.584216,0.000000,0
198.4800,297.158203,4.582666,-0.087891,0
198.4953,297.070312,4.581116,-0.087891,0
198.5106,296.982422,4.579565,-0.087891,0
198.5258,296.894531,4.578015,-0.087891,0
198.5410,296.806641,4.576465,-0.087891,0
198.5562,296.806641,4.576465,0.000000,0
198.5714,296.718750,4.574915,-0.087891,0
198.5867,296.630859,4.573364,-0.087891,0
198.6021,296.630859,4.573364,0.000000,0
198.6174,296.542969,4.571814,-0.087891,0
198.6326,296.455078,4.570264,-0.087891,0
198.6478,296.367188,4.568713,-0.087891,0
198.6630,296.279297,4.567163,-0.087891,0
198.6782,296.191406,4.565613,-0.087891,0
198.6934,296.191406,4.565613,0.000000,0
198.7087,296.103516,4.564063,-0.087891,0
198.7240,295.927734,4.560962,-0.175781,0
198.7392,295.927734,4.560962,0.000000,0
198.7544,295.751953,4.557861,-0.175781,0
198.7696,295.751953,4.557861,0.000000,0
198.7849,295.664062,4.556311,-0.087891,0
198.8001,295.664062,4.556311,0.000000,0
198.8154,295.576172,4.554761,-0.087891,0
198.8306,295.488281,4.553210,-0.087891,0
198.8464,295.400391,4.551660,-0.087891,0
198.8616,295.312500,4.550110,-0.087891,0
198.8768,295.224609,4.548560,-0.087891,0
198.8920,295.136719,4.547009,-0.087891,0
198.9073,295.048828,4.545459,-0.087891,0
198.9226,295.048828,4.545459,0.000000,0
198.9385,294.873047,4.542358,-0.175781,0
198.9538,294.873047,4.542358,0.000000,0
198.9690,294.785156,4.540808,-0.087891,0
198.9842,294.697266,4.539258,-0.087891,0
198.9994,294.609375,4.537708,-0.087891,0
199.0146,294.521484,4.536157,-0.087891,0
199.0298,294.433594,4.534607,-0.087891,0
199.0451,294.345703,4.533057,-0.087891,0
199.0603,294.257812,4.531506,-0.087891,0
199.0755,294.169922,4.529956,-0.087891,0
199.0907,294.169922,4.529956,0.000000,0
199.1059,294.082031,4.528406,-0.087891,0
199.1213,293.994141,4.526855,-0.087891,0
199.1365,293.994141,4.526855,0.000000,0
199.1519,293.906250,4.525305,-0.087891,0
199.1671,293.818359,4.523755,-0.087891,0
199.1824,293.730469,4.522205,-0.087891,0
199.1976,293.730469,4.522205,0.000000,0
199.2128,293.642578,4.520654,-0.087891,0
199.2280,293.554688,4.519104,-0.087891,0
199.2433,293.466797,4.517554,-0.087891,0
199.2589,293.466797,4.517554,0.000000,0
199.2742,293.378906,4.516003,-0.087891,0
199.2894,293.291016,4.514453,-0.087891,0
199.3048,293.291016,4.514453,0.000000,0
199.3200,293.115234,4.511353,-0.175781,0
199.3353,293.115234,4.511353,0.000000,0
199.3505,293.027344,4.509802,-0.087891,0
199.3657,293.027344,4.509802,0.000000,0
199.3809,292.851562,4.506702,-0.175781,0
199.3970,292.851562,4.506702,0.000000,0
199.4122,292.675781,4.503601,-0.175781,0
199.4275,292.675781,4.503601,0.000000,0
199.4427,292.587891,4.502051,-0.087891,0
199.4579,292.500000,4.500500,-0.087891,0
199.4731,292.412109,4.498950,-0.087891,0
199.4883,292.324219,4.497400,-0.087891,0
199.5036,292.324219,4.497400,0.000000,0
199.5190,292.148438,4.494299,-0.175781,0
199.5347,292.148438,4.494299,0.000000,0
199.5499,292.060547,4.492749,-0.087891,0
199.5651,292.060547,4.492749,0.000000,0
199.5803,291.972656,4.491199,-0.087891,0
199.5955,291.884766,4.489648,-0.087891,0
199.6107,291.708984,4.486548,-0.175781,0
199.6260,291.708984,4.486548,0.000000,0
199.6412,291.621094,4.484998,-0.087891,0
199.6565,291.533203,4.483447,-0.087891,0
199.6717,291.533203,4.483447,0.000000,0
199.6869,291.357422,4.480347,-0.175781,0
199.7021,291.269531,4.478796,-0.087891,0
199.7173,291.181641,4.477246,-0.087891,0
199.7326,291.181641,4.477246,0.000000,0
199.7478,291.005859,4.474146,-0.175781,0
199.7630,291.005859,4.474146,0.000000,0
199.7786,290.830078,4.471045,-0.175781,0
199.7938,290.830078,4.471045,0.000000,0
199.8090,290.742188,4.469495,-0.087891,0
199.8242,290.654297,4.467944,-0.087891,0
199.8395,290.654297,4.467944,0.000000,0
199.8546,290.566406,4.466394,-0.087891,0
199.8698,290.478516,4.464844,-0.087891,0
199.8850,290.390625,4.463293,-0.087891,0
199.9004,290.390625,4.463293,0.000000,0
199.9159,290.302734,4.461743,-0.087891,0
199.9313,290.214844,4.460193,-0.087891,0
199.9465,290.126953,4.458643,-0.087891,0
199.9617,290.039062,4.457092,-0.087891,0
199.9769,290.039062,4.457092,0.000000,0
199.9923,289.951172,4.455542,-0.087891,0
200.0075,289.951172,4.455542,0.000000,0
200.0228,289.863281,4.453992,-0.087891,0
200.0380,289.775391,4.452441,-0.087891,0
200.0532,289.687500,4.450891,-0.087891,0
200.0684,289.599609,4.449341,-0.087891,0
200.0837,289.511719,4.447791,-0.087891,0
200.0991,289.423828,4.446240,-0.087891,0
200.1143,289.335938,4.444690,-0.087891,0
200.1295,289.335938,4.444690,0.000000,0
200.1447,289.248047,4.443140,-0.087891,0
200.1600,289.160156,4.441589,-0.087891,0
200.1753,289.072266,4.440039,-0.087891,0
200.1905,288.984375,4.438489,-0.087891,0
200.2057,288.984375,4.438489,0.000000,0
200.2210,288.896484,4.436938,-0.087891,0
200.2362,288.808594,4.435388,-0.087891,0
200.2514,288.720703,4.433838,-0.087891,0
200.2667,288.720703,4.433838,0.000000,0
200.2819,288.632812,4.432288,-0.087891,0
200.2971,288.544922,4.430737,-0.087891,0
200.3124,288.457031,4.429187,-0.087891,0
200.3280,288.457031,4.429187,0.000000,0
200.3440,288.281250,4.426086,-0.175781,0
200.3593,288.281250,4.426086,0.000000,0
200.3745,288.105469,4.422986,-0.175781,0
200.3898,288.105469,4.422986,0.000000,0
200.4050,288.017578,4.421436,-0.087891,0
200.4202,287.929688,4.419885,-0.087891,0
200.4355,287.841797,4.418335,-0.087891,0
200.4507,287.753906,4.416785,-0.087891,0
200.4659,287.666016,4.415234,-0.087891,0
200.4811,287.578125,4.413684,-0.087891,0
200.4963,287.490234,4.412134,-0.087891,0
200.5115,287.402344,4.410583,-0.087891,0
200.5268,287.402344,4.410583,0.000000,0
200.5420,287.226562,4.407483,-0.175781,0
200.5572,287.226562,4.407483,0.000000,0
200.5725,287.138672,4.405933,-0.087891,0
200.5878,287.050781,4.404382,-0.087891,0
200.6030,287.050781,4.404382,0.000000,0
200.6182,286.875000,4.401282,-0.175781,0
200.6335,286.875000,4.401282,0.000000,0
200.6487,286.787109,4.399731,-0.087891,0
200.6639,286.787109,4.399731,0.000000,0
200.6792,286.611328,4.396631,-0.175781,0
200.6944,286.611328,4.396631,0.000000,0
200.7097,286.523438,4.395081,-0.087891,0
200.7249,286.435547,4.393530,-0.087891,0
200.7401,286.435547,4.393530,0.000000,0
200.7554,286.347656,4.391980,-0.087891,0
200.7706,286.259766,4.390430,-0.087891,0
200.7858,286.171875,4.388879,-0.087891,0
200.8010,286.171875,4.388879,0.000000,0
200.8162,286.083984,4.387329,-0.087891,0
200.8320,285.996094,4.385779,-0.087891,0
200.8474,285.908203,4.384229,-0.087891,0
200.8626,285.820312,4.382678,-0.087891,0
200.8779,285.732422,4.381128,-0.087891,0
200.8931,285.644531,4.379578,-0.087891,0
200.9083,285.556641,4.378027,-0.087891,0
200.9235,285.556641,4.378027,0.000000,0
200.9387,285.468750,4.376477,-0.087891,0
200.9539,285.380859,4.374927,-0.087891,0
200.9693,285.380859,4.374927,0.000000,0
200.9845,285.205078,4.371826,-0.175781,0
200.9997,285.117188,4.370276,-0.087891,0
201.0149,285.117188,4.370276,0.000000,0
201.0301,285.029297,4.368726,-0.087891,0
201.0454,284.941406,4.367175,-0.087891,0
201.0606,284.941406,4.367175,0.000000,0
201.0758,284.853516,4.365625,-0.087891,0
201.0910,284.765625,4.364075,-0.087891,0
201.1064,284.677734,4.362524,-0.087891,0
201.1216,284.589844,4.360974,-0.087891,0
201.1370,284.501953,4.359424,-0.087891,0
201.1523,284.414062,4.357874,-0.087891,0
201.1675,284.414062,4.357874,0.000000,0
201.1827,284.326172,4.356323,-0.087891,0
201.1993,284.238281,4.354773,-0.087891,0
201.2145,284.062500,4.351672,-0.175781,0
201.2297,284.062500,4.351672,0.000000,0
201.2451,283.886719,4.348572,-0.175781,0
201.2622,283.886719,4.348572,0.000000,0
201.2774,283.798828,4.347021,-0.087891,0
201.2937,283.710938,4.345471,-0.087891,0
201.3090,283.623047,4.343921,-0.087891,0
201.3243,283.623047,4.343921,0.000000,0
201.3395,283.535156,4.342371,-0.087891,0
201.3547,283.447266,4.340820,-0.087891,0
201.3699,283.359375,4.339270,-0.087891,0
201.3851,283.271484,4.337720,-0.087891,0
201.4003,283.271484,4.337720,0.000000,0
201.4156,283.183594,4.336169,-0.087891,0
201.4308,283.095703,4.334619,-0.087891,0
201.4460,283.007812,4.333069,-0.087891,0
201.4613,283.007812,4.333069,0.000000,0
201.4765,282.919922,4.331519,-0.087891,0
201.4917,282.832031,4.329968,-0.087891,0
201.5069,282.744141,4.328418,-0.087891,0
201.5223,282.744141,4.328418,0.000000,0
201.5375,282.656250,4.326868,-0.087891,0
201.5528,282.568359,4.325317,-0.087891,0
201.5680,282.480469,4.323767,-0.087891,0
201.5832,282.392578,4.322217,-0.087891,0
201.5984,282.392578,4.322217,0.000000,0
201.6136,282.304688,4.320667,-0.087891,0
201.6289,282.216797,4.319116,-0.087891,0
201.6441,282.128906,4.317566,-0.087891,0
201.6594,282.041016,4.316016,-0.087891,0
201.6746,281.953125,4.314465,-0.087891,0
201.6898,281.953125,4.314465,0.000000,0
201.7050,281.865234,4.312915,-0.087891,0
201.7202,281.777344,4.311365,-0.087891,0
201.7354,281.689453,4.309814,-0.087891,0
201.7508,281.601562,4.308264,-0.087891,0
201.7660,281.513672,4.306714,-0.087891,0
201.7814,281.425781,4.305164,-0.087891,0
201.7966,281.425781,4.305164,0.000000,0
201.8118,281.337891,4.303613,-0.087891,0
201.8270,281.337891,4.303613,0.000000,0
201.8424,281.162109,4.300513,-0.175781,0
201.8577,281.162109,4.300513,0.000000,0
201.8729,281.074219,4.297412,-0.087891,0
201.8898,280.986328,4.297412,-0.087891,0
201.9054,280.898438,4.295862,-0.087891,0
201.9207,280.810547,4.294312,-0.087891,0
201.9359,280.634766,4.291211,-0.175781,0
201.9512,280.634766,4.291211,0.000000,0
201.9665,280.546875,4.289661,-0.087891,0
201.9817,280.458984,4.288110,-0.087891,0
201.9971,280.371094,4.286560,-0.087891,0
202.0123,280.283203,4.285010,-0.087891,0
202.0275,280.195312,4.283459,-0.087891,0
202.0431,280.107422,4.281909,-0.087891,0
202.0584,280.019531,4.280359,-0.087891,0
202.0737,280.019531,4.280359,0.000000,0
202.0889,279.931641,4.278809,-0.087891,0
202.1041,279.843750,4.277258,-0.087891,0
202.1195,279.755859,4.275708,-0.087891,0
202.1347,279.667969,4.274158,-0.087891,0
202.1500,279.580078,4.272607,-0.087891,0
202.1652,279.580078,4.272607,0.000000,0
202.1804,279.492188,4.271057,-0.087891,0
202.1956,279.404297,4.269507,-0.087891,0
202.2109,279.316406,4.267957,-0.087891,0
202.2261,279.316406,4.267957,0.000000,0
202.2413,279.228516,4.266406,-0.087891,0
202.2578,279.140625,4.264856,-0.087891,0
202.2730,279.052734,4.263306,-0.087891,0
202.2882,279.052734,4.263306,0.000000,0
202.3034,278.876953,4.260205,-0.175781,0
202.3186,278.876953,4.260205,0.000000,0
202.3339,278.789062,4.258655,-0.087891,0
202.3491,278.701172,4.257104,-0.087891,0
202.3643,278.701172,4.257104,0.000000,0
202.3797,278.613281,4.255554,-0.087891,0
202.3950,278.525391,4.254004,-0.087891,0
202.4103,278.437500,4.252454,-0.087891,0
202.4255,278.349609,4.250903,-0.087891,0
202.4409,278.261719,4.249353,-0.087891,0
202.4562,278.261719,4.249353,0.000000,0
202.4714,278.173828,4.247803,-0.087891,0
202.4866,278.085938,4.246252,-0.087891,0
202.5019,277.910156,4.243152,-0.175781,0
202.5171,277.910156,4.243152,0.000000,0
202.5323,277.822266,4.241602,-0.087891,0
202.5475,277.822266,4.241602,0.000000,0
202.5628,277.734375,4.240051,-0.087891,0
202.5780,277.646484,4.238501,-0.087891,0
202.5932,277.558594,4.236951,-0.087891,0
202.6085,277.470703,4.235400,-0.087891,0
202.6238,277.470703,4.235400,0.000000,0
202.6390,277.382812,4.233850,-0.087891,0
202.6543,277.294922,4.232300,-0.087891,0
202.6695,277.207031,4.230750,-0.087891,0
202.6847,277.119141,4.229199,-0.087891,0
202.6999,277.031250,4.227649,-0.087891,0
202.7151,276.943359,4.226099,-0.087891,0
202.7303,276.855469,4.224548,-0.087891,0
202.7456,276.767578,4.222998,-0.087891,0
202.7611,276.767578,4.222998,0.000000,0
202.7764,276.591797,4.219897,-0.175781,0
202.7916,276.591797,4.219897,0.000000,0
202.8068,276.503906,4.218347,-0.087891,0
202.8220,276.416016,4.216797,-0.087891,0
202.8372,276.328125,4.215247,-0.087891,0
202.8525,276.240234,4.213696,-0.087891,0
202.8677,276.240234,4.213696,0.000000,0
202.8830,276.064453,4.210596,-0.175781,0
202.8983,276.064453,4.210596,0.000000,0
202.9135,275.976562,4.209045,-0.087891,0
202.9287,275.976562,4.209045,0.000000,0
202.9440,275.800781,4.205945,-0.175781,0
202.9593,275.800781,4.205945,0.000000,0
202.9747,275.712891,4.204395,-0.087891,0
202.9900,275.712891,4.204395,0.000000,0
203.0054,275.625000,4.202844,-0.087891,0
203.0207,275.537109,4.201294,-0.087891,0
203.0359,275.449219,4.199744,-0.087891,0
203.0514,275.361328,4.198193,-0.087891,0
203.0667,275.361328,4.198193,0.000000,0
203.0819,275.273438,4.196643,-0.087891,0
203.0971,275.185547,4.195093,-0.087891,0
203.1123,275.097656,4.193542,-0.087891,0
203.1275,275.097656,4.193542,0.000000,0
203.1427,275.009766,4.191992,-0.087891,0
203.1579,274.921875,4.190442,-0.087891,0
203.1732,274.833984,4.188892,-0.087891,0
203.1884,274.746094,4.187341,-0.087891,0
203.2036,274.658203,4.185791,-0.087891,0
203.2188,274.658203,4.185791,0.000000,0
203.2340,274.570312,4.184241,-0.087891,0
203.2493,274.482422,4.182690,-0.087891,0
203.2645,274.394531,4.181140,-0.087891,0
203.2797,274.218750,4.178040,-0.175781,0
203.2950,274.218750,4.178040,0.000000,0
203.3104,274.130859,4.176489,-0.087891,0
203.3259,274.130859,4.176489,0.000000,0
203.3411,274.042969,4.174939,-0.087891,0
203.3563,273.955078,4.173389,-0.087891,0
203.3728,273.867188,4.171838,-0.087891,0
203.3881,273.779297,4.170288,-0.087891,0
203.4033,273.691406,4.168738,-0.087891,0
203.4185,273.691406,4.168738,0.000000,0
203.4337,273.603516,4.167188,-0.087891,0
203.4489,273.427734,4.164087,-0.175781,0
203.4642,273.427734,4.164087,0.000000,0
203.4794,273.251953,4.160986,-0.175781,0
203.4945,273.251953,4.160986,0.000000,0
203.5098,273.076172,4.157886,-0.175781,0
203.5253,273.076172,4.157886,0.000000,0
203.5405,272.900391,4.154785,-0.175781,0
203.5557,272.900391,4.154785,0.000000,0
203.5710,272.812500,4.153235,-0.087891,0
203.5863,272.724609,4.151685,-0.087891,0
203.6015,272.724609,4.151685,0.000000,0
203.6167,272.548828,4.148584,-0.175781,0
203.6319,272.548828,4.148584,0.000000,0
203.6471,272.460938,4.147034,-0.087891,0
203.6624,272.460938,4.147034,0.000000,0
203.6776,272.285156,4.143933,-0.175781,0
203.6928,272.285156,4.143933,0.000000,0
203.7080,272.197266,4.142383,-0.087891,0
203.7233,272.109375,4.140833,-0.087891,0
203.7385,272.021484,4.139282,-0.087891,0
203.7537,272.021484,4.139282,0.000000,0
203.7690,271.933594,4.137732,-0.087891,0
203.7842,271.845703,4.136182,-0.087891,0
203.7994,271.845703,4.136182,0.000000,0
203.8146,271.757812,4.134631,-0.087891,0
203.8299,271.669922,4.133081,-0.087891,0
203.8451,271.582031,4.131531,-0.087891,0
203.8603,271.494141,4.129980,-0.087891,0
203.8755,271.406250,4.128430,-0.087891,0
203.8907,271.406250,4.128430,0.000000,0
203.9060,271.406250,4.128430,0.000000,0
203.9212,271.230469,4.125330,-0.175781,0
203.9364,271.230469,4.125330,0.000000,0
203.9516,271.142578,4.123779,-0.087891,0
203.9668,271.054688,4.122229,-0.087891,0
203.9821,270.878906,4.119128,-0.175781,0
203.9973,270.878906,4.119128,0.000000,0
204.0125,270.791016,4.117578,-0.087891,0
204.0277,270.791016,4.117578,0.000000,0
204.0430,270.615234,4.114478,-0.175781,0
204.0583,270.527344,4.112927,-0.087891,0
204.0735,270.527344,4.112927,0.000000,0
204.0887,270.439453,4.111377,-0.087891,0
204.1040,270.351562,4.109827,-0.087891,0
204.1192,270.263672,4.108276,-0.087891,0
204.1345,270.263672,4.108276,0.000000,0
204.1497,270.175781,4.106726,-0.087891,0
204.1649,270.087891,4.105176,-0.087891,0
204.1801,270.000000,4.103625,-0.087891,0
204.1953,269.912109,4.102075,-0.087891,0
204.2105,269.824219,4.100525,-0.087891,0
204.2258,269.736328,4.098975,-0.087891,0
204.2411,269.736328,4.098975,0.000000,0
204.2564,269.560547,4.095874,-0.175781,0
204.2716,269.472656,4.094324,-0.087891,0
204.2868,269.472656,4.094324,0.000000,0
204.3021,269.384766,4.092773,-0.087891,0
204.3173,269.208984,4.089673,-0.175781,0
204.3325,269.208984,4.089673,0.000000,0
204.3477,269.121094,4.088123,-0.087891,0
204.3629,269.033203,4.086572,-0.087891,0
204.3783,268.945312,4.085022,-0.087891,0
204.3935,268.945312,4.085022,0.000000,0
204.4087,268.857422,4.083472,-0.087891,0
204.4240,268.769531,4.081921,-0.087891,0
204.4392,268.681641,4.080371,-0.087891,0
204.4544,268.593750,4.078821,-0.087891,0
204.4697,268.593750,4.078821,0.000000,0
204.4850,268.417969,4.075720,-0.175781,0
204.5002,268.417969,4.075720,0.000000,0
204.5154,268.330078,4.074170,-0.087891,0
204.5307,268.330078,4.074170,0.000000,0
204.5467,268.242188,4.072620,-0.087891,0
204.5619,268.154297,4.071069,-0.087891,0
204.5771,268.066406,4.069519,-0.087891,0
204.5935,268.066406,4.069519,0.000000,0
204.6087,267.978516,4.067969,-0.087891,0
204.6242,267.890625,4.066418,-0.087891,0
204.6394,267.802734,4.064868,-0.087891,0
204.6546,267.714844,4.063318,-0.087891,0
204.6699,267.626953,4.061768,-0.087891,0
204.6852,267.626953,4.061768,0.000000,0
204.7004,267.539062,4.060217,-0.087891,0
204.7156,267.451172,4.058667,-0.087891,0
204.7308,267.363281,4.057117,-0.087891,0
204.7460,267.275391,4.055566,-0.087891,0
204.7612,267.187500,4.054016,-0.087891,0
204.7764,267.099609,4.052466,-0.087891,0
204.7917,267.099609,4.052466,0.000000,0
204.8070,267.011719,4.050916,-0.087891,0
204.8222,266.923828,4.049365,-0.087891,0
204.8374,266.923828,4.049365,0.000000,0
204.8526,266.748047,4.046265,-0.175781,0
204.8678,266.660156,4.044714,-0.087891,0
204.8831,266.572266,4.043164,-0.087891,0
204.8983,266.572266,4.043164,0.000000,0
204.9135,266.484375,4.041614,-0.087891,0
204.9288,266.396484,4.040063,-0.087891,0
204.9440,266.308594,4.038513,-0.087891,0
204.9592,266.308594,4.038513,0.000000,0
204.9744,266.220703,4.036963,-0.087891,0
204.9897,266.132812,4.035413,-0.087891,0
205.0049,266.044922,4.033862,-0.087891,0
205.0202,265.957031,4.032312,-0.087891,0
205.0354,265.869141,4.030762,-0.087891,0
205.0507,265.781250,4.029211,-0.087891,0
205.0660,265.693359,4.027661,-0.087891,0
205.0812,265.605469,4.026111,-0.087891,0
205.0964,265.605469,4.026111,0.000000,0
205.1116,265.429688,4.023010,-0.175781,0
205.1268,265.429688,4.023010,0.000000,0
205.1421,265.341797,4.021460,-0.087891,0
205.1573,265.253906,4.019910,-0.087891,0
205.1724,265.166016,4.018359,-0.087891,0
205.1878,265.078125,4.016809,-0.087891,0
205.2030,265.078125,4.016809,0.000000,0
205.2190,264.990234,4.015259,-0.087891,0
205.2342,264.902344,4.013708,-0.087891,0
205.2494,264.814453,4.012158,-0.087891,0
205.2647,264.726562,4.010608,-0.087891,0
205.2800,264.638672,4.009058,-0.087891,0
205.2953,264.638672,4.009058,0.000000,0
205.3105,264.550781,4.007507,-0.087891,0
205.3258,264.462891,4.005957,-0.087891,0
205.3410,264.462891,4.005957,0.000000,0
205.3563,264.375000,4.004407,-0.087891,0
205.3722,264.287109,4.002856,-0.087891,0
205.3874,264.199219,4.001306,-0.087891,0
205.4026,264.199219,4.001306,0.000000,0
205.4178,264.111328,3.999756,-0.087891,0
205.4332,264.023438,3.998206,-0.087891,0
205.4484,263.935547,3.996655,-0.087891,0
205.4637,263.935547,3.996655,0.000000,0
205.4790,263.847656,3.995105,-0.087891,0
205.4943,263.759766,3.993555,-0.087891,0
205.5096,263.671875,3.992004,-0.087891,0
205.5249,263.671875,3.992004,0.000000,0
205.5402,263.583984,3.990454,-0.087891,0
205.5558,263.408203,3.987354,-0.175781,0
205.5711,263.408203,3.987354,0.000000,0
205.5863,263.232422,3.984253,-0.175781,0
205.6015,263.232422,3.984253,0.000000,0
205.6168,263.144531,3.982703,-0.087891,0
205.6320,263.144531,3.982703,0.000000,0
205.6472,263.056641,3.981152,-0.087891,0
205.6627,262.968750,3.979602,-0.087891,0
205.6779,262.792969,3.976501,-0.175781,0
205.6931,262.792969,3.976501,0.000000,0
205.7084,262.705078,3.974951,-0.087891,0
205.7236,262.705078,3.974951,0.000000,0
205.7388,262.617188,3.973401,-0.087891,0
205.7545,262.529297,3.971851,-0.087891,0
205.7697,262.529297,3.971851,0.000000,0
205.7850,262.441406,3.970300,-0.087891,0
205.8002,262.353516,3.968750,-0.087891,0
205.8154,262.177734,3.965649,-0.175781,0
205.8306,262.177734,3.965649,0.000000,0
205.8459,262.089844,3.964099,-0.087891,0
205.8611,262.001953,3.962549,-0.087891,0
205.8770,261.914062,3.960999,-0.087891,0
205.8923,261.826172,3.959448,-0.087891,0
205.9075,261.738281,3.957898,-0.087891,0
205.9227,261.650391,3.956348,-0.087891,0
205.9379,261.562500,3.954797,-0.087891,0
205.9532,261.474609,3.953247,-0.087891,0
205.9684,261.386719,3.951697,-0.087891,0
205.9836,261.298828,3.950146,-0.087891,0
205.9989,261.298828,3.950146,0.000000,0
206.0141,261.210938,3.948596,-0.087891,0
206.0293,261.123047,3.947046,-0.087891,0
206.0445,261.035156,3.945496,-0.087891,0
206.0598,260.947266,3.943945,-0.087891,0
206.0751,260.947266,3.943945,0.000000,0
206.0903,260.859375,3.942395,-0.087891,0
206.1055,260.771484,3.940845,-0.087891,0
206.1207,260.771484,3.940845,0.000000,0
206.1359,260.683594,3.939294,-0.087891,0
206.1511,260.595703,3.937744,-0.087891,0
206.1665,260.507812,3.936194,-0.087891,0
206.1817,260.419922,3.934644,-0.087891,0
206.1969,260.419922,3.934644,0.000000,0
206.2121,260.332031,3.933093,-0.087891,0
206.2274,260.244141,3.931543,-0.087891,0
206.2426,260.244141,3.931543,0.000000,0
206.2578,260.156250,3.929993,-0.087891,0
206.2734,260.068359,3.928442,-0.087891,0
206.2890,259.980469,3.926892,-0.087891,0
206.3042,259.980469,3.926892,0.000000,0
206.3195,259.804688,3.923792,-0.175781,0
206.3347,259.804688,3.923792,0.000000,0
206.3499,259.716797,3.922241,-0.087891,0
206.3651,259.628906,3.920691,-0.087891,0
206.3804,259.541016,3.919141,-0.087891,0
206.3956,259.453125,3.917590,-0.087891,0
206.4108,259.365234,3.916040,-0.087891,0
206.4260,259.365234,3.916040,0.000000,0
206.4412,259.365234,3.916040,0.000000,0
206.4564,259.189453,3.912939,-0.175781,0
206.4718,259.189453,3.912939,0.000000,0
206.4870,259.013672,3.909839,-0.175781,0
206.5022,259.013672,3.909839,0.000000,0
206.5175,258.925781,3.908289,-0.087891,0
206.5327,258.925781,3.908289,0.000000,0
206.5479,258.837891,3.906738,-0.087891,0
206.5631,258.750000,3.905188,-0.087891,0
206.5783,258.662109,3.903638,-0.087891,0
206.5937,258.574219,3.902087,-0.087891,0
206.6089,258.486328,3.900537,-0.087891,0
206.6241,258.398438,3.898987,-0.087891,0
206.6393,258.310547,3.897437,-0.087891,0
206.6545,258.222656,3.895886,-0.087891,0
206.6698,258.134766,3.894336,-0.087891,0
206.6850,258.046875,3.892786,-0.087891,0
206.7003,258.046875,3.892786,0.000000,0
206.7155,257.871094,3.889685,-0.175781,0
206.7308,257.783203,3.888135,-0.087891,0
206.7460,257.783203,3.888135,0.000000,0
206.7612,257.695312,3.886584,-0.087891,0
206.7764,257.607422,3.885034,-0.087891,0
206.7916,257.519531,3.883484,-0.087891,0
206.8069,257.519531,3.883484,0.000000,0
206.8221,257.343750,3.880383,-0.175781,0
206.8373,257.343750,3.880383,0.000000,0
206.8525,257.255859,3.878833,-0.087891,0
206.8678,257.167969,3.877283,-0.087891,0
206.8830,257.080078,3.875732,-0.087891,0
206.8982,257.080078,3.875732,0.000000,0
206.9137,256.992188,3.874182,-0.087891,0
206.9292,256.904297,3.872632,-0.087891,0
206.9444,256.904297,3.872632,0.000000,0
206.9597,256.816406,3.871082,-0.087891,0
206.9749,256.728516,3.869531,-0.087891,0
206.9901,256.640625,3.867981,-0.087891,0
207.0053,256.640625,3.867981,0.000000,0
207.0205,256.552734,3.866431,-0.087891,0
207.0358,256.464844,3.864880,-0.087891,0
207.0511,256.376953,3.863330,-0.087891,0
207.0665,256.376953,3.863330,0.000000,0
207.0817,256.289062,3.861780,-0.087891,0
207.0969,256.201172,3.860229,-0.087891,0
207.1130,256.113281,3.858679,-0.087891,0
207.1282,256.025391,3.857129,-0.087891,0
207.1434,255.937500,3.855579,-0.087891,0
207.1586,255.849609,3.854028,-0.087891,0
207.1738,255.849609,3.854028,0.000000,0
207.1891,255.761719,3.852478,-0.087891,0
207.2043,255.673828,3.850928,-0.087891,0
207.2195,255.585938,3.849377,-0.087891,0
207.2351,255.585938,3.849377,0.000000,0
207.2503,255.410156,3.846277,-0.175781,0
207.2655,255.410156,3.846277,0.000000,0
207.2807,255.322266,3.844727,-0.087891,0
207.2959,255.234375,3.843176,-0.087891,0
207.3119,255.146484,3.841626,-0.087891,0
207.3271,255.146484,3.841626,0.000000,0
207.3423,255.058594,3.840076,-0.087891,0
207.3575,254.970703,3.838525,-0.087891,0
207.3727,254.970703,3.838525,0.000000,0
207.3879,254.882812,3.836975,-0.087891,0
207.4033,254.794922,3.835425,-0.087891,0
207.4188,254.707031,3.833875,-0.087891,0
207.4340,254.619141,3.832324,-0.087891,0
207.4493,254.531250,3.830774,-0.087891,0
207.4646,254.531250,3.830774,0.000000,0
207.4798,254.443359,3.829224,-0.087891,0
207.4960,254.355469,3.827673,-0.087891,0
207.5115,254.179688,3.824573,-0.175781,0
207.5267,254.179688,3.824573,0.000000,0
207.5419,254.091797,3.823022,-0.087891,0
207.5571,254.003906,3.821472,-0.087891,0
207.5723,253.916016,3.819922,-0.087891,0
207.5875,253.828125,3.818372,-0.087891,0
207.6028,253.828125,3.818372,0.000000,0
207.6180,253.652344,3.815271,-0.175781,0
207.6332,253.652344,3.815271,0.000000,0
207.6484,253.564453,3.813721,-0.087891,0
207.6637,253.476562,3.812170,-0.087891,0
207.6789,253.388672,3.810620,-0.087891,0
207.6941,253.388672,3.810620,0.000000,0
207.7094,253.300781,3.809070,-0.087891,0
207.7246,253.212891,3.807520,-0.087891,0
207.7398,253.212891,3.807520,0.000000,0
207.7550,253.125000,3.805969,-0.087891,0
207.7702,253.037109,3.804419,-0.087891,0
207.7855,252.949219,3.802869,-0.087891,0
207.8008,252.949219,3.802869,0.000000,0
207.8160,252.861328,3.801318,-0.087891,0
207.8313,252.773438,3.799768,-0.087891,0
207.8465,252.773438,3.799768,0.000000,0
207.8618,252.685547,3.798218,-0.087891,0
207.8770,252.597656,3.796667,-0.087891,0
207.8922,252.509766,3.795117,-0.087891,0
207.9074,252.421875,3.793567,-0.087891,0
207.9226,252.333984,3.792017,-0.087891,0
207.9378,252.333984,3.792017,0.000000,0
207.9530,252.158203,3.788916,-0.175781,0
207.9682,252.158203,3.788916,0.000000,0
207.9834,252.070312,3.787366,-0.087891,0
207.9987,251.982422,3.785815,-0.087891,0
208.0139,251.894531,3.784265,-0.087891,0
208.0291,251.806641,3.782715,-0.087891,0
208.0443,251.806641,3.782715,0.000000,0
208.0596,251.630859,3.779614,-0.175781,0
208.0748,251.630859,3.779614,0.000000,0
208.0901,251.455078,3.776514,-0.175781,0
208.1053,251.455078,3.776514,0.000000,0
208.1207,251.367188,3.774963,-0.087891,0
208.1359,251.279297,3.773413,-0.087891,0
208.1511,251.191406,3.771863,-0.087891,0
208.1663,251.191406,3.771863,0.000000,0
208.1815,251.103516,3.770313,-0.087891,0
208.1967,251.015625,3.768762,-0.087891,0
208.2120,250.927734,3.767212,-0.087891,0
208.2272,250.839844,3.765662,-0.087891,0
208.2425,250.839844,3.765662,0.000000,0
208.2577,250.664062,3.762561,-0.175781,0
208.2729,250.664062,3.762561,0.000000,0
208.2881,250.488281,3.759460,-0.175781,0
208.3034,250.488281,3.759460,0.000000,0
208.3187,250.312500,3.756360,-0.175781,0
208.3339,250.312500,3.756360,0.000000,0
208.3492,250.224609,3.754810,-0.087891,0
208.3645,250.136719,3.753259,-0.087891,0
208.3800,250.048828,3.751709,-0.087891,0
208.3952,249.960938,3.750159,-0.087891,0
208.4104,249.960938,3.750159,0.000000,0
208.4257,249.785156,3.747058,-0.175781,0
208.4412,249.785156,3.747058,0.000000,0
208.4564,249.697266,3.745508,-0.087891,0
208.4716,249.697266,3.745508,0.000000,0
208.4868,249.521484,3.742407,-0.175781,0
208.5020,249.521484,3.742407,0.000000,0
208.5172,249.433594,3.740857,-0.087891,0
208.5325,249.345703,3.739307,-0.087891,0
208.5481,249.345703,3.739307,0.000000,0
208.5633,249.169922,3.736206,-0.175781,0
208.5786,249.169922,3.736206,0.000000,0
208.5938,249.082031,3.734656,-0.087891,0
208.6090,249.082031,3.734656,0.000000,0
208.6242,248.906250,3.731555,-0.175781,0
208.6395,248.906250,3.731555,0.000000,0
208.6548,248.818359,3.730005,-0.087891,0
208.6700,248.730469,3.728455,-0.087891,0
208.6853,248.730469,3.728455,0.000000,0
208.7007,248.642578,3.726904,-0.087891,0
208.7159,248.554688,3.725354,-0.087891,0
208.7312,248.466797,3.723804,-0.087891,0
208.7464,248.466797,3.723804,0.000000,0
208.7616,248.378906,3.722253,-0.087891,0
208.7768,248.291016,3.720703,-0.087891,0
208.7921,248.203125,3.719153,-0.087891,0
208.8073,248.115234,3.717603,-0.087891,0
208.8225,248.027344,3.716052,-0.087891,0
208.8377,247.939453,3.714502,-0.087891,0
208.8530,247.851562,3.712952,-0.087891,0
208.8682,247.851562,3.712952,0.000000,0
208.8834,247.763672,3.711401,-0.087891,0
208.8986,247.675781,3.709851,-0.087891,0
208.9139,247.587891,3.708301,-0.087891,0
208.9292,247.500000,3.706750,-0.087891,0
208.9444,247.412109,3.705200,-0.087891,0
208.9596,247.324219,3.703650,-0.087891,0
208.9748,247.324219,3.703650,0.000000,0
208.9900,247.236328,3.702100,-0.087891,0
209.0053,247.148438,3.700549,-0.087891,0
209.0205,247.060547,3.698999,-0.087891,0
209.0357,246.972656,3.697449,-0.087891,0
209.0509,246.972656,3.697449,0.000000,0
209.0662,246.796875,3.694348,-0.175781,0
209.0814,246.796875,3.694348,0.000000,0
209.0966,246.708984,3.692798,-0.087891,0
209.1119,246.621094,3.691248,-0.087891,0
209.1273,246.533203,3.689697,-0.087891,0
209.1425,246.445312,3.688147,-0.087891,0
209.1577,246.357422,3.686597,-0.087891,0
209.1730,246.269531,3.685046,-0.087891,0
209.1882,246.181641,3.683496,-0.087891,0
209.2034,246.093750,3.681946,-0.087891,0
209.2186,246.093750,3.681946,0.000000,0
209.2339,246.005859,3.680396,-0.087891,0
209.2491,245.917969,3.678845,-0.087891,0
209.2647,245.830078,3.677295,-0.087891,0
209.2800,245.830078,3.677295,0.000000,0
209.2961,245.742188,3.675745,-0.087891,0
209.3113,245.654297,3.674194,-0.087891,0
209.3266,245.478516,3.671094,-0.175781,0
209.3418,245.478516,3.671094,0.000000,0
209.3570,245.478516,3.671094,0.000000,0
209.3722,245.390625,3.669543,-0.087891,0
209.3874,245.214844,3.666443,-0.175781,0
209.4029,245.214844,3.666443,0.000000,0
209.4181,245.214844,3.666443,0.000000,0
209.4333,245.126953,3.664893,-0.087891,0
209.4485,245.126953,3.664893,0.000000,0
209.4638,244.951172,3.661792,-0.175781,0
209.4790,244.951172,3.661792,0.000000,0
209.4942,244.863281,3.660242,-0.087891,0
209.5095,244.775391,3.658691,-0.087891,0
209.5247,244.687500,3.657141,-0.087891,0
209.5402,244.599609,3.655591,-0.087891,0
209.5554,244.599609,3.655591,0.000000,0
209.5706,244.511719,3.654041,-0.087891,0
209.5859,244.423828,3.652490,-0.087891,0
209.6011,244.335938,3.650940,-0.087891,0
209.6163,244.335938,3.650940,0.000000,0
209.6316,244.248047,3.649390,-0.087891,0
209.6468,244.160156,3.647839,-0.087891,0
209.6620,244.072266,3.646289,-0.087891,0
209.6772,243.984375,3.644739,-0.087891,0
209.6925,243.896484,3.643188,-0.087891,0
209.7077,243.896484,3.643188,0.000000,0
209.7232,243.720703,3.640088,-0.175781,0
209.7385,243.720703,3.640088,0.000000,0
209.7537,243.632812,3.638538,-0.087891,0
209.7689,243.544922,3.636987,-0.087891,0
209.7842,243.457031,3.635437,-0.087891,0
209.7994,243.369141,3.633887,-0.087891,0
209.8146,243.369141,3.633887,0.000000,0
209.8299,243.281250,3.632336,-0.087891,0
209.8451,243.193359,3.630786,-0.087891,0
209.8603,243.105469,3.629236,-0.087891,0
209.8755,243.017578,3.627686,-0.087891,0
209.8907,242.929688,3.626135,-0.087891,0
209.9059,242.841797,3.624585,-0.087891,0
209.9211,242.753906,3.623035,-0.087891,0
209.9366,242.666016,3.621484,-0.087891,0
209.9522,242.666016,3.621484,0.000000,0
209.9674,242.490234,3.618384,-0.175781,0
209.9826,242.490234,3.618384,0.000000,0
209.9978,242.402344,3.616833,-0.087891,0
210.0130,242.314453,3.615283,-0.087891,0
210.0282,242.226562,3.613733,-0.087891,0
210.0435,242.138672,3.612183,-0.087891,0
210.0587,242.138672,3.612183,0.000000,0
210.0740,242.050781,3.610632,-0.087891,0
210.0893,241.962891,3.609082,-0.087891,0
210.1045,241.875000,3.607532,-0.087891,0
210.1197,241.875000,3.607532,0.000000,0
210.1349,241.699219,3.604431,-0.175781,0
210.1501,241.699219,3.604431,0.000000,0
210.1653,241.611328,3.602881,-0.087891,0
210.1805,241.611328,3.602881,0.000000,0
210.1958,241.435547,3.599780,-0.175781,0
210.2110,241.435547,3.599780,0.000000,0
210.2262,241.347656,3.598230,-0.087891,0
210.2419,241.347656,3.598230,0.000000,0
210.2574,241.259766,3.596680,-0.087891,0
210.2726,241.171875,3.595129,-0.087891,0
210.2878,241.171875,3.595129,0.000000,0
210.3030,240.996094,3.592029,-0.175781,0
210.3182,240.996094,3.592029,0.000000,0
210.3335,240.908203,3.590479,-0.087891,0
210.3487,240.820312,3.588928,-0.087891,0
210.3640,240.732422,3.587378,-0.087891,0
210.3796,240.732422,3.587378,0.000000,0
210.3949,240.556641,3.584277,-0.175781,0
210.4103,240.556641,3.584277,0.000000,0
210.4256,240.468750,3.582727,-0.087891,0
210.4411,240.380859,3.581177,-0.087891,0
210.4563,240.292969,3.579626,-0.087891,0
210.4719,240.292969,3.579626,0.000000,0
210.4872,240.205078,3.578076,-0.087891,0
210.5024,240.117188,3.576526,-0.087891,0
210.5176,240.029297,3.574976,-0.087891,0
210.5329,239.941406,3.573425,-0.087891,0
210.5481,239.941406,3.573425,0.000000,0
210.5634,239.765625,3.570325,-0.175781,0
210.5794,239.765625,3.570325,0.000000,0
210.5946,239.677734,3.568774,-0.087891,0
210.6098,239.677734,3.568774,0.000000,0
210.6254,239.501953,3.565674,-0.175781,0
210.6409,239.501953,3.565674,0.000000,0
210.6561,239.326172,3.562573,-0.175781,0
210.6714,239.238281,3.561023,-0.087891,0
210.6868,239.150391,3.559473,-0.087891,0
210.7020,239.150391,3.559473,0.000000,0
210.7172,239.062500,3.557922,-0.087891,0
210.7327,238.974609,3.556372,-0.087891,0
210.7483,238.886719,3.554822,-0.087891,0
210.7635,238.798828,3.553271,-0.087891,0
210.7787,238.710938,3.551721,-0.087891,0
210.7940,238.623047,3.550171,-0.087891,0
210.8092,238.535156,3.548621,-0.087891,0
210.8244,238.447266,3.547070,-0.087891,0
210.8396,238.447266,3.547070,0.000000,0
210.8549,238.271484,3.543970,-0.175781,0
210.8701,238.271484,3.543970,0.000000,0
210.8854,238.183594,3.542419,-0.087891,0
210.9006,238.095703,3.540869,-0.087891,0
210.9158,238.007812,3.539319,-0.087891,0
210.9310,238.007812,3.539319,0.000000,0
210.9463,237.919922,3.537769,-0.087891,0
210.9615,237.832031,3.536218,-0.087891,0
210.9767,237.744141,3.534668,-0.087891,0
210.9920,237.744141,3.534668,0.000000,0
211.0073,237.656250,3.533118,-0.087891,0
211.0225,237.568359,3.531567,-0.087891,0
211.0378,237.568359,3.531567,0.000000,0
211.0530,237.480469,3.530017,-0.087891,0
211.0682,237.392578,3.528467,-0.087891,0
211.0837,237.392578,3.528467,0.000000,0
211.0989,237.304688,3.526917,-0.087891,0
211.1141,237.216797,3.525366,-0.087891,0
211.1294,237.128906,3.523816,-0.087891,0
211.1446,237.128906,3.523816,0.000000,0
211.1599,236.953125,3.520715,-0.175781,0
211.1751,236.953125,3.520715,0.000000,0
211.1906,236.865234,3.519165,-0.087891,0
211.2058,236.777344,3.517615,-0.087891,0
211.2210,236.777344,3.517615,0.000000,0
211.2362,236.601562,3.514514,-0.175781,0
211.2515,236.601562,3.514514,0.000000,0
211.2667,236.513672,3.512964,-0.087891,0
211.2819,236.425781,3.511414,-0.087891,0
211.2971,236.337891,3.509863,-0.087891,0
211.3123,236.250000,3.508313,-0.087891,0
211.3276,236.162109,3.506763,-0.087891,0
211.3428,236.162109,3.506763,0.000000,0
211.3580,235.986328,3.503662,-0.175781,0
211.3732,235.898438,3.502112,-0.087891,0
211.3884,235.898438,3.502112,0.000000,0
211.4037,235.898438,3.502112,0.000000,0
211.4189,235.810547,3.500562,-0.087891,0
211.4341,235.722656,3.499011,-0.087891,0
211.4499,235.634766,3.497461,-0.087891,0
211.4652,235.546875,3.495911,-0.087891,0
211.4804,235.458984,3.494360,-0.087891,0
211.4956,235.371094,3.492810,-0.087891,0
211.5108,235.371094,3.492810,0.000000,0
211.5260,235.283203,3.491260,-0.087891,0
211.5412,235.195312,3.489709,-0.087891,0
211.5567,235.019531,3.486609,-0.175781,0
211.5721,235.019531,3.486609,0.000000,0
211.5873,234.931641,3.485059,-0.087891,0
211.6025,234.843750,3.483508,-0.087891,0
211.6177,234.755859,3.481958,-0.087891,0
211.6330,234.667969,3.480408,-0.087891,0
211.6483,234.580078,3.478857,-0.087891,0
211.6638,234.492188,3.477307,-0.087891,0
211.6790,234.492188,3.477307,0.000000,0
211.6942,234.404297,3.475757,-0.087891,0
211.7094,234.316406,3.474207,-0.087891,0
211.7246,234.228516,3.472656,-0.087891,0
211.7398,234.228516,3.472656,0.000000,0
211.7551,234.140625,3.471106,-0.087891,0
211.7708,234.052734,3.469556,-0.087891,0
211.7861,233.964844,3.468005,-0.087891,0
211.8017,233.964844,3.468005,0.000000,0
211.8169,233.876953,3.466455,-0.087891,0
211.8326,233.789062,3.464905,-0.087891,0
211.8478,233.701172,3.463354,-0.087891,0
211.8632,233.613281,3.461804,-0.087891,0
211.8784,233.613281,3.461804,0.000000,0
211.8937,233.525391,3.460254,-0.087891,0
211.9089,233.437500,3.458704,-0.087891,0
211.9241,233.437500,3.458704,0.000000,0
211.9395,233.349609,3.457153,-0.087891,0
211.9547,233.261719,3.455603,-0.087891,0
211.9699,233.261719,3.455603,0.000000,0
211.9852,233.173828,3.454053,-0.087891,0
212.0004,233.085938,3.452502,-0.087891,0
212.0156,232.998047,3.450952,-0.087891,0
212.0308,232.910156,3.449402,-0.087891,0
212.0461,232.910156,3.449402,0.000000,0
212.0614,232.734375,3.446301,-0.175781,0
212.0766,232.734375,3.446301,0.000000,0
212.0918,232.646484,3.444751,-0.087891,0
212.1071,232.558594,3.443201,-0.087891,0
212.1224,232.558594,3.443201,0.000000,0
212.1376,232.470703,3.441650,-0.087891,0
212.1528,232.382812,3.440100,-0.087891,0
212.1681,232.294922,3.438550,-0.087891,0
212.1834,232.207031,3.437000,-0.087891,0
212.1986,232.119141,3.435449,-0.087891,0
212.2138,232.119141,3.435449,0.000000,0
212.2293,232.031250,3.433899,-0.087891,0
212.2446,231.943359,3.432349,-0.087891,0
212.2600,231.855469,3.430798,-0.087891,0
212.2759,231.767578,3.429248,-0.087891,0
212.2912,231.679688,3.427698,-0.087891,0
212.3072,231.591797,3.426147,-0.087891,0
212.3224,231.503906,3.424597,-0.087891,0
212.3376,231.416016,3.423047,-0.087891,0
212.3528,231.328125,3.421497,-0.087891,0
212.3682,231.240234,3.419946,-0.087891,0
212.3834,231.240234,3.419946,0.000000,0
212.3987,231.064453,3.416846,-0.175781,0
212.4140,230.976562,3.415295,-0.087891,0
212.4292,230.888672,3.413745,-0.087891,0
212.4444,230.888672,3.413745,0.000000,0
212.4597,230.800781,3.412195,-0.087891,0
212.4755,230.712891,3.410645,-0.087891,0
212.4907,230.625000,3.409094,-0.087891,0
212.5059,230.537109,3.407544,-0.087891,0
212.5214,230.449219,3.405994,-0.087891,0
212.5366,230.361328,3.404443,-0.087891,0
212.5520,230.361328,3.404443,0.000000,0
212.5673,230.273438,3.402893,-0.087891,0
212.5825,230.273438,3.402893,0.000000,0
212.5978,230.185547,3.401343,-0.087891,0
212.6130,230.097656,3.399792,-0.087891,0
212.6282,230.009766,3.398242,-0.087891,0
212.6434,229.921875,3.396692,-0.087891,0
212.6586,229.833984,3.395142,-0.087891,0
212.6738,229.833984,3.395142,0.000000,0
212.6891,229.746094,3.393591,-0.087891,0
212.7043,229.746094,3.393591,0.000000,0
212.7195,229.658203,3.392041,-0.087891,0
212.7348,229.570312,3.390491,-0.087891,0
212.7500,229.570312,3.390491,0.000000,0
212.7652,229.482422,3.388940,-0.087891,0
212.7804,229.394531,3.387390,-0.087891,0
212.7957,229.306641,3.385840,-0.087891,0
212.8109,229.306641,3.385840,0.000000,0
212.8263,229.130859,3.382739,-0.175781,0
212.8416,229.130859,3.382739,0.000000,0
212.8568,229.042969,3.381189,-0.087891,0
212.8720,228.955078,3.379639,-0.087891,0
212.8874,228.955078,3.379639,0.000000,0
212.9026,228.867188,3.378088,-0.087891,0
212.9178,228.779297,3.376538,-0.087891,0
212.9330,228.691406,3.374988,-0.087891,0
212.9482,228.603516,3.373438,-0.087891,0
212.9635,228.515625,3.371887,-0.087891,0
212.9788,228.515625,3.371887,0.000000,0
212.9947,228.339844,3.368787,-0.175781,0
213.0099,228.339844,3.368787,0.000000,0
213.0251,228.251953,3.367236,-0.087891,0
213.0404,228.164062,3.365686,-0.087891,0
213.0558,228.076172,3.364136,-0.087891,0
213.0710,228.076172,3.364136,0.000000,0
213.0862,227.988281,3.362585,-0.087891,0
213.1014,227.900391,3.361035,-0.087891,0
213.1166,227.812500,3.359485,-0.087891,0
213.1319,227.724609,3.357935,-0.087891,0
213.1473,227.636719,3.356384,-0.087891,0
213.1625,227.548828,3.354834,-0.087891,0
213.1779,227.460938,3.353284,-0.087891,0
213.1931,227.373047,3.351733,-0.087891,0
213.2085,227.285156,3.350183,-0.087891,0
213.2237,227.197266,3.348633,-0.087891,0
213.2389,227.197266,3.348633,0.000000,0
213.2541,227.109375,3.347083,-0.087891,0
213.2695,227.021484,3.345532,-0.087891,0
213.2848,226.933594,3.343982,-0.087891,0
213.3001,226.845703,3.342432,-0.087891,0
213.3154,226.757812,3.340881,-0.087891,0
213.3306,226.669922,3.339331,-0.087891,0
213.3458,226.669922,3.339331,0.000000,0
213.3611,226.582031,3.337781,-0.087891,0
213.3763,226.494141,3.336230,-0.087891,0
213.3915,226.406250,3.334680,-0.087891,0
213.4067,226.406250,3.334680,0.000000,0
213.4222,226.318359,3.333130,-0.087891,0
213.4374,226.230469,3.331580,-0.087891,0
213.4526,226.230469,3.331580,0.000000,0
213.4679,226.142578,3.330029,-0.087891,0
213.4831,226.054688,3.328479,-0.087891,0
213.4983,225.966797,3.326929,-0.087891,0
213.5135,225.966797,3.326929,0.000000,0
213.5288,225.878906,3.325378,-0.087891,0
213.5440,225.791016,3.323828,-0.087891,0
213.5593,225.703125,3.322278,-0.087891,0
213.5745,225.615234,3.320728,-0.087891,0
213.5897,225.527344,3.319177,-0.087891,0
213.6049,225.439453,3.317627,-0.087891,0
213.6201,225.439453,3.317627,0.000000,0
213.6354,225.351562,3.316077,-0.087891,0
213.6506,225.351562,3.316077,0.000000,0
213.6659,225.175781,3.312976,-0.175781,0
213.6811,225.175781,3.312976,0.000000,0
213.6964,225.000000,3.309875,-0.175781,0
213.7117,225.000000,3.309875,0.000000,0
213.7270,224.824219,3.306775,-0.175781,0
213.7423,224.824219,3.306775,0.000000,0
213.7575,224.736328,3.305225,-0.087891,0
213.7727,224.736328,3.305225,0.000000,0
213.7879,224.648438,3.303674,-0.087891,0
213.8031,224.560547,3.302124,-0.087891,0
213.8185,224.472656,3.300574,-0.087891,0
213.8337,224.384766,3.299023,-0.087891,0
213.8490,224.384766,3.299023,0.000000,0
213.8642,224.296875,3.297473,-0.087891,0
213.8795,224.208984,3.295923,-0.087891,0
213.8947,224.121094,3.294373,-0.087891,0
213.9100,224.033203,3.292822,-0.087891,0
213.9252,223.945312,3.291272,-0.087891,0
213.9404,223.857422,3.289722,-0.087891,0
213.9556,223.857422,3.289722,0.000000,0
213.9708,223.681641,3.286621,-0.175781,0
213.9862,223.593750,3.285071,-0.087891,0
214.0014,223.505859,3.283521,-0.087891,0
214.0166,223.505859,3.283521,0.000000,0
214.0318,223.417969,3.281970,-0.087891,0
214.0471,223.330078,3.280420,-0.087891,0
214.0623,223.242188,3.278870,-0.087891,0
214.0775,223.154297,3.277319,-0.087891,0
214.0928,223.066406,3.275769,-0.087891,0
214.1080,222.978516,3.274219,-0.087891,0
214.1232,222.978516,3.274219,0.000000,0
214.1384,222.890625,3.272668,-0.087891,0
214.1537,222.802734,3.271118,-0.087891,0
214.1689,222.802734,3.271118,0.000000,0
214.1841,222.714844,3.269568,-0.087891,0
214.1994,222.626953,3.268018,-0.087891,0
214.2146,222.539062,3.266467,-0.087891,0
214.2298,222.451172,3.264917,-0.087891,0
214.2450,222.451172,3.264917,0.000000,0
214.2603,222.363281,3.263367,-0.087891,0
214.2755,222.275391,3.261816,-0.087891,0
214.2908,222.275391,3.261816,0.000000,0
214.3060,222.187500,3.260266,-0.087891,0
214.3212,222.187500,3.260266,0.000000,0
214.3364,222.099609,3.258716,-0.087891,0
214.3516,222.011719,3.257166,-0.087891,0
214.3669,221.923828,3.255615,-0.087891,0
214.3821,221.835938,3.254065,-0.087891,0
214.3974,221.748047,3.252515,-0.087891,0
214.4126,221.748047,3.252515,0.000000,0
214.4278,221.660156,3.250964,-0.087891,0
214.4430,221.572266,3.249414,-0.087891,0
214.4583,221.484375,3.247864,-0.087891,0
214.4735,221.396484,3.246313,-0.087891,0
214.4887,221.308594,3.244763,-0.087891,0
214.5039,221.220703,3.243213,-0.087891,0
214.5192,221.220703,3.243213,0.000000,0
214.5344,221.132812,3.241663,-0.087891,0
214.5496,221.044922,3.240112,-0.087891,0
214.5649,220.957031,3.238562,-0.087891,0
214.5801,220.957031,3.238562,0.000000,0
214.5954,220.869141,3.237012,-0.087891,0
214.6106,220.781250,3.235461,-0.087891,0
214.6259,220.781250,3.235461,0.000000,0
214.6411,220.693359,3.233911,-0.087891,0
214.6563,220.605469,3.232361,-0.087891,0
214.6716,220.517578,3.230811,-0.087891,0
214.6867,220.429688,3.229260,-0.087891,0
214.7020,220.429688,3.229260,0.000000,0
214.7172,220.341797,3.227710,-0.087891,0
214.7324,220.253906,3.226160,-0.087891,0
214.7477,220.166016,3.224609,-0.087891,0
214.7629,220.078125,3.223059,-0.087891,0
214.7781,219.990234,3.221509,-0.087891,0
214.7934,219.902344,3.219958,-0.087891,0
214.8087,219.814453,3.218408,-0.087891,0
214.8239,219.814453,3.218408,0.000000,0
214.8391,219.726562,3.216858,-0.087891,0
214.8543,219.638672,3.215308,-0.087891,0
214.8695,219.550781,3.213757,-0.087891,0
214.8847,219.550781,3.213757,0.000000,0
214.9000,219.375000,3.210657,-0.175781,0
214.9152,219.375000,3.210657,0.000000,0
214.9304,219.287109,3.209106,-0.087891,0
214.9456,219.199219,3.207556,-0.087891,0
214.9609,219.199219,3.207556,0.000000,0
214.9761,219.111328,3.206006,-0.087891,0
214.9921,219.023438,3.204456,-0.087891,0
215.0074,219.023438,3.204456,0.000000,0
215.0226,219.023438,3.204456,0.000000,0
215.0378,218.847656,3.201355,-0.175781,0
215.0530,218.847656,3.201355,0.000000,0
215.0682,218.759766,3.199805,-0.087891,0
215.0834,218.671875,3.198254,-0.087891,0
215.0989,218.671875,3.198254,0.000000,0
215.1142,218.583984,3.196704,-0.087891,0
215.1294,218.583984,3.196704,0.000000,0
215.1446,218.496094,3.195154,-0.087891,0
215.1598,218.408203,3.193604,-0.087891,0
215.1751,218.320312,3.192053,-0.087891,0
215.1903,218.320312,3.192053,0.000000,0
215.2055,218.232422,3.190503,-0.087891,0
215.2208,218.144531,3.188953,-0.087891,0
215.2360,217.968750,3.185852,-0.175781,0
215.2514,217.968750,3.185852,0.000000,0
215.2666,217.880859,3.184302,-0.087891,0
215.2818,217.792969,3.182751,-0.087891,0
215.2971,217.792969,3.182751,0.000000,0
215.3124,217.617188,3.179651,-0.175781,0
215.3277,217.617188,3.179651,0.000000,0
215.3429,217.529297,3.178101,-0.087891,0
215.3581,217.441406,3.176550,-0.087891,0
215.3733,217.353516,3.175000,-0.087891,0
215.3885,217.353516,3.175000,0.000000,0
215.4037,217.265625,3.173450,-0.087891,0
215.4189,217.177734,3.171899,-0.087891,0
215.4342,217.089844,3.170349,-0.087891,0
215.4494,217.001953,3.168799,-0.087891,0
215.4646,217.001953,3.168799,0.000000,0
215.4798,216.826172,3.165698,-0.175781,0
215.4951,216.826172,3.165698,0.000000,0
215.5103,216.650391,3.162598,-0.175781,0
215.5256,216.562500,3.161047,-0.087891,0
215.5408,216.562500,3.161047,0.000000,0
215.5561,216.474609,3.159497,-0.087891,0
215.5714,216.298828,3.156396,-0.175781,0
215.5868,216.298828,3.156396,0.000000,0
215.6021,216.210938,3.154846,-0.087891,0
215.6178,216.123047,3.153296,-0.087891,0
215.6330,216.035156,3.151746,-0.087891,0
215.6482,216.035156,3.151746,0.000000,0
215.6634,215.947266,3.150195,-0.087891,0
215.6787,215.859375,3.148645,-0.087891,0
215.6940,215.771484,3.147095,-0.087891,0
215.7092,215.683594,3.145544,-0.087891,0
215.7246,215.683594,3.145544,0.000000,0
215.7398,215.507812,3.142444,-0.175781,0
215.7551,215.507812,3.142444,0.000000,0
215.7704,215.419922,3.140894,-0.087891,0
215.7856,215.419922,3.140894,0.000000,0
215.8008,215.332031,3.139343,-0.087891,0
215.8161,215.244141,3.137793,-0.087891,0
215.8313,215.244141,3.137793,0.000000,0
215.8465,215.156250,3.136243,-0.087891,0
215.8617,215.068359,3.134692,-0.087891,0
215.8769,214.980469,3.133142,-0.087891,0
215.8922,214.892578,3.131592,-0.087891,0
215.9076,214.804688,3.130042,-0.087891,0
215.9228,214.804688,3.130042,0.000000,0
215.9380,214.716797,3.128491,-0.087891,0
215.9533,214.628906,3.126941,-0.087891,0
215.9685,214.541016,3.125391,-0.087891,0
215.9837,214.453125,3.123840,-0.087891,0
215.9990,214.453125,3.123840,0.000000,0
216.0143,214.277344,3.120740,-0.175781,0
216.0295,214.277344,3.120740,0.000000,0
216.0447,214.189453,3.119189,-0.087891,0
216.0607,214.101562,3.117639,-0.087891,0
216.0760,214.013672,3.116089,-0.087891,0
216.0913,213.925781,3.114539,-0.087891,0
216.1065,213.837891,3.112988,-0.087891,0
216.1217,213.837891,3.112988,0.000000,0
216.1369,213.750000,3.111438,-0.087891,0
216.1521,213.662109,3.109888,-0.087891,0
216.1674,213.662109,3.109888,0.000000,0
216.1826,213.574219,3.108337,-0.087891,0
216.1979,213.486328,3.106787,-0.087891,0
216.2139,213.310547,3.103687,-0.175781,0
216.2291,213.310547,3.103687,0.000000,0
216.2443,213.134766,3.100586,-0.175781,0
216.2598,213.134766,3.100586,0.000000,0
216.2750,212.958984,3.097485,-0.175781,0
216.2903,212.871094,3.095935,-0.087891,0
216.3056,212.783203,3.094385,-0.087891,0
216.3208,212.695312,3.092834,-0.087891,0
216.3366,212.607422,3.091284,-0.087891,0
216.3519,212.607422,3.091284,0.000000,0
216.3679,212.431641,3.088184,-0.175781,0
216.3831,212.343750,3.086633,-0.087891,0
216.3983,212.255859,3.085083,-0.087891,0
216.4137,212.255859,3.085083,0.000000,0
216.4290,212.167969,3.083533,-0.087891,0
216.4442,212.080078,3.081982,-0.087891,0
216.4594,212.080078,3.081982,0.000000,0
216.4746,211.904297,3.078882,-0.175781,0
216.4898,211.904297,3.078882,0.000000,0
216.5051,211.816406,3.077332,-0.087891,0
216.5205,211.728516,3.075781,-0.087891,0
216.5357,211.640625,3.074231,-0.087891,0
216.5509,211.640625,3.074231,0.000000,0
216.5661,211.552734,3.072681,-0.087891,0
216.5813,211.464844,3.071130,-0.087891,0
216.5966,211.464844,3.071130,0.000000,0
216.6118,211.376953,3.069580,-0.087891,0
216.6270,211.289062,3.068030,-0.087891,0
216.6422,211.201172,3.066479,-0.087891,0
216.6574,211.113281,3.064929,-0.087891,0
216.6727,211.025391,3.063379,-0.087891,0
216.6879,211.025391,3.063379,0.000000,0
216.7031,210.937500,3.061829,-0.087891,0
216.7183,210.849609,3.060278,-0.087891,0
216.7335,210.849609,3.060278,0.000000,0
216.7488,210.673828,3.057178,-0.175781,0
216.7640,210.585938,3.055627,-0.087891,0
216.7792,210.585938,3.055627,0.000000,0
216.7944,210.498047,3.054077,-0.087891,0
216.8097,210.410156,3.052527,-0.087891,0
216.8250,210.322266,3.050977,-0.087891,0
216.8401,210.234375,3.049426,-0.087891,0
216.8588,210.234375,3.049426,0.000000,0
216.8740,210.058594,3.046326,-0.175781,0
216.8892,210.058594,3.046326,0.000000,0
216.9044,209.970703,3.044775,-0.087891,0
216.9197,209.970703,3.044775,0.000000,0
216.9350,209.794922,3.041675,-0.175781,0
216.9503,209.794922,3.041675,0.000000,0
216.9655,209.619141,3.038574,-0.175781,0
216.9811,209.619141,3.038574,0.000000,0
216.9963,209.531250,3.037024,-0.087891,0
217.0117,209.443359,3.035474,-0.087891,0
217.0269,209.355469,3.033923,-0.087891,0
217.0421,209.179688,3.030823,-0.175781,0
217.0573,209.179688,3.030823,0.000000,0
217.0725,209.091797,3.029272,-0.087891,0
217.0877,209.003906,3.027722,-0.087891,0
217.1035,208.916016,3.026172,-0.087891,0
217.1188,208.828125,3.024622,-0.087891,0
217.1340,208.740234,3.023071,-0.087891,0
217.1497,208.652344,3.021521,-0.087891,0
217.1650,208.564453,3.019971,-0.087891,0
217.1802,208.564453,3.019971,0.000000,0
217.1956,208.476562,3.018420,-0.087891,0
217.2113,208.388672,3.016870,-0.087891,0
217.2277,208.300781,3.015320,-0.087891,0
217.2434,208.212891,3.013770,-0.087891,0
217.2586,208.125000,3.012219,-0.087891,0
217.2738,208.037109,3.010669,-0.087891,0
217.2890,208.037109,3.010669,0.000000,0
217.3043,207.949219,3.009119,-0.087891,0
217.3195,207.949219,3.009119,0.000000,0
217.3347,207.861328,3.007568,-0.087891,0
217.3499,207.773438,3.006018,-0.087891,0
217.3651,207.685547,3.004468,-0.087891,0
217.3803,207.685547,3.004468,0.000000,0
217.3956,207.597656,3.002917,-0.087891,0
217.4108,207.509766,3.001367,-0.087891,0
217.4260,207.421875,2.999817,-0.087891,0
217.4412,207.421875,2.999817,0.000000,0
217.4565,207.333984,2.998267,-0.087891,0
217.4717,207.246094,2.996716,-0.087891,0
217.4869,207.158203,2.995166,-0.087891,0
217.5022,207.070312,2.993616,-0.087891,0
217.5174,207.070312,2.993616,0.000000,0
217.5328,206.894531,2.990515,-0.175781,0
217.5481,206.894531,2.990515,0.000000,0
217.5633,206.806641,2.988965,-0.087891,0
217.5785,206.718750,2.987415,-0.087891,0
217.5937,206.630859,2.985864,-0.087891,0
217.6090,206.630859,2.985864,0.000000,0
217.6242,206.542969,2.984314,-0.087891,0
217.6394,206.455078,2.982764,-0.087891,0
217.6547,206.367188,2.981213,-0.087891,0
217.6700,206.279297,2.979663,-0.087891,0
217.6851,206.279297,2.979663,0.000000,0
217.7003,206.191406,2.978113,-0.087891,0
217.7157,206.103516,2.976563,-0.087891,0
217.7309,206.015625,2.975012,-0.087891,0
217.7462,205.927734,2.973462,-0.087891,0
217.7614,205.839844,2.971912,-0.087891,0
217.7766,205.839844,2.971912,0.000000,0
217.7918,205.751953,2.970361,-0.087891,0
217.8070,205.664062,2.968811,-0.087891,0
217.8227,205.576172,2.967261,-0.087891,0
217.8386,205.488281,2.965710,-0.087891,0
217.8538,205.488281,2.965710,0.000000,0
217.8691,205.312500,2.962610,-0.175781,0
217.8843,205.224609,2.961060,-0.087891,0
217.8995,205.048828,2.957959,-0.175781,0
217.9147,205.048828,2.957959,0.000000,0
217.9300,204.960938,2.956409,-0.087891,0
217.9453,204.873047,2.954858,-0.087891,0
217.9605,204.785156,2.953308,-0.087891,0
217.9757,204.785156,2.953308,0.000000,0
217.9910,204.697266,2.951758,-0.087891,0
218.0062,204.609375,2.950208,-0.087891,0
218.0214,204.521484,2.948657,-0.087891,0
218.0367,204.433594,2.947107,-0.087891,0
218.0521,204.433594,2.947107,0.000000,0
218.0673,204.345703,2.945557,-0.087891,0
218.0825,204.257812,2.944006,-0.087891,0
218.0977,204.257812,2.944006,0.000000,0
218.1130,204.169922,2.942456,-0.087891,0
218.1282,204.082031,2.940906,-0.087891,0
218.1434,204.082031,2.940906,0.000000,0
218.1597,203.906250,2.937805,-0.175781,0
218.1749,203.906250,2.937805,0.000000,0
218.1901,203.818359,2.936255,-0.087891,0
218.2053,203.818359,2.936255,0.000000,0
218.2205,203.730469,2.934705,-0.087891,0
218.2359,203.642578,2.933154,-0.087891,0
218.2513,203.554688,2.931604,-0.087891,0
218.2665,203.466797,2.930054,-0.087891,0
218.2817,203.466797,2.930054,0.000000,0
218.2975,203.378906,2.928503,-0.087891,0
218.3127,203.291016,2.926953,-0.087891,0
218.3280,203.203125,2.925403,-0.087891,0
218.3432,203.115234,2.923853,-0.087891,0
218.3584,203.027344,2.922302,-0.087891,0
218.3736,203.027344,2.922302,0.000000,0
218.3888,202.939453,2.920752,-0.087891,0
218.4041,202.851562,2.919202,-0.087891,0
218.4193,202.851562,2.919202,0.000000,0
218.4351,202.675781,2.916101,-0.175781,0
218.4504,202.587891,2.914551,-0.087891,0
218.4656,202.500000,2.913000,-0.087891,0
218.4808,202.500000,2.913000,0.000000,0
218.4960,202.412109,2.911450,-0.087891,0
218.5113,202.324219,2.909900,-0.087891,0
218.5266,202.324219,2.909900,0.000000,0
218.5421,202.236328,2.908350,-0.087891,0
218.5573,202.148438,2.906799,-0.087891,0
218.5726,202.060547,2.905249,-0.087891,0
218.5878,201.972656,2.903699,-0.087891,0
218.6031,201.884766,2.902148,-0.087891,0
218.6183,201.796875,2.900598,-0.087891,0
218.6335,201.708984,2.899048,-0.087891,0
218.6487,201.708984,2.899048,0.000000,0
218.6639,201.533203,2.895947,-0.175781,0
218.6791,201.445312,2.894397,-0.087891,0
218.6944,201.357422,2.892847,-0.087891,0
218.7096,201.269531,2.891296,-0.087891,0
218.7249,201.181641,2.889746,-0.087891,0
218.7402,201.181641,2.889746,0.000000,0
218.7555,201.093750,2.888196,-0.087891,0
218.7707,201.005859,2.886646,-0.087891,0
218.7859,201.005859,2.886646,0.000000,0
218.8011,200.917969,2.885095,-0.087891,0
218.8163,200.830078,2.883545,-0.087891,0
218.8316,200.742188,2.881995,-0.087891,0
218.8468,200.654297,2.880444,-0.087891,0
218.8621,200.566406,2.878894,-0.087891,0
218.8773,200.566406,2.878894,0.000000,0
218.8925,200.478516,2.877344,-0.087891,0
218.9078,200.390625,2.875793,-0.087891,0
218.9230,200.390625,2.875793,0.000000,0
218.9382,200.302734,2.874243,-0.087891,0
218.9535,200.302734,2.874243,0.000000,0
218.9687,200.214844,2.872693,-0.087891,0
218.9839,200.126953,2.871143,-0.087891,0
218.9992,200.039062,2.869592,-0.087891,0
219.0144,200.039062,2.869592,0.000000,0
219.0297,199.951172,2.868042,-0.087891,0
219.0449,199.863281,2.866492,-0.087891,0
219.0601,199.863281,2.866492,0.000000,0
219.0753,199.775391,2.864941,-0.087891,0
219.0909,199.687500,2.863391,-0.087891,0
219.1065,199.599609,2.861841,-0.087891,0
219.1217,199.599609,2.861841,0.000000,0
219.1369,199.423828,2.858740,-0.175781,0
219.1522,199.423828,2.858740,0.000000,0
219.1675,199.335938,2.857190,-0.087891,0
219.1828,199.248047,2.855640,-0.087891,0
219.1980,199.160156,2.854089,-0.087891,0
219.2132,199.160156,2.854089,0.000000,0
219.2284,199.072266,2.852539,-0.087891,0
219.2437,198.984375,2.850989,-0.087891,0
219.2589,198.896484,2.849438,-0.087891,0
219.2746,198.808594,2.847888,-0.087891,0
219.2898,198.808594,2.847888,0.000000,0
219.3050,198.720703,2.846338,-0.087891,0
219.3202,198.632812,2.844788,-0.087891,0
219.3355,198.544922,2.843237,-0.087891,0
219.3507,198.544922,2.843237,0.000000,0
219.3659,198.369141,2.840137,-0.175781,0
219.3812,198.369141,2.840137,0.000000,0
219.3964,198.193359,2.837036,-0.175781,0
219.4116,198.193359,2.837036,0.000000,0
219.4268,198.105469,2.835486,-0.087891,0
219.4420,198.017578,2.833936,-0.087891,0
219.4572,198.017578,2.833936,0.000000,0
219.4724,197.841797,2.830835,-0.175781,0
219.4876,197.753906,2.829285,-0.087891,0
219.5029,197.666016,2.827734,-0.087891,0
219.5181,197.578125,2.826184,-0.087891,0
219.5333,197.490234,2.824634,-0.087891,0
219.5487,197.490234,2.824634,0.000000,0
219.5639,197.314453,2.821533,-0.175781,0
219.5793,197.314453,2.821533,0.000000,0
219.5945,197.226562,2.819983,-0.087891,0
219.6097,197.138672,2.818433,-0.087891,0
219.6250,197.138672,2.818433,0.000000,0
219.6402,196.962891,2.815332,-0.175781,0
219.6557,196.962891,2.815332,0.000000,0
219.6710,196.875000,2.813782,-0.087891,0
219.6862,196.875000,2.813782,0.000000,0
219.7014,196.787109,2.812231,-0.087891,0
219.7166,196.699219,2.810681,-0.087891,0
219.7319,196.611328,2.809131,-0.087891,0
219.7471,196.611328,2.809131,0.000000,0
219.7624,196.523438,2.807581,-0.087891,0
219.7777,196.435547,2.806030,-0.087891,0
219.7930,196.435547,2.806030,0.000000,0
219.8082,196.347656,2.804480,-0.087891,0
219.8235,196.259766,2.802930,-0.087891,0
219.8387,196.171875,2.801379,-0.087891,0
219.8539,196.171875,2.801379,0.000000,0
219.8691,196.083984,2.799829,-0.087891,0
219.8843,195.996094,2.798279,-0.087891,0
219.8995,195.908203,2.796729,-0.087891,0
219.9148,195.908203,2.796729,0.000000,0
219.9300,195.732422,2.793628,-0.175781,0
219.9452,195.732422,2.793628,0.000000,0
219.9604,195.644531,2.792078,-0.087891,0
219.9757,195.644531,2.792078,0.000000,0
219.9909,195.556641,2.790527,-0.087891,0
220.0062,195.380859,2.787427,-0.175781,0
220.0214,195.380859,2.787427,0.000000,0
220.0368,195.292969,2.785876,-0.087891,0
220.0521,195.292969,2.785876,0.000000,0
220.0677,195.205078,2.784326,-0.087891,0
220.0829,195.117188,2.782776,-0.087891,0
220.0981,195.029297,2.781226,-0.087891,0
220.1134,194.941406,2.779675,-0.087891,0
220.1286,194.941406,2.779675,0.000000,0
220.1438,194.765625,2.776575,-0.175781,0
220.1592,194.765625,2.776575,0.000000,0
220.1744,194.677734,2.775024,-0.087891,0
220.1899,194.589844,2.773474,-0.087891,0
220.2051,194.414062,2.770374,-0.175781,0
220.2203,194.414062,2.770374,0.000000,0
220.2356,194.238281,2.767273,-0.175781,0
220.2511,194.238281,2.767273,0.000000,0
220.2664,194.062500,2.764172,-0.175781,0
220.2816,194.062500,2.764172,0.000000,0
220.2968,193.974609,2.762622,-0.087891,0
220.3124,193.886719,2.761072,-0.087891,0
220.3277,193.798828,2.759521,-0.087891,0
220.3429,193.798828,2.759521,0.000000,0
220.3583,193.710938,2.757971,-0.087891,0
220.3735,193.623047,2.756421,-0.087891,0
220.3887,193.623047,2.756421,0.000000,0
220.4040,193.447266,2.753320,-0.175781,0
220.4193,193.447266,2.753320,0.000000,0
220.4345,193.359375,2.751770,-0.087891,0
220.4497,193.359375,2.751770,0.000000,0
220.4650,193.183594,2.748669,-0.175781,0
220.4802,193.183594,2.748669,0.000000,0
220.4954,193.095703,2.747119,-0.087891,0
220.5107,193.095703,2.747119,0.000000,0
220.5259,193.007812,2.745569,-0.087891,0
220.5411,192.919922,2.744019,-0.087891,0
220.5567,192.919922,2.744019,0.000000,0
220.5720,192.744141,2.740918,-0.175781,0
220.5872,192.744141,2.740918,0.000000,0
220.6027,192.656250,2.739368,-0.087891,0
220.6179,192.568359,2.737817,-0.087891,0
220.6331,192.480469,2.736267,-0.087891,0
220.6484,192.480469,2.736267,0.000000,0
220.6637,192.392578,2.734717,-0.087891,0
220.6789,192.304688,2.733167,-0.087891,0
220.6941,192.216797,2.731616,-0.087891,0
220.7094,192.216797,2.731616,0.000000,0
220.7246,192.128906,2.730066,-0.087891,0
220.7398,192.041016,2.728516,-0.087891,0
220.7550,191.953125,2.726965,-0.087891,0
220.7702,191.865234,2.725415,-0.087891,0
220.7855,191.777344,2.723865,-0.087891,0
220.8007,191.777344,2.723865,0.000000,0
220.8159,191.689453,2.722314,-0.087891,0
220.8311,191.601562,2.720764,-0.087891,0
220.8463,191.513672,2.719214,-0.087891,0
220.8617,191.425781,2.717664,-0.087891,0
220.8769,191.337891,2.716113,-0.087891,0
220.8928,191.250000,2.714563,-0.087891,0
220.9080,191.250000,2.714563,0.000000,0
220.9233,191.162109,2.713013,-0.087891,0
220.9385,191.074219,2.711462,-0.087891,0
220.9538,190.986328,2.709912,-0.087891,0
220.9690,190.810547,2.706812,-0.175781,0
220.9842,190.722656,2.705261,-0.087891,0
220.9994,190.634766,2.703711,-0.087891,0
221.0152,190.634766,2.703711,0.000000,0
221.0304,190.546875,2.702161,-0.087891,0
221.0457,190.458984,2.700610,-0.087891,0
221.0609,190.458984,2.700610,0.000000,0
221.0762,190.283203,2.697510,-0.175781,0
221.0915,190.283203,2.697510,0.000000,0
221.1067,190.195312,2.695959,-0.087891,0
221.1219,190.107422,2.694409,-0.087891,0
221.1371,190.019531,2.692859,-0.087891,0
221.1524,190.019531,2.692859,0.000000,0
221.1680,189.931641,2.691309,-0.087891,0
221.1832,189.843750,2.689758,-0.087891,0
221.1993,189.755859,2.688208,-0.087891,0
221.2145,189.755859,2.688208,0.000000,0
221.2297,189.667969,2.686658,-0.087891,0
221.2449,189.580078,2.685107,-0.087891,0
221.2602,189.580078,2.685107,0.000000,0
221.2754,189.492188,2.683557,-0.087891,0
221.2906,189.492188,2.683557,0.000000,0
221.3058,189.404297,2.682007,-0.087891,0
221.3211,189.316406,2.680457,-0.087891,0
221.3363,189.228516,2.678906,-0.087891,0
221.3515,189.140625,2.677356,-0.087891,0
221.3673,189.140625,2.677356,0.000000,0
221.3825,189.052734,2.675806,-0.087891,0
221.3978,188.876953,2.672705,-0.175781,0
221.4130,188.876953,2.672705,0.000000,0
221.4283,188.789062,2.671155,-0.087891,0
221.4435,188.701172,2.669604,-0.087891,0
221.4587,188.701172,2.669604,0.000000,0
221.4741,188.613281,2.668054,-0.087891,0
221.4894,188.525391,2.666504,-0.087891,0
221.5046,188.437500,2.664954,-0.087891,0
221.5198,188.437500,2.664954,0.000000,0
221.5352,188.349609,2.663403,-0.087891,0
221.5504,188.261719,2.661853,-0.087891,0
221.5656,188.173828,2.660303,-0.087891,0
221.5809,188.173828,2.660303,0.000000,0
221.5961,188.085938,2.658752,-0.087891,0
221.6114,187.998047,2.657202,-0.087891,0
221.6266,187.910156,2.655652,-0.087891,0
221.6419,187.734375,2.652551,-0.175781,0
221.6571,187.734375,2.652551,0.000000,0
221.6730,187.558594,2.649451,-0.175781,0
221.6883,187.558594,2.649451,0.000000,0
221.7035,187.470703,2.647900,-0.087891,0
221.7187,187.382812,2.646350,-0.087891,0
221.7339,187.294922,2.644800,-0.087891,0
221.7491,187.207031,2.643250,-0.087891,0
221.7645,187.119141,2.641699,-0.087891,0
221.7797,187.031250,2.640149,-0.087891,0
221.7949,186.943359,2.638599,-0.087891,0
221.8109,186.855469,2.637048,-0.087891,0
221.8261,186.855469,2.637048,0.000000,0
221.8413,186.767578,2.635498,-0.087891,0
221.8566,186.679688,2.633948,-0.087891,0
221.8724,186.591797,2.632397,-0.087891,0
221.8877,186.591797,2.632397,0.000000,0
221.9029,186.503906,2.630847,-0.087891,0
221.9182,186.416016,2.629297,-0.087891,0
221.9334,186.328125,2.627747,-0.087891,0
221.9486,186.328125,2.627747,0.000000,0
221.9638,186.240234,2.626196,-0.087891,0
221.9796,186.240234,2.626196,0.000000,0
221.9949,186.064453,2.623096,-0.175781,0
222.0103,186.064453,2.623096,0.000000,0
222.0255,185.976562,2.621545,-0.087891,0
222.0407,185.888672,2.619995,-0.087891,0
222.0560,185.888672,2.619995,0.000000,0
222.0712,185.800781,2.618445,-0.087891,0
222.0864,185.712891,2.616895,-0.087891,0
222.1016,185.625000,2.615344,-0.087891,0
222.1169,185.625000,2.615344,0.000000,0
222.1321,185.537109,2.613794,-0.087891,0
222.1473,185.449219,2.612244,-0.087891,0
222.1627,185.361328,2.610693,-0.087891,0
222.1779,185.273438,2.609143,-0.087891,0
222.1932,185.273438,2.609143,0.000000,0
222.2084,185.185547,2.607593,-0.087891,0
222.2236,185.097656,2.606042,-0.087891,0
222.2388,185.009766,2.604492,-0.087891,0
222.2540,184.921875,2.602942,-0.087891,0
222.2693,184.921875,2.602942,0.000000,0
222.2845,184.833984,2.601392,-0.087891,0
222.2998,184.746094,2.599841,-0.087891,0
222.3150,184.746094,2.599841,0.000000,0
222.3302,184.570312,2.596741,-0.175781,0
222.3454,184.570312,2.596741,0.000000,0
222.3607,184.482422,2.595190,-0.087891,0
222.3759,184.394531,2.593640,-0.087891,0
222.3911,184.306641,2.592090,-0.087891,0
222.4063,184.218750,2.590540,-0.087891,0
222.4215,184.130859,2.588989,-0.087891,0
222.4368,184.042969,2.587439,-0.087891,0
222.4520,183.955078,2.585889,-0.087891,0
222.4674,183.867188,2.584338,-0.087891,0
222.4826,183.779297,2.582788,-0.087891,0
222.4984,183.691406,2.581238,-0.087891,0
222.5136,183.603516,2.579688,-0.087891,0
222.5288,183.515625,2.578137,-0.087891,0
222.5440,183.427734,2.576587,-0.087891,0
222.5594,183.427734,2.576587,0.000000,0
222.5746,183.339844,2.575037,-0.087891,0
222.5901,183.251953,2.573486,-0.087891,0
222.6053,183.164062,2.571936,-0.087891,0
222.6206,183.164062,2.571936,0.000000,0
222.6358,183.076172,2.570386,-0.087891,0
222.6511,182.988281,2.568835,-0.087891,0
222.6663,182.900391,2.567285,-0.087891,0
222.6816,182.900391,2.567285,0.000000,0
222.6969,182.812500,2.565735,-0.087891,0
222.7121,182.724609,2.564185,-0.087891,0
222.7274,182.724609,2.564185,0.000000,0
222.7433,182.636719,2.562634,-0.087891,0
222.7620,182.548828,2.561084,-0.087891,0
222.7772,182.460938,2.559534,-0.087891,0
222.7924,182.373047,2.557983,-0.087891,0
222.8077,182.373047,2.557983,0.000000,0
222.8229,182.285156,2.556433,-0.087891,0
222.8385,182.197266,2.554883,-0.087891,0
222.8538,182.109375,2.553333,-0.087891,0
222.8690,182.021484,2.551782,-0.087891,0
222.8842,182.021484,2.551782,0.000000,0
222.8997,181.933594,2.550232,-0.087891,0
222.9152,181.845703,2.548682,-0.087891,0
222.9304,181.757812,2.547131,-0.087891,0
222.9456,181.757812,2.547131,0.000000,0
222.9609,181.582031,2.544031,-0.175781,0
222.9761,181.582031,2.544031,0.000000,0
222.9914,181.494141,2.542480,-0.087891,0
223.0067,181.406250,2.540930,-0.087891,0
223.0219,181.406250,2.540930,0.000000,0
223.0371,181.318359,2.539380,-0.087891,0
223.0523,181.230469,2.537830,-0.087891,0
223.0675,181.142578,2.536279,-0.087891,0
223.0828,181.054688,2.534729,-0.087891,0
223.0980,180.966797,2.533179,-0.087891,0
223.1132,180.878906,2.531628,-0.087891,0
223.1285,180.791016,2.530078,-0.087891,0
223.1437,180.791016,2.530078,0.000000,0
223.1589,180.615234,2.526978,-0.175781,0
223.1741,180.615234,2.526978,0.000000,0
223.1893,180.439453,2.523877,-0.175781,0
223.2046,180.351562,2.522327,-0.087891,0
223.2198,180.351562,2.522327,0.000000,0
223.2350,180.263672,2.520776,-0.087891,0
223.2502,180.175781,2.519226,-0.087891,0
223.2655,180.087891,2.517676,-0.087891,0
223.2808,180.087891,2.517676,0.000000,0
223.2962,179.912109,2.514575,-0.175781,0
223.3114,179.912109,2.514575,0.000000,0
223.3267,179.824219,2.513025,-0.087891,0
223.3419,179.736328,2.511475,-0.087891,0
223.3573,179.648438,2.509924,-0.087891,0
223.3726,179.648438,2.509924,0.000000,0
223.3879,179.560547,2.508374,-0.087891,0
223.4033,179.472656,2.506824,-0.087891,0
223.4185,179.472656,2.506824,0.000000,0
223.4337,179.384766,2.505273,-0.087891,0
223.4489,179.296875,2.503723,-0.087891,0
223.4642,179.208984,2.502173,-0.087891,0
223.4794,179.208984,2.502173,0.000000,0
223.4946,179.033203,2.499072,-0.175781,0
223.5098,179.033203,2.499072,0.000000,0
223.5251,178.945312,2.497522,-0.087891,0
223.5403,178.857422,2.495972,-0.087891,0
223.5555,178.857422,2.495972,0.000000,0
223.5708,178.769531,2.494421,-0.087891,0
223.5860,178.681641,2.492871,-0.087891,0
223.6014,178.593750,2.491321,-0.087891,0
223.6167,178.593750,2.491321,0.000000,0
223.6320,178.505859,2.489771,-0.087891,0
223.6475,178.417969,2.488220,-0.087891,0
223.6627,178.330078,2.486670,-0.087891,0
223.6779,178.242188,2.485120,-0.087891,0
223.6934,178.154297,2.483569,-0.087891,0
223.7090,178.154297,2.483569,0.000000,0
223.7242,178.066406,2.482019,-0.087891,0
223.7394,177.978516,2.480469,-0.087891,0
223.7546,177.978516,2.480469,0.000000,0
223.7699,177.802734,2.477368,-0.175781,0
223.7851,177.802734,2.477368,0.000000,0
223.8003,177.626953,2.474268,-0.175781,0
223.8155,177.626953,2.474268,0.000000,0
223.8309,177.539062,2.472717,-0.087891,0
223.8461,177.451172,2.471167,-0.087891,0
223.8613,177.363281,2.469617,-0.087891,0
223.8765,177.275391,2.468066,-0.087891,0
223.8918,177.187500,2.466516,-0.087891,0
223.9071,177.011719,2.463416,-0.175781,0
223.9223,177.011719,2.463416,0.000000,0
223.9375,176.923828,2.461865,-0.087891,0
223.9527,176.835938,2.460315,-0.087891,0
223.9679,176.748047,2.458765,-0.087891,0
223.9832,176.748047,2.458765,0.000000,0
223.9984,176.660156,2.457214,-0.087891,0
224.0140,176.572266,2.455664,-0.087891,0
224.0293,176.484375,2.454114,-0.087891,0
224.0445,176.484375,2.454114,0.000000,0
224.0597,176.396484,2.452563,-0.087891,0
224.0749,176.308594,2.451013,-0.087891,0
224.0901,176.308594,2.451013,0.000000,0
224.1054,176.220703,2.449463,-0.087891,0
224.1209,176.132812,2.447913,-0.087891,0
224.1361,176.044922,2.446362,-0.087891,0
224.1514,176.044922,2.446362,0.000000,0
224.1666,175.957031,2.444812,-0.087891,0
224.1818,175.869141,2.443262,-0.087891,0
224.1971,175.781250,2.441711,-0.087891,0
224.2125,175.781250,2.441711,0.000000,0
224.2278,175.693359,2.440161,-0.087891,0
224.2430,175.605469,2.438611,-0.087891,0
224.2583,175.517578,2.437061,-0.087891,0
224.2739,175.429688,2.435510,-0.087891,0
224.2891,175.429688,2.435510,0.000000,0
224.3067,175.341797,2.433960,-0.087891,0
224.3243,175.166016,2.430859,-0.175781,0
224.3395,175.166016,2.430859,0.000000,0
224.3562,175.078125,2.429309,-0.087891,0
224.3715,174.990234,2.427759,-0.087891,0
224.3868,174.902344,2.426208,-0.087891,0
224.4020,174.902344,2.426208,0.000000,0
224.4174,174.814453,2.424658,-0.087891,0
224.4326,174.726562,2.423108,-0.087891,0
224.4478,174.638672,2.421558,-0.087891,0
224.4630,174.638672,2.421558,0.000000,0
224.4787,174.462891,2.418457,-0.175781,0
224.4939,174.462891,2.418457,0.000000,0
224.5091,174.462891,2.418457,0.000000,0
224.5244,174.287109,2.415356,-0.175781,0
224.5396,174.199219,2.413806,-0.087891,0
224.5548,174.111328,2.412256,-0.087891,0
224.5700,174.023438,2.410706,-0.087891,0
224.5853,173.935547,2.409155,-0.087891,0
224.6018,173.935547,2.409155,0.000000,0
224.6171,173.759766,2.406055,-0.175781,0
224.6323,173.671875,2.404504,-0.087891,0
224.6476,173.583984,2.402954,-0.087891,0
224.6628,173.496094,2.401404,-0.087891,0
224.6780,173.408203,2.399854,-0.087891,0
224.6932,173.408203,2.399854,0.000000,0
224.7085,173.320312,2.398303,-0.087891,0
224.7237,173.232422,2.396753,-0.087891,0
224.7390,173.144531,2.395203,-0.087891,0
224.7542,173.144531,2.395203,0.000000,0
224.7694,173.056641,2.393652,-0.087891,0
224.7850,172.968750,2.392102,-0.087891,0
224.8002,172.880859,2.390552,-0.087891,0
224.8154,172.792969,2.389001,-0.087891,0
224.8306,172.792969,2.389001,0.000000,0
224.8459,172.705078,2.387451,-0.087891,0
224.8611,172.705078,2.387451,0.000000,0
224.8763,172.617188,2.385901,-0.087891,0
224.8916,172.529297,2.384351,-0.087891,0
224.9068,172.529297,2.384351,0.000000,0
224.9220,172.441406,2.382800,-0.087891,0
224.9372,172.353516,2.381250,-0.087891,0
224.9525,172.265625,2.379700,-0.087891,0
224.9677,172.177734,2.378149,-0.087891,0
224.9830,172.089844,2.376599,-0.087891,0
224.9982,172.089844,2.376599,0.000000,0
225.0141,171.914062,2.373499,-0.175781,0
225.0295,171.914062,2.373499,0.000000,0
225.0448,171.826172,2.371948,-0.087891,0
225.0601,171.738281,2.370398,-0.087891,0
225.0753,171.650391,2.368848,-0.087891,0
225.0906,171.562500,2.367297,-0.087891,0
225.1058,171.562500,2.367297,0.000000,0
225.1216,171.474609,2.365747,-0.087891,0
225.1370,171.474609,2.365747,0.000000,0
225.1522,171.386719,2.364197,-0.087891,0
225.1674,171.298828,2.362646,-0.087891,0
225.1827,171.210938,2.361096,-0.087891,0
225.1981,171.123047,2.359546,-0.087891,0
225.2140,171.035156,2.357996,-0.087891,0
225.2296,170.947266,2.356445,-0.087891,0
225.2449,170.859375,2.354895,-0.087891,0
225.2601,170.771484,2.353345,-0.087891,0
225.2754,170.683594,2.351794,-0.087891,0
225.2906,170.683594,2.351794,0.000000,0
225.3058,170.595703,2.350244,-0.087891,0
225.3210,170.419922,2.347144,-0.175781,0
225.3363,170.419922,2.347144,0.000000,0
225.3518,170.244141,2.344043,-0.175781,0
225.3673,170.244141,2.344043,0.000000,0
225.3825,170.156250,2.342493,-0.087891,0
225.3977,170.068359,2.340942,-0.087891,0
225.4130,169.980469,2.339392,-0.087891,0
225.4283,169.980469,2.339392,0.000000,0
225.4435,169.892578,2.337842,-0.087891,0
225.4587,169.892578,2.337842,0.000000,0
225.4739,169.804688,2.334741,-0.087891,0
225.4891,169.716797,2.334741,-0.087891,0
225.5043,169.628906,2.333191,-0.087891,0
225.5195,169.541016,2.331641,-0.087891,0
225.5351,169.541016,2.331641,0.000000,0
225.5504,169.453125,2.330090,-0.087891,0
225.5658,169.365234,2.328540,-0.087891,0
225.5810,169.277344,2.326990,-0.087891,0
225.5962,169.189453,2.325439,-0.087891,0
225.6115,169.101562,2.323889,-0.087891,0
225.6268,169.101562,2.323889,0.000000,0
225.6420,169.013672,2.322339,-0.087891,0
225.6575,168.925781,2.320789,-0.087891,0
225.6727,168.837891,2.319238,-0.087891,0
225.6882,168.750000,2.317688,-0.087891,0
225.7035,168.750000,2.317688,0.000000,0
225.7187,168.662109,2.316138,-0.087891,0
225.7339,168.574219,2.314587,-0.087891,0
225.7491,168.486328,2.313037,-0.087891,0
225.7652,168.398438,2.311487,-0.087891,0
225.7804,168.310547,2.309937,-0.087891,0
225.7956,168.222656,2.308386,-0.087891,0
225.8108,168.222656,2.308386,0.000000,0
225.8261,168.134766,2.306836,-0.087891,0
225.8413,168.046875,2.305286,-0.087891,0
225.8565,168.046875,2.305286,0.000000,0
225.8720,167.958984,2.303735,-0.087891,0
225.8873,167.871094,2.302185,-0.087891,0
225.9025,167.783203,2.300635,-0.087891,0
225.9177,167.695312,2.299084,-0.087891,0
225.9330,167.695312,2.299084,0.000000,0
225.9483,167.519531,2.295984,-0.175781,0
225.9635,167.431641,2.294434,-0.087891,0
225.9790,167.343750,2.292883,-0.087891,0
225.9942,167.255859,2.291333,-0.087891,0
226.0095,167.167969,2.289783,-0.087891,0
226.0247,167.167969,2.289783,0.000000,0
226.0401,167.080078,2.288232,-0.087891,0
226.0553,166.992188,2.286682,-0.087891,0
226.0705,166.904297,2.285132,-0.087891,0
226.0863,166.816406,2.283582,-0.087891,0
226.1015,166.816406,2.283582,0.000000,0
226.1168,166.728516,2.282031,-0.087891,0
226.1320,166.640625,2.280481,-0.087891,0
226.1473,166.552734,2.278931,-0.087891,0
226.1625,166.552734,2.278931,0.000000,0
226.1777,166.376953,2.275830,-0.175781,0
226.1931,166.376953,2.275830,0.000000,0
226.2088,166.289062,2.274280,-0.087891,0
226.2245,166.289062,2.274280,0.000000,0
226.2398,166.201172,2.272729,-0.087891,0
226.2550,166.113281,2.271179,-0.087891,0
226.2702,166.113281,2.271179,0.000000,0
226.2855,165.937500,2.268079,-0.175781,0
226.3007,165.937500,2.268079,0.000000,0
226.3160,165.849609,2.266528,-0.087891,0
226.3312,165.849609,2.266528,0.000000,0
226.3465,165.673828,2.263428,-0.175781,0
226.3617,165.673828,2.263428,0.000000,0
226.3769,165.585938,2.261877,-0.087891,0
226.3922,165.498047,2.260327,-0.087891,0
226.4074,165.410156,2.258777,-0.087891,0
226.4226,165.322266,2.257227,-0.087891,0
226.4379,165.322266,2.257227,0.000000,0
226.4531,165.234375,2.255676,-0.087891,0
226.4683,165.146484,2.254126,-0.087891,0
226.4835,165.058594,2.252576,-0.087891,0
226.4988,165.058594,2.252576,0.000000,0
226.5140,164.882812,2.249475,-0.175781,0
226.5293,164.794922,2.247925,-0.087891,0
226.5445,164.707031,2.246375,-0.087891,0
226.5597,164.707031,2.246375,0.000000,0
226.5749,164.531250,2.243274,-0.175781,0
226.5902,164.531250,2.243274,0.000000,0
226.6054,164.443359,2.241724,-0.087891,0
226.6206,164.355469,2.240173,-0.087891,0
226.6363,164.267578,2.238623,-0.087891,0
226.6516,164.179688,2.237073,-0.087891,0
226.6668,164.091797,2.235522,-0.087891,0
226.6820,164.003906,2.233972,-0.087891,0
226.6973,163.916016,2.232422,-0.087891,0
226.7125,163.828125,2.230872,-0.087891,0
226.7278,163.828125,2.230872,0.000000,0
226.7431,163.740234,2.229321,-0.087891,0
226.7584,163.652344,2.227771,-0.087891,0
226.7736,163.564453,2.226221,-0.087891,0
226.7891,163.476562,2.224670,-0.087891,0
226.8043,163.476562,2.224670,0.000000,0
226.8196,163.300781,2.221570,-0.175781,0
226.8349,163.300781,2.221570,0.000000,0
226.8501,163.300781,2.221570,0.000000,0
226.8653,163.212891,2.220020,-0.087891,0
226.8806,163.037109,2.216919,-0.175781,0
226.8958,163.037109,2.216919,0.000000,0
226.9111,162.949219,2.215369,-0.087891,0
226.9263,162.949219,2.215369,0.000000,0
226.9415,162.773438,2.212268,-0.175781,0
226.9567,162.773438,2.212268,0.000000,0
226.9720,162.685547,2.210718,-0.087891,0
226.9873,162.685547,2.210718,0.000000,0
227.0026,162.597656,2.209167,-0.087891,0
227.0178,162.509766,2.207617,-0.087891,0
227.0330,162.421875,2.206067,-0.087891,0
227.0491,162.333984,2.204517,-0.087891,0
227.0644,162.333984,2.204517,0.000000,0
227.0796,162.158203,2.201416,-0.175781,0
227.0948,162.158203,2.201416,0.000000,0
227.1100,162.070312,2.199866,-0.087891,0
227.1253,161.982422,2.198315,-0.087891,0
227.1405,161.894531,2.196765,-0.087891,0
227.1558,161.894531,2.196765,0.000000,0
227.1711,161.806641,2.195215,-0.087891,0
227.1864,161.718750,2.193665,-0.087891,0
227.2016,161.718750,2.193665,0.000000,0
227.2168,161.630859,2.192114,-0.087891,0
227.2320,161.542969,2.190564,-0.087891,0
227.2479,161.455078,2.189014,-0.087891,0
227.2631,161.367188,2.187463,-0.087891,0
227.2784,161.279297,2.185913,-0.087891,0
227.2936,161.191406,2.184363,-0.087891,0
227.3088,161.103516,2.182813,-0.087891,0
227.3242,161.015625,2.181262,-0.087891,0
227.3394,160.927734,2.179712,-0.087891,0
227.3549,160.839844,2.178162,-0.087891,0
227.3701,160.839844,2.178162,0.000000,0
227.3856,160.751953,2.176611,-0.087891,0
227.4008,160.664062,2.175061,-0.087891,0
227.4161,160.576172,2.173511,-0.087891,0
227.4316,160.488281,2.171960,-0.087891,0
227.4468,160.400391,2.170410,-0.087891,0
227.4620,160.312500,2.168860,-0.087891,0
227.4773,160.312500,2.168860,0.000000,0
227.4925,160.224609,2.167310,-0.087891,0
227.5077,160.136719,2.165759,-0.087891,0
227.5237,160.048828,2.164209,-0.087891,0
227.5389,159.960938,2.162659,-0.087891,0
227.5542,159.960938,2.162659,0.000000,0
227.5695,159.873047,2.161108,-0.087891,0
227.5847,159.785156,2.159558,-0.087891,0
227.5999,159.697266,2.158008,-0.087891,0
227.6151,159.697266,2.158008,0.000000,0
227.6303,159.609375,2.156458,-0.087891,0
227.6455,159.521484,2.154907,-0.087891,0
227.6608,159.433594,2.153357,-0.087891,0
227.6760,159.345703,2.151807,-0.087891,0
227.6913,159.345703,2.151807,0.000000,0
227.7065,159.257812,2.150256,-0.087891,0
227.7217,159.257812,2.150256,0.000000,0
227.7369,159.169922,2.148706,-0.087891,0
227.7525,159.082031,2.147156,-0.087891,0
227.7677,158.994141,2.145605,-0.087891,0
227.7829,158.906250,2.144055,-0.087891,0
227.7982,158.818359,2.142505,-0.087891,0
227.8134,158.730469,2.140955,-0.087891,0
227.8286,158.642578,2.139404,-0.087891,0
227.8438,158.554688,2.137854,-0.087891,0
227.8590,158.466797,2.136304,-0.087891,0
227.8742,158.466797,2.136304,0.000000,0
227.8895,158.378906,2.134753,-0.087891,0
227.9048,158.378906,2.134753,0.000000,0
227.9201,158.291016,2.133203,-0.087891,0
227.9353,158.203125,2.131653,-0.087891,0
227.9506,158.115234,2.130103,-0.087891,0
227.9658,158.027344,2.128552,-0.087891,0
227.9810,157.939453,2.127002,-0.087891,0
227.9962,157.851562,2.125452,-0.087891,0
228.0115,157.851562,2.125452,0.000000,0
228.0267,157.763672,2.123901,-0.087891,0
228.0419,157.587891,2.120801,-0.175781,0
228.0571,157.587891,2.120801,0.000000,0
228.0723,157.500000,2.119250,-0.087891,0
228.0875,157.412109,2.117700,-0.087891,0
228.1028,157.324219,2.116150,-0.087891,0
228.1180,157.236328,2.114600,-0.087891,0
228.1332,157.148438,2.113049,-0.087891,0
228.1484,157.060547,2.111499,-0.087891,0
228.1637,157.060547,2.111499,0.000000,0
228.1789,156.884766,2.108398,-0.175781,0
228.1941,156.884766,2.108398,0.000000,0
228.2093,156.796875,2.106848,-0.087891,0
228.2245,156.796875,2.106848,0.000000,0
228.2398,156.708984,2.105298,-0.087891,0
228.2550,156.621094,2.103748,-0.087891,0
228.2705,156.533203,2.102197,-0.087891,0
228.2857,156.445312,2.100647,-0.087891,0
228.3010,156.445312,2.100647,0.000000,0
228.3162,156.357422,2.099097,-0.087891,0
228.3315,156.269531,2.097546,-0.087891,0
228.3468,156.181641,2.095996,-0.087891,0
228.3622,156.093750,2.094446,-0.087891,0
228.3774,156.005859,2.092896,-0.087891,0
228.3926,156.005859,2.092896,0.000000,0
228.4079,156.005859,2.092896,0.000000,0
228.4231,155.917969,2.091345,-0.087891,0
228.4384,155.830078,2.089795,-0.087891,0
228.4536,155.742188,2.088245,-0.087891,0
228.4688,155.654297,2.086694,-0.087891,0
228.4840,155.566406,2.085144,-0.087891,0
228.4993,155.478516,2.083594,-0.087891,0
228.5145,155.390625,2.082043,-0.087891,0
228.5297,155.390625,2.082043,0.000000,0
228.5449,155.214844,2.078943,-0.175781,0
228.5601,155.214844,2.078943,0.000000,0
228.5754,155.214844,2.078943,0.000000,0
228.5906,155.126953,2.077393,-0.087891,0
228.6058,155.126953,2.077393,0.000000,0
228.6210,154.951172,2.074292,-0.175781,0
228.6362,154.951172,2.074292,0.000000,0
228.6514,154.775391,2.071191,-0.175781,0
228.6668,154.775391,2.071191,0.000000,0
228.6820,154.599609,2.068091,-0.175781,0
228.6973,154.599609,2.068091,0.000000,0
228.7125,154.423828,2.064990,-0.175781,0
228.7277,154.423828,2.064990,0.000000,0
228.7429,154.335938,2.063440,-0.087891,0
228.7587,154.160156,2.060339,-0.175781,0
228.7740,154.160156,2.060339,0.000000,0
228.7892,154.072266,2.058789,-0.087891,0
228.8044,153.984375,2.057239,-0.087891,0
228.8197,153.896484,2.055688,-0.087891,0
228.8349,153.896484,2.055688,0.000000,0
228.8501,153.808594,2.054138,-0.087891,0
228.8654,153.720703,2.052588,-0.087891,0
228.8807,153.632812,2.051038,-0.087891,0
228.8959,153.544922,2.049487,-0.087891,0
228.9111,153.457031,2.047937,-0.087891,0
228.9264,153.457031,2.047937,0.000000,0
228.9417,153.369141,2.046387,-0.087891,0
228.9569,153.281250,2.044836,-0.087891,0
228.9721,153.193359,2.043286,-0.087891,0
228.9874,153.105469,2.041736,-0.087891,0
229.0026,153.105469,2.041736,0.000000,0
229.0178,153.017578,2.040186,-0.087891,0
229.0330,152.929688,2.038635,-0.087891,0
229.0483,152.841797,2.037085,-0.087891,0
229.0635,152.753906,2.035535,-0.087891,0
229.0787,152.753906,2.035535,0.000000,0
229.0939,152.666016,2.033984,-0.087891,0
229.1091,152.666016,2.033984,0.000000,0
229.1257,152.490234,2.030884,-0.175781,0
229.1417,152.490234,2.030884,0.000000,0
229.1570,152.402344,2.029333,-0.087891,0
229.1725,152.314453,2.027783,-0.087891,0
229.1883,152.226562,2.026233,-0.087891,0
229.2035,152.226562,2.026233,0.000000,0
229.2187,152.050781,2.023132,-0.175781,0
229.2339,152.050781,2.023132,0.000000,0
229.2492,151.875000,2.020032,-0.175781,0
229.2644,151.875000,2.020032,0.000000,0
229.2796,151.787109,2.018481,-0.087891,0
229.2949,151.787109,2.018481,0.000000,0
229.3101,151.699219,2.016931,-0.087891,0
229.3253,151.611328,2.015381,-0.087891,0
229.3405,151.611328,2.015381,0.000000,0
229.3557,151.435547,2.012280,-0.175781,0
229.3709,151.435547,2.012280,0.000000,0
229.3862,151.259766,2.009180,-0.175781,0
229.4014,151.259766,2.009180,0.000000,0
229.4166,151.083984,2.006079,-0.175781,0
229.4319,151.083984,2.006079,0.000000,0
229.4471,150.908203,2.002979,-0.175781,0
229.4624,150.908203,2.002979,0.000000,0
229.4777,150.820312,2.001428,-0.087891,0
229.4930,150.732422,1.999878,-0.087891,0
229.5082,150.644531,1.998328,-0.087891,0
229.5235,150.556641,1.996777,-0.087891,0
229.5387,150.556641,1.996777,0.000000,0
229.5539,150.468750,1.995227,-0.087891,0
229.5691,150.380859,1.993677,-0.087891,0
229.5843,150.292969,1.992126,-0.087891,0
229.5996,150.205078,1.990576,-0.087891,0
229.6148,150.205078,1.990576,0.000000,0
229.6300,150.117188,1.989026,-0.087891,0
229.6453,150.029297,1.987476,-0.087891,0
229.6605,149.941406,1.985925,-0.087891,0
229.6759,149.941406,1.985925,0.000000,0
229.6911,149.765625,1.982825,-0.175781,0
229.7064,149.765625,1.982825,0.000000,0
229.7216,149.677734,1.981274,-0.087891,0
229.7369,149.677734,1.981274,0.000000,0
229.7528,149.589844,1.979724,-0.087891,0
229.7680,149.501953,1.978174,-0.087891,0
229.7837,149.414062,1.976624,-0.087891,0
229.7989,149.326172,1.975073,-0.087891,0
229.8142,149.238281,1.973523,-0.087891,0
229.8295,149.150391,1.971973,-0.087891,0
229.8447,149.062500,1.970422,-0.087891,0
229.8600,149.062500,1.970422,0.000000,0
229.8753,148.974609,1.968872,-0.087891,0
229.8905,148.886719,1.967322,-0.087891,0
229.9064,148.798828,1.965771,-0.087891,0
229.9218,148.710938,1.964221,-0.087891,0
229.9374,148.710938,1.964221,0.000000,0
229.9526,148.623047,1.962671,-0.087891,0
229.9678,148.535156,1.961121,-0.087891,0
229.9833,148.447266,1.959570,-0.087891,0
229.9986,148.447266,1.959570,0.000000,0
230.0138,148.359375,1.958020,-0.087891,0
230.0290,148.271484,1.956470,-0.087891,0
230.0443,148.183594,1.954919,-0.087891,0
230.0595,148.095703,1.953369,-0.087891,0
230.0747,148.007812,1.951819,-0.087891,0
230.0900,147.919922,1.950269,-0.087891,0
230.1052,147.919922,1.950269,0.000000,0
230.1204,147.744141,1.947168,-0.175781,0
230.1357,147.744141,1.947168,0.000000,0
230.1509,147.568359,1.944067,-0.175781,0
230.1661,147.568359,1.944067,0.000000,0
230.1813,147.392578,1.940967,-0.175781,0
230.1966,147.392578,1.940967,0.000000,0
230.2118,147.304688,1.939417,-0.087891,0
230.2270,147.216797,1.937866,-0.087891,0
230.2422,147.216797,1.937866,0.000000,0
230.2575,147.128906,1.936316,-0.087891,0
230.2727,147.041016,1.934766,-0.087891,0
230.2881,146.953125,1.933215,-0.087891,0
230.3033,146.865234,1.931665,-0.087891,0
230.3185,146.777344,1.930115,-0.087891,0
230.3338,146.777344,1.930115,0.000000,0
230.3490,146.689453,1.928564,-0.087891,0
230.3642,146.601562,1.927014,-0.087891,0
230.3794,146.513672,1.925464,-0.087891,0
230.3947,146.513672,1.925464,0.000000,0
230.4099,146.425781,1.923914,-0.087891,0
230.4258,146.337891,1.922363,-0.087891,0
230.4411,146.337891,1.922363,0.000000,0
230.4563,146.250000,1.920813,-0.087891,0
230.4716,146.162109,1.919263,-0.087891,0
230.4869,146.074219,1.917712,-0.087891,0
230.5021,145.986328,1.916162,-0.087891,0
230.5173,145.898438,1.914612,-0.087891,0
230.5325,145.898438,1.914612,0.000000,0
230.5478,145.722656,1.911511,-0.175781,0
230.5630,145.722656,1.911511,0.000000,0
230.5782,145.634766,1.909961,-0.087891,0
230.5935,145.546875,1.908411,-0.087891,0
230.6087,145.546875,1.908411,0.000000,0
230.6240,145.371094,1.905310,-0.175781,0
230.6392,145.371094,1.905310,0.000000,0
230.6545,145.283203,1.903760,-0.087891,0
230.6697,145.195312,1.902209,-0.087891,0
230.6849,145.107422,1.900659,-0.087891,0
230.7003,145.107422,1.900659,0.000000,0
230.7155,145.019531,1.899109,-0.087891,0
230.7307,144.931641,1.897559,-0.087891,0
230.7459,144.843750,1.896008,-0.087891,0
230.7611,144.755859,1.894458,-0.087891,0
230.7767,144.755859,1.894458,0.000000,0
230.7920,144.580078,1.891357,-0.175781,0
230.8073,144.580078,1.891357,0.000000,0
230.8225,144.404297,1.888257,-0.175781,0
230.8377,144.404297,1.888257,0.000000,0
230.8530,144.228516,1.885156,-0.175781,0
230.8682,144.228516,1.885156,0.000000,0
230.8834,144.140625,1.883606,-0.087891,0
230.8987,144.052734,1.882056,-0.087891,0
230.9139,143.964844,1.880505,-0.087891,0
230.9293,143.876953,1.878955,-0.087891,0
230.9445,143.789062,1.877405,-0.087891,0
230.9598,143.701172,1.875854,-0.087891,0
230.9750,143.701172,1.875854,0.000000,0
230.9902,143.613281,1.874304,-0.087891,0
231.0056,143.613281,1.874304,0.000000,0
231.0208,143.525391,1.872754,-0.087891,0
231.0360,143.437500,1.871204,-0.087891,0
231.0513,143.349609,1.869653,-0.087891,0
231.0665,143.261719,1.868103,-0.087891,0
231.0820,143.173828,1.866553,-0.087891,0
231.0974,143.173828,1.866553,0.000000,0
231.1127,142.998047,1.863452,-0.175781,0
231.1279,142.998047,1.863452,0.000000,0
231.1431,142.910156,1.861902,-0.087891,0
231.1584,142.822266,1.860352,-0.087891,0
231.1736,142.822266,1.860352,0.000000,0
231.1888,142.734375,1.858801,-0.087891,0
231.2041,142.646484,1.857251,-0.087891,0
231.2200,142.558594,1.855701,-0.087891,0
231.2352,142.558594,1.855701,0.000000,0
231.2505,142.382812,1.852600,-0.175781,0
231.2657,142.382812,1.852600,0.000000,0
231.2809,142.294922,1.851050,-0.087891,0
231.2962,142.207031,1.849500,-0.087891,0
231.3114,142.119141,1.847949,-0.087891,0
231.3266,142.031250,1.846399,-0.087891,0
231.3418,142.031250,1.846399,0.000000,0
231.3570,141.943359,1.844849,-0.087891,0
231.3722,141.943359,1.844849,0.000000,0
231.3875,141.855469,1.843298,-0.087891,0
231.4027,141.767578,1.841748,-0.087891,0
231.4179,141.679688,1.840198,-0.087891,0
231.4332,141.591797,1.838647,-0.087891,0
231.4484,141.503906,1.837097,-0.087891,0
231.4636,141.503906,1.837097,0.000000,0
231.4788,141.416016,1.835547,-0.087891,0
231.4945,141.328125,1.833997,-0.087891,0
231.5097,141.240234,1.832446,-0.087891,0
231.5249,141.064453,1.829346,-0.175781,0
231.5401,141.064453,1.829346,0.000000,0
231.5554,140.976562,1.827795,-0.087891,0
231.5706,140.888672,1.826245,-0.087891,0
231.5858,140.800781,1.824695,-0.087891,0
231.6013,140.712891,1.823145,-0.087891,0
231.6165,140.625000,1.821594,-0.087891,0
231.6317,140.537109,1.820044,-0.087891,0
231.6470,140.449219,1.818494,-0.087891,0
231.6622,140.449219,1.818494,0.000000,0
231.6778,140.361328,1.816943,-0.087891,0
231.6933,140.273438,1.815393,-0.087891,0
231.7086,140.273438,1.815393,0.000000,0
231.7239,140.185547,1.813843,-0.087891,0
231.7398,140.097656,1.812292,-0.087891,0
231.7550,140.009766,1.810742,-0.087891,0
231.7702,139.921875,1.809192,-0.087891,0
231.7855,139.833984,1.807642,-0.087891,0
231.8007,139.833984,1.807642,0.000000,0
231.8159,139.746094,1.806091,-0.087891,0
231.8311,139.658203,1.804541,-0.087891,0
231.8464,139.570312,1.802991,-0.087891,0
231.8616,139.570312,1.802991,0.000000,0
231.8768,139.482422,1.801440,-0.087891,0
231.8921,139.394531,1.799890,-0.087891,0
231.9073,139.394531,1.799890,0.000000,0
231.9226,139.218750,1.796790,-0.175781,0
231.9378,139.218750,1.796790,0.000000,0
231.9530,139.130859,1.795239,-0.087891,0
231.9682,139.042969,1.793689,-0.087891,0
231.9834,138.955078,1.792139,-0.087891,0
231.9987,138.867188,1.790588,-0.087891,0
232.0139,138.779297,1.789038,-0.087891,0
232.0291,138.779297,1.789038,0.000000,0
232.0443,138.691406,1.787488,-0.087891,0
232.0595,138.603516,1.785938,-0.087891,0
232.0748,138.603516,1.785938,0.000000,0
232.0900,138.515625,1.784387,-0.087891,0
232.1056,138.515625,1.784387,0.000000,0
232.1208,138.339844,1.781287,-0.175781,0
232.1360,138.339844,1.781287,0.000000,0
232.1513,138.164062,1.778186,-0.175781,0
232.1665,138.164062,1.778186,0.000000,0
232.1824,137.988281,1.775085,-0.175781,0
232.1976,137.988281,1.775085,0.000000,0
232.2129,137.900391,1.773535,-0.087891,0
232.2281,137.812500,1.771985,-0.087891,0
232.2433,137.724609,1.770435,-0.087891,0
232.2585,137.636719,1.768884,-0.087891,0
232.2750,137.548828,1.767334,-0.087891,0
232.2903,137.460938,1.765784,-0.087891,0
232.3056,137.373047,1.764233,-0.087891,0
232.3209,137.285156,1.762683,-0.087891,0
232.3361,137.285156,1.762683,0.000000,0
232.3513,137.109375,1.759583,-0.175781,0
232.3666,137.109375,1.759583,0.000000,0
232.3819,136.933594,1.756482,-0.175781,0
232.3972,136.933594,1.756482,0.000000,0
232.4127,136.845703,1.754932,-0.087891,0
232.4279,136.845703,1.754932,0.000000,0
232.4431,136.669922,1.751831,-0.175781,0
232.4583,136.669922,1.751831,0.000000,0
232.4736,136.582031,1.750281,-0.087891,0
232.4889,136.494141,1.748730,-0.087891,0
232.5043,136.494141,1.748730,0.000000,0
232.5196,136.406250,1.747180,-0.087891,0
232.5349,136.318359,1.745630,-0.087891,0
232.5501,136.230469,1.744080,-0.087891,0
232.5653,136.230469,1.744080,0.000000,0
232.5805,136.142578,1.742529,-0.087891,0
232.5959,136.142578,1.742529,0.000000,0
232.6111,135.966797,1.739429,-0.175781,0
232.6264,135.966797,1.739429,0.000000,0
232.6416,135.878906,1.737878,-0.087891,0
232.6569,135.791016,1.736328,-0.087891,0
232.6721,135.703125,1.734778,-0.087891,0
232.6873,135.615234,1.733228,-0.087891,0
232.7026,135.527344,1.731677,-0.087891,0
232.7179,135.439453,1.730127,-0.087891,0
232.7331,135.439453,1.730127,0.000000,0
232.7484,135.351562,1.728577,-0.087891,0
232.7636,135.263672,1.727026,-0.087891,0
232.7789,135.175781,1.725476,-0.087891,0
232.7942,135.175781,1.725476,0.000000,0
232.8100,135.087891,1.723926,-0.087891,0
232.8254,135.000000,1.722375,-0.087891,0
232.8406,135.000000,1.722375,0.000000,0
232.8558,134.824219,1.719275,-0.175781,0
232.8710,134.824219,1.719275,0.000000,0
232.8863,134.648438,1.716174,-0.175781,0
232.9015,134.648438,1.716174,0.000000,0
232.9169,134.560547,1.714624,-0.087891,0
232.9324,134.472656,1.713074,-0.087891,0
232.9476,134.296875,1.709973,-0.175781,0
232.9628,134.296875,1.709973,0.000000,0
232.9781,134.121094,1.706873,-0.175781,0
232.9944,134.121094,1.706873,0.000000,0
233.0096,134.033203,1.705322,-0.087891,0
233.0252,133.945312,1.703772,-0.087891,0
233.0404,133.945312,1.703772,0.000000,0
233.0557,133.769531,1.700671,-0.175781,0
233.0709,133.769531,1.700671,0.000000,0
233.0861,133.681641,1.699121,-0.087891,0
233.1013,133.593750,1.697571,-0.087891,0
233.1165,133.505859,1.696021,-0.087891,0
233.1318,133.505859,1.696021,0.000000,0
233.1476,133.330078,1.692920,-0.175781,0
233.1628,133.330078,1.692920,0.000000,0
233.1781,133.242188,1.691370,-0.087891,0
233.1933,133.154297,1.689819,-0.087891,0
233.2085,133.066406,1.688269,-0.087891,0
233.2239,132.978516,1.686719,-0.087891,0
233.2391,132.978516,1.686719,0.000000,0
233.2544,132.890625,1.685168,-0.087891,0
233.2696,132.802734,1.683618,-0.087891,0
233.2849,132.802734,1.683618,0.000000,0
233.3001,132.714844,1.682068,-0.087891,0
233.3154,132.626953,1.680518,-0.087891,0
233.3306,132.539062,1.678967,-0.087891,0
233.3458,132.451172,1.677417,-0.087891,0
233.3614,132.363281,1.675867,-0.087891,0
233.3766,132.275391,1.674316,-0.087891,0
233.3918,132.275391,1.674316,0.000000,0
233.4071,132.187500,1.672766,-0.087891,0
233.4223,132.099609,1.671216,-0.087891,0
233.4376,132.011719,1.669666,-0.087891,0
233.4528,131.923828,1.668115,-0.087891,0
233.4680,131.923828,1.668115,0.000000,0
233.4833,131.835938,1.666565,-0.087891,0
233.4985,131.835938,1.666565,0.000000,0
233.5137,131.748047,1.665015,-0.087891,0
233.5290,131.660156,1.663464,-0.087891,0
233.5444,131.572266,1.661914,-0.087891,0
233.5597,131.484375,1.660364,-0.087891,0
233.5749,131.484375,1.660364,0.000000,0
233.5903,131.308594,1.657263,-0.175781,0
233.6055,131.308594,1.657263,0.000000,0
233.6207,131.132812,1.654163,-0.175781,0
233.6359,131.132812,1.654163,0.000000,0
233.6513,131.044922,1.652612,-0.087891,0
233.6665,130.957031,1.651062,-0.087891,0
233.6817,130.781250,1.647961,-0.175781,0
233.6969,130.781250,1.647961,0.000000,0
233.7121,130.693359,1.646411,-0.087891,0
233.7274,130.605469,1.644861,-0.087891,0
233.7426,130.517578,1.643311,-0.087891,0
233.7578,130.429688,1.641760,-0.087891,0
233.7730,130.429688,1.641760,0.000000,0
233.7882,130.341797,1.640210,-0.087891,0
233.8034,130.253906,1.638660,-0.087891,0
233.8187,130.166016,1.637109,-0.087891,0
233.8341,130.078125,1.635559,-0.087891,0
233.8493,130.078125,1.635559,0.000000,0
233.8645,129.990234,1.634009,-0.087891,0
233.8802,129.902344,1.632458,-0.087891,0
233.8954,129.814453,1.630908,-0.087891,0
233.9107,129.726562,1.629358,-0.087891,0
233.9260,129.726562,1.629358,0.000000,0
233.9412,129.638672,1.627808,-0.087891,0
233.9564,129.550781,1.626257,-0.087891,0
233.9716,129.462891,1.624707,-0.087891,0
233.9868,129.375000,1.623157,-0.087891,0
234.0021,129.375000,1.623157,0.000000,0
234.0173,129.287109,1.621606,-0.087891,0
234.0326,129.199219,1.620056,-0.087891,0
234.0478,129.111328,1.618506,-0.087891,0
234.0630,129.023438,1.616956,-0.087891,0
234.0782,128.935547,1.615405,-0.087891,0
234.0938,128.847656,1.613855,-0.087891,0
234.1090,128.759766,1.612305,-0.087891,0
234.1242,128.671875,1.610754,-0.087891,0
234.1398,128.671875,1.610754,0.000000,0
234.1550,128.583984,1.609204,-0.087891,0
234.1703,128.496094,1.607654,-0.087891,0
234.1855,128.408203,1.606104,-0.087891,0
234.2012,128.408203,1.606104,0.000000,0
234.2164,128.320312,1.604553,-0.087891,0
234.2317,128.320312,1.604553,0.000000,0
234.2470,128.232422,1.603003,-0.087891,0
234.2623,128.144531,1.601453,-0.087891,0
234.2775,128.056641,1.599902,-0.087891,0
234.2930,127.968750,1.598352,-0.087891,0
234.3082,127.880859,1.596802,-0.087891,0
234.3235,127.792969,1.595251,-0.087891,0
234.3395,127.792969,1.595251,0.000000,0
234.3548,127.617188,1.592151,-0.175781,0
234.3700,127.529297,1.590601,-0.087891,0
234.3852,127.441406,1.589050,-0.087891,0
234.4004,127.441406,1.589050,0.000000,0
234.4156,127.353516,1.587500,-0.087891,0
234.4309,127.265625,1.585950,-0.087891,0
234.4461,127.177734,1.584399,-0.087891,0
234.4614,127.089844,1.582849,-0.087891,0
234.4767,127.001953,1.581299,-0.087891,0
234.4919,126.914062,1.579749,-0.087891,0
234.5071,126.914062,1.579749,0.000000,0
234.5223,126.826172,1.578198,-0.087891,0
234.5376,126.738281,1.576648,-0.087891,0
234.5528,126.650391,1.575098,-0.087891,0
234.5680,126.650391,1.575098,0.000000,0
234.5833,126.562500,1.573547,-0.087891,0
234.5986,126.474609,1.571997,-0.087891,0
234.6138,126.386719,1.570447,-0.087891,0
234.6290,126.298828,1.568896,-0.087891,0
234.6443,126.210938,1.567346,-0.087891,0
234.6595,126.210938,1.567346,0.000000,0
234.6747,126.123047,1.565796,-0.087891,0
234.6899,126.035156,1.564246,-0.087891,0
234.7051,126.035156,1.564246,0.000000,0
234.7203,125.947266,1.562695,-0.087891,0
234.7357,125.859375,1.561145,-0.087891,0
234.7511,125.771484,1.559595,-0.087891,0
234.7664,125.683594,1.558044,-0.087891,0
234.7816,125.595703,1.556494,-0.087891,0
234.7968,125.595703,1.556494,0.000000,0
234.8120,125.507812,1.554944,-0.087891,0
234.8273,125.419922,1.553394,-0.087891,0
234.8427,125.419922,1.553394,0.000000,0
234.8582,125.244141,1.550293,-0.175781,0
234.8734,125.244141,1.550293,0.000000,0
234.8887,125.156250,1.548743,-0.087891,0
234.9039,125.068359,1.547192,-0.087891,0
234.9191,124.980469,1.545642,-0.087891,0
234.9343,124.892578,1.544092,-0.087891,0
234.9501,124.892578,1.544092,0.000000,0
234.9653,124.804688,1.542542,-0.087891,0
234.9805,124.716797,1.540991,-0.087891,0
234.9958,124.716797,1.540991,0.000000,0
235.0110,124.541016,1.537891,-0.175781,0
235.0262,124.453125,1.536340,-0.087891,0
235.0414,124.453125,1.536340,0.000000,0
235.0567,124.277344,1.533240,-0.175781,0
235.0719,124.277344,1.533240,0.000000,0
235.0871,124.189453,1.531689,-0.087891,0
235.1023,124.101562,1.530139,-0.087891,0
235.1175,124.013672,1.528589,-0.087891,0
235.1327,123.925781,1.527039,-0.087891,0
235.1480,123.837891,1.525488,-0.087891,0
235.1633,123.750000,1.523938,-0.087891,0
235.1785,123.662109,1.522388,-0.087891,0
235.1937,123.662109,1.522388,0.000000,0
235.2089,123.574219,1.520837,-0.087891,0
235.2242,123.486328,1.519287,-0.087891,0
235.2395,123.398438,1.517737,-0.087891,0
235.2547,123.310547,1.516187,-0.087891,0
235.2700,123.222656,1.514636,-0.087891,0
235.2852,123.134766,1.513086,-0.087891,0
235.3004,123.046875,1.511536,-0.087891,0
235.3156,123.046875,1.511536,0.000000,0
235.3308,122.958984,1.509985,-0.087891,0
235.3461,122.871094,1.508435,-0.087891,0
235.3613,122.783203,1.506885,-0.087891,0
235.3765,122.783203,1.506885,0.000000,0
235.3917,122.695312,1.505334,-0.087891,0
235.4070,122.607422,1.503784,-0.087891,0
235.4222,122.519531,1.502234,-0.087891,0
235.4374,122.519531,1.502234,0.000000,0
235.4528,122.431641,1.500684,-0.087891,0
235.4688,122.343750,1.499133,-0.087891,0
235.4840,122.255859,1.497583,-0.087891,0
235.4993,122.255859,1.497583,0.000000,0
235.5147,122.167969,1.496033,-0.087891,0
235.5299,122.080078,1.494482,-0.087891,0
235.5453,121.992188,1.492932,-0.087891,0
235.5606,121.904297,1.491382,-0.087891,0
235.5759,121.904297,1.491382,0.000000,0
235.5912,121.728516,1.488281,-0.175781,0
235.6064,121.640625,1.486731,-0.087891,0
235.6216,121.640625,1.486731,0.000000,0
235.6368,121.552734,1.485181,-0.087891,0
235.6521,121.464844,1.483630,-0.087891,0
235.6674,121.376953,1.482080,-0.087891,0
235.6826,121.376953,1.482080,0.000000,0
235.6978,121.289062,1.480530,-0.087891,0
235.7132,121.201172,1.478979,-0.087891,0
235.7285,121.113281,1.477429,-0.087891,0
235.7437,121.113281,1.477429,0.000000,0
235.7590,121.025391,1.475879,-0.087891,0
235.7742,120.937500,1.474329,-0.087891,0
235.7894,120.761719,1.471228,-0.175781,0
235.8047,120.761719,1.471228,0.000000,0
235.8199,120.673828,1.469678,-0.087891,0
235.8351,120.585938,1.468127,-0.087891,0
235.8504,120.498047,1.466577,-0.087891,0
235.8659,120.410156,1.465027,-0.087891,0
235.8811,120.322266,1.463477,-0.087891,0
235.8964,120.234375,1.461926,-0.087891,0
235.9117,120.234375,1.461926,0.000000,0
235.9269,120.146484,1.460376,-0.087891,0
235.9421,120.058594,1.458826,-0.087891,0
235.9574,119.970703,1.457275,-0.087891,0
235.9726,119.882812,1.455725,-0.087891,0
235.9878,119.794922,1.454175,-0.087891,0
236.0030,119.707031,1.452625,-0.087891,0
236.0183,119.619141,1.451074,-0.087891,0
236.0335,119.619141,1.451074,0.000000,0
236.0487,119.531250,1.449524,-0.087891,0
236.0639,119.443359,1.447974,-0.087891,0
236.0797,119.355469,1.446423,-0.087891,0
236.0949,119.355469,1.446423,0.000000,0
236.1102,119.267578,1.444873,-0.087891,0
236.1254,119.179688,1.443323,-0.087891,0
236.1406,119.091797,1.441772,-0.087891,0
236.1558,119.003906,1.440222,-0.087891,0
236.1711,119.003906,1.440222,0.000000,0
236.1863,118.916016,1.438672,-0.087891,0
236.2015,118.828125,1.437122,-0.087891,0
236.2167,118.740234,1.435571,-0.087891,0
236.2326,118.740234,1.435571,0.000000,0
236.2479,118.652344,1.434021,-0.087891,0
236.2631,118.564453,1.432471,-0.087891,0
236.2783,118.564453,1.432471,0.000000,0
236.2935,118.388672,1.429370,-0.175781,0
236.3087,118.388672,1.429370,0.000000,0
236.3240,118.212891,1.426270,-0.175781,0
236.3394,118.212891,1.426270,0.000000,0
236.3549,118.125000,1.424719,-0.087891,0
236.3701,118.037109,1.423169,-0.087891,0
236.3854,117.949219,1.421619,-0.087891,0
236.4006,117.949219,1.421619,0.000000,0
236.4158,117.861328,1.420068,-0.087891,0
236.4311,117.861328,1.420068,0.000000,0
236.4463,117.773438,1.418518,-0.087891,0
236.4615,117.685547,1.416968,-0.087891,0
236.4767,117.597656,1.415417,-0.087891,0
236.4919,117.509766,1.413867,-0.087891,0
236.5073,117.509766,1.413867,0.000000,0
236.5226,117.333984,1.410767,-0.175781,0
236.5379,117.333984,1.410767,0.000000,0
236.5531,117.158203,1.407666,-0.175781,0
236.5683,117.070312,1.406116,-0.087891,0
236.5835,116.982422,1.404565,-0.087891,0
236.5987,116.894531,1.403015,-0.087891,0
236.6140,116.894531,1.403015,0.000000,0
236.6293,116.718750,1.399915,-0.175781,0
236.6445,116.718750,1.399915,0.000000,0
236.6598,116.630859,1.398364,-0.087891,0
236.6750,116.542969,1.396814,-0.087891,0
236.6902,116.455078,1.395264,-0.087891,0
236.7054,116.367188,1.393713,-0.087891,0
236.7207,116.279297,1.392163,-0.087891,0
236.7370,116.279297,1.392163,0.000000,0
236.7522,116.191406,1.390613,-0.087891,0
236.7675,116.103516,1.389063,-0.087891,0
236.7828,116.015625,1.387512,-0.087891,0
236.7980,116.015625,1.387512,0.000000,0
236.8132,115.927734,1.385962,-0.087891,0
236.8284,115.839844,1.384412,-0.087891,0
236.8442,115.751953,1.382861,-0.087891,0
236.8596,115.664062,1.381311,-0.087891,0
236.8748,115.664062,1.381311,0.000000,0
236.8900,115.576172,1.379761,-0.087891,0
236.9052,115.576172,1.379761,0.000000,0
236.9205,115.400391,1.376660,-0.175781,0
236.9358,115.400391,1.376660,0.000000,0
236.9510,115.224609,1.373560,-0.175781,0
236.9662,115.224609,1.373560,0.000000,0
236.9815,115.136719,1.372009,-0.087891,0
236.9967,115.048828,1.370459,-0.087891,0
237.0119,115.048828,1.370459,0.000000,0
237.0271,114.960938,1.368909,-0.087891,0
237.0427,114.873047,1.367358,-0.087891,0
237.0581,114.785156,1.365808,-0.087891,0
237.0733,114.697266,1.364258,-0.087891,0
237.0885,114.609375,1.362708,-0.087891,0
237.1037,114.609375,1.362708,0.000000,0
237.1189,114.433594,1.359607,-0.175781,0
237.1342,114.433594,1.359607,0.000000,0
237.1494,114.257812,1.356506,-0.175781,0
237.1648,114.257812,1.356506,0.000000,0
237.1802,114.169922,1.354956,-0.087891,0
237.1955,114.169922,1.354956,0.000000,0
237.2108,114.082031,1.353406,-0.087891,0
237.2261,113.994141,1.351855,-0.087891,0
237.2413,113.994141,1.351855,0.000000,0
237.2567,113.818359,1.348755,-0.175781,0
237.2720,113.818359,1.348755,0.000000,0
237.2873,113.642578,1.345654,-0.175781,0
237.3025,113.642578,1.345654,0.000000,0
237.3177,113.554688,1.344104,-0.087891,0
237.3329,113.466797,1.342554,-0.087891,0
237.3482,113.378906,1.341003,-0.087891,0
237.3634,113.291016,1.339453,-0.087891,0
237.3787,113.203125,1.337903,-0.087891,0
237.3940,113.115234,1.336353,-0.087891,0
237.4092,113.027344,1.334802,-0.087891,0
237.4244,113.027344,1.334802,0.000000,0
237.4396,112.939453,1.333252,-0.087891,0
237.4548,112.763672,1.330151,-0.175781,0
237.4701,112.763672,1.330151,0.000000,0
237.4853,112.587891,1.327051,-0.175781,0
237.5005,112.587891,1.327051,0.000000,0
237.5157,112.500000,1.325500,-0.087891,0
237.5325,112.412109,1.323950,-0.087891,0
237.5477,112.412109,1.323950,0.000000,0
237.5636,112.324219,1.322400,-0.087891,0
237.5789,112.236328,1.320850,-0.087891,0
237.5942,112.148438,1.319299,-0.087891,0
237.6094,112.148438,1.319299,0.000000,0
237.6247,112.060547,1.317749,-0.087891,0
237.6399,111.972656,1.316199,-0.087891,0
237.6557,111.884766,1.314648,-0.087891,0
237.6710,111.796875,1.313098,-0.087891,0
237.6863,111.796875,1.313098,0.000000,0
237.7015,111.708984,1.311548,-0.087891,0
237.7167,111.621094,1.309998,-0.087891,0
237.7320,111.621094,1.309998,0.000000,0
237.7472,111.445312,1.306897,-0.175781,0
237.7625,111.445312,1.306897,0.000000,0
237.7777,111.357422,1.305347,-0.087891,0
237.7929,111.269531,1.303796,-0.087891,0
237.8083,111.269531,1.303796,0.000000,0
237.8235,111.093750,1.300696,-0.175781,0
237.8387,111.093750,1.300696,0.000000,0
237.8540,110.917969,1.297595,-0.175781,0
237.8696,110.917969,1.297595,0.000000,0
237.8849,110.830078,1.296045,-0.087891,0
237.9001,110.742188,1.294495,-0.087891,0
237.9157,110.654297,1.292944,-0.087891,0
237.9309,110.654297,1.292944,0.000000,0
237.9461,110.566406,1.291394,-0.087891,0
237.9613,110.478516,1.289844,-0.087891,0
237.9767,110.478516,1.289844,0.000000,0
237.9920,110.390625,1.288293,-0.087891,0
238.0073,110.302734,1.286743,-0.087891,0
238.0225,110.214844,1.285193,-0.087891,0
238.0377,110.126953,1.283643,-0.087891,0
238.0529,110.039062,1.282092,-0.087891,0
238.0681,109.951172,1.280542,-0.087891,0
238.0834,109.863281,1.278992,-0.087891,0
238.0995,109.775391,1.277441,-0.087891,0
238.1147,109.687500,1.275891,-0.087891,0
238.1300,109.599609,1.274341,-0.087891,0
238.1452,109.511719,1.272791,-0.087891,0
238.1610,109.511719,1.272791,0.000000,0
238.1763,109.335938,1.269690,-0.175781,0
238.1915,109.335938,1.269690,0.000000,0
238.2067,109.248047,1.268140,-0.087891,0
238.2219,109.160156,1.266589,-0.087891,0
238.2371,109.160156,1.266589,0.000000,0
238.2524,108.984375,1.263489,-0.175781,0
238.2676,108.984375,1.263489,0.000000,0
238.2828,108.896484,1.261938,-0.087891,0
238.2980,108.808594,1.260388,-0.087891,0
238.3133,108.720703,1.258838,-0.087891,0
238.3285,108.720703,1.258838,0.000000,0
238.3437,108.632812,1.257288,-0.087891,0
238.3589,108.544922,1.255737,-0.087891,0
238.3742,108.457031,1.254187,-0.087891,0
238.3894,108.369141,1.252637,-0.087891,0
238.4046,108.281250,1.251086,-0.087891,0
238.4199,108.193359,1.249536,-0.087891,0
238.4351,108.193359,1.249536,0.000000,0
238.4503,108.105469,1.247986,-0.087891,0
238.4655,108.105469,1.247986,0.000000,0
238.4808,108.017578,1.246436,-0.087891,0
238.4960,107.929688,1.244885,-0.087891,0
238.5113,107.841797,1.243335,-0.087891,0
238.5266,107.753906,1.241785,-0.087891,0
238.5418,107.666016,1.240234,-0.087891,0
238.5570,107.578125,1.238684,-0.087891,0
238.5722,107.578125,1.238684,0.000000,0
238.5875,107.490234,1.237134,-0.087891,0
238.6027,107.402344,1.235583,-0.087891,0
238.6179,107.314453,1.234033,-0.087891,0
238.6332,107.314453,1.234033,0.000000,0
238.6484,107.138672,1.230933,-0.175781,0
238.6637,107.138672,1.230933,0.000000,0
238.6789,107.050781,1.229382,-0.087891,0
238.6941,106.962891,1.227832,-0.087891,0
238.7093,106.962891,1.227832,0.000000,0
238.7245,106.875000,1.226282,-0.087891,0
238.7402,106.787109,1.224731,-0.087891,0
238.7554,106.787109,1.224731,0.000000,0
238.7706,106.699219,1.223181,-0.087891,0
238.7860,106.611328,1.221631,-0.087891,0
238.8013,106.523438,1.220081,-0.087891,0
238.8166,106.347656,1.216980,-0.175781,0
238.8318,106.347656,1.216980,0.000000,0
238.8470,106.171875,1.213879,-0.175781,0
238.8622,106.171875,1.213879,0.000000,0
238.8774,106.171875,1.213879,0.000000,0
238.8928,105.996094,1.210779,-0.175781,0
238.9080,105.908203,1.209229,-0.087891,0
238.9237,105.820312,1.207678,-0.087891,0
238.9389,105.732422,1.206128,-0.087891,0
238.9541,105.732422,1.206128,0.000000,0
238.9694,105.644531,1.204578,-0.087891,0
238.9846,105.556641,1.203027,-0.087891,0
238.9999,105.468750,1.201477,-0.087891,0
239.0151,105.380859,1.199927,-0.087891,0
239.0307,105.380859,1.199927,0.000000,0
239.0459,105.205078,1.196826,-0.175781,0
239.0611,105.205078,1.196826,0.000000,0
239.0764,105.117188,1.195276,-0.087891,0
239.0916,105.117188,1.195276,0.000000,0
239.1069,105.029297,1.193726,-0.087891,0
239.1222,104.941406,1.192175,-0.087891,0
239.1377,104.853516,1.190625,-0.087891,0
239.1531,104.765625,1.189075,-0.087891,0
239.1684,104.765625,1.189075,0.000000,0
239.1836,104.589844,1.185974,-0.175781,0
239.1988,104.589844,1.185974,0.000000,0
239.2141,104.414062,1.182874,-0.175781,0
239.2293,104.414062,1.182874,0.000000,0
239.2446,104.414062,1.181323,0.000000,0
239.2599,104.326172,1.181323,-0.087891,0
239.2751,104.238281,1.179773,-0.087891,0
239.2905,104.150391,1.178223,-0.087891,0
239.3057,104.062500,1.176672,-0.087891,0
239.3209,103.974609,1.175122,-0.087891,0
239.3362,103.886719,1.173572,-0.087891,0
239.3514,103.886719,1.173572,0.000000,0
239.3666,103.798828,1.172021,-0.087891,0
239.3818,103.710938,1.170471,-0.087891,0
239.3971,103.623047,1.168921,-0.087891,0
239.4123,103.535156,1.167371,-0.087891,0
239.4275,103.535156,1.167371,0.000000,0
239.4428,103.447266,1.165820,-0.087891,0
239.4580,103.359375,1.164270,-0.087891,0
239.4732,103.271484,1.162720,-0.087891,0
239.4884,103.271484,1.162720,0.000000,0
239.5036,103.183594,1.161169,-0.087891,0
239.5189,103.095703,1.159619,-0.087891,0
239.5341,103.007812,1.158069,-0.087891,0
239.5494,102.919922,1.156519,-0.087891,0
239.5646,102.919922,1.156519,0.000000,0
239.5798,102.832031,1.154968,-0.087891,0
239.5953,102.656250,1.151868,-0.175781,0
239.6107,102.656250,1.151868,0.000000,0
239.6259,102.568359,1.150317,-0.087891,0
239.6411,102.480469,1.148767,-0.087891,0
239.6563,102.392578,1.147217,-0.087891,0
239.6715,102.304688,1.145667,-0.087891,0
239.6869,102.216797,1.144116,-0.087891,0
239.7022,102.128906,1.142566,-0.087891,0
239.7175,102.041016,1.141016,-0.087891,0
239.7327,102.041016,1.141016,0.000000,0
239.7479,101.865234,1.137915,-0.175781,0
239.7631,101.865234,1.137915,0.000000,0
239.7784,101.777344,1.136365,-0.087891,0
239.7936,101.689453,1.134814,-0.087891,0
239.8089,101.689453,1.134814,0.000000,0
239.8241,101.513672,1.131714,-0.175781,0
239.8393,101.425781,1.130164,-0.087891,0
239.8548,101.337891,1.128613,-0.087891,0
239.8700,101.337891,1.128613,0.000000,0
239.8852,101.250000,1.127063,-0.087891,0
239.9004,101.250000,1.127063,0.000000,0
239.9157,101.162109,1.125513,-0.087891,0
239.9309,101.074219,1.123962,-0.087891,0
239.9461,100.986328,1.122412,-0.087891,0
239.9613,100.898438,1.120862,-0.087891,0
239.9767,100.898438,1.120862,0.000000,0
239.9919,100.810547,1.119312,-0.087891,0
240.0076,100.722656,1.117761,-0.087891,0
240.0229,100.634766,1.116211,-0.087891,0
240.0381,100.634766,1.116211,0.000000,0
240.0533,100.546875,1.114661,-0.087891,0
240.0685,100.458984,1.113110,-0.087891,0
240.0838,100.371094,1.111560,-0.087891,0
240.0990,100.371094,1.111560,0.000000,0
240.1142,100.283203,1.110010,-0.087891,0
240.1294,100.107422,1.106909,-0.175781,0
240.1452,100.019531,1.105359,-0.087891,0
240.1605,99.931641,1.103809,-0.087891,0
240.1757,99.931641,1.103809,0.000000,0
240.1910,99.843750,1.102258,-0.087891,0
240.2063,99.755859,1.100708,-0.087891,0
240.2215,99.667969,1.099158,-0.087891,0
240.2368,99.667969,1.099158,0.000000,0
240.2520,99.580078,1.097607,-0.087891,0
240.2672,99.580078,1.097607,0.000000,0
240.2824,99.404297,1.094507,-0.175781,0
240.2977,99.404297,1.094507,0.000000,0
240.3129,99.316406,1.092957,-0.087891,0
240.3281,99.228516,1.091406,-0.087891,0
240.3434,99.140625,1.089856,-0.087891,0
240.3586,99.052734,1.088306,-0.087891,0
240.3739,98.964844,1.086755,-0.087891,0
240.3892,98.876953,1.085205,-0.087891,0
240.4048,98.789062,1.083655,-0.087891,0
240.4201,98.701172,1.082104,-0.087891,0
240.4354,98.701172,1.082104,0.000000,0
240.4506,98.613281,1.080554,-0.087891,0
240.4658,98.525391,1.079004,-0.087891,0
240.4810,98.437500,1.077454,-0.087891,0
240.4963,98.349609,1.075903,-0.087891,0
240.5116,98.349609,1.075903,0.000000,0
240.5268,98.173828,1.072803,-0.175781,0
240.5420,98.173828,1.072803,0.000000,0
240.5572,98.085938,1.071252,-0.087891,0
240.5725,97.998047,1.069702,-0.087891,0
240.5877,97.910156,1.068152,-0.087891,0
240.6029,97.822266,1.066602,-0.087891,0
240.6182,97.734375,1.065051,-0.087891,0
240.6335,97.734375,1.065051,0.000000,0
240.6487,97.646484,1.063501,-0.087891,0
240.6639,97.558594,1.061951,-0.087891,0
240.6791,97.558594,1.061951,0.000000,0
240.6943,97.470703,1.060400,-0.087891,0
240.7095,97.382812,1.058850,-0.087891,0
240.7249,97.294922,1.057300,-0.087891,0
240.7401,97.207031,1.055750,-0.087891,0
240.7553,97.207031,1.055750,0.000000,0
240.7706,97.119141,1.054199,-0.087891,0
240.7858,97.031250,1.052649,-0.087891,0
240.8010,96.943359,1.051099,-0.087891,0
240.8165,96.943359,1.051099,0.000000,0
240.8318,96.855469,1.049548,-0.087891,0
240.8470,96.767578,1.047998,-0.087891,0
240.8622,96.679688,1.046448,-0.087891,0
240.8775,96.679688,1.046448,0.000000,0
240.8927,96.591797,1.044897,-0.087891,0
240.9079,96.503906,1.043347,-0.087891,0
240.9231,96.328125,1.040247,-0.175781,0
240.9383,96.328125,1.040247,0.000000,0
240.9535,96.240234,1.038696,-0.087891,0
240.9688,96.152344,1.037146,-0.087891,0
240.9840,96.152344,1.037146,0.000000,0
240.9992,95.976562,1.034045,-0.175781,0
241.0145,95.976562,1.034045,0.000000,0
241.0297,95.888672,1.032495,-0.087891,0
241.0449,95.800781,1.030945,-0.087891,0
241.0601,95.712891,1.029395,-0.087891,0
241.0754,95.712891,1.029395,0.000000,0
241.0906,95.625000,1.027844,-0.087891,0
241.1058,95.625000,1.027844,0.000000,0
241.1210,95.449219,1.024744,-0.175781,0
241.1362,95.361328,1.023193,-0.087891,0
241.1515,95.273438,1.021643,-0.087891,0
241.1667,95.273438,1.021643,0.000000,0
241.1819,95.185547,1.020093,-0.087891,0
241.1971,95.097656,1.018542,-0.087891,0
241.2132,95.009766,1.016992,-0.087891,0
241.2285,94.921875,1.015442,-0.087891,0
241.2437,94.833984,1.013892,-0.087891,0
241.2589,94.746094,1.012341,-0.087891,0
241.2742,94.658203,1.010791,-0.087891,0
241.2894,94.570312,1.009241,-0.087891,0
241.3046,94.570312,1.009241,0.000000,0
241.3199,94.394531,1.006140,-0.175781,0
241.3351,94.394531,1.006140,0.000000,0
241.3503,94.306641,1.004590,-0.087891,0
241.3655,94.218750,1.003040,-0.087891,0
241.3807,94.130859,1.001489,-0.087891,0
241.3959,94.042969,0.999939,-0.087891,0
241.4113,93.955078,0.998389,-0.087891,0
241.4265,93.867188,0.996838,-0.087891,0
241.4418,93.867188,0.996838,0.000000,0
241.4573,93.867188,0.996838,0.000000,0
241.4725,93.779297,0.995288,-0.087891,0
241.4878,93.691406,0.993738,-0.087891,0
241.5030,93.603516,0.992188,-0.087891,0
241.5182,93.515625,0.990637,-0.087891,0
241.5334,93.427734,0.989087,-0.087891,0
241.5487,93.427734,0.989087,0.000000,0
241.5639,93.339844,0.987537,-0.087891,0
241.5791,93.251953,0.985986,-0.087891,0
241.5943,93.251953,0.985986,0.000000,0
241.6096,93.164062,0.984436,-0.087891,0
241.6249,93.076172,0.982886,-0.087891,0
241.6401,92.988281,0.981335,-0.087891,0
241.6555,92.900391,0.979785,-0.087891,0
241.6707,92.900391,0.979785,0.000000,0
241.6860,92.812500,0.978235,-0.087891,0
241.7012,92.636719,0.975134,-0.175781,0
241.7165,92.636719,0.975134,0.000000,0
241.7318,92.548828,0.973584,-0.087891,0
241.7470,92.460938,0.972034,-0.087891,0
241.7623,92.373047,0.970483,-0.087891,0
241.7781,92.285156,0.968933,-0.087891,0
241.7934,92.197266,0.967383,-0.087891,0
241.8088,92.197266,0.967383,0.000000,0
241.8240,92.109375,0.965833,-0.087891,0
241.8394,92.021484,0.964282,-0.087891,0
241.8547,91.933594,0.962732,-0.087891,0
241.8699,91.933594,0.962732,0.000000,0
241.8851,91.933594,0.962732,0.000000,0
241.9003,91.757812,0.959631,-0.175781,0
241.9156,91.757812,0.959631,0.000000,0
241.9308,91.582031,0.956531,-0.175781,0
241.9460,91.582031,0.956531,0.000000,0
241.9612,91.406250,0.953430,-0.175781,0
241.9764,91.406250,0.953430,0.000000,0
241.9917,91.230469,0.950330,-0.175781,0
242.0069,91.230469,0.950330,0.000000,0
242.0222,91.142578,0.948779,-0.087891,0
242.0375,91.054688,0.947229,-0.087891,0
242.0527,90.966797,0.945679,-0.087891,0
242.0680,90.878906,0.944128,-0.087891,0
242.0832,90.878906,0.944128,0.000000,0
242.0985,90.703125,0.941028,-0.175781,0
242.1137,90.703125,0.941028,0.000000,0
242.1292,90.615234,0.939478,-0.087891,0
242.1444,90.527344,0.937927,-0.087891,0
242.1596,90.439453,0.936377,-0.087891,0
242.1748,90.351562,0.934827,-0.087891,0
242.1900,90.263672,0.933276,-0.087891,0
242.2052,90.175781,0.931726,-0.087891,0
242.2205,90.175781,0.931726,0.000000,0
242.2358,90.087891,0.930176,-0.087891,0
242.2510,90.087891,0.930176,0.000000,0
242.2662,90.000000,0.928625,-0.087891,0
242.2815,89.912109,0.927075,-0.087891,0
242.2967,89.824219,0.925525,-0.087891,0
242.3122,89.736328,0.923975,-0.087891,0
242.3274,89.648438,0.922424,-0.087891,0
242.3427,89.648438,0.922424,0.000000,0
242.3579,89.560547,0.920874,-0.087891,0
242.3731,89.560547,0.920874,0.000000,0
242.3883,89.472656,0.919324,-0.087891,0
242.4036,89.384766,0.917773,-0.087891,0
242.4188,89.296875,0.916223,-0.087891,0
242.4340,89.296875,0.916223,0.000000,0
242.4493,89.208984,0.914673,-0.087891,0
242.4645,89.033203,0.911572,-0.175781,0
242.4797,89.033203,0.911572,0.000000,0
242.4949,88.945312,0.910022,-0.087891,0
242.5101,88.857422,0.908472,-0.087891,0
242.5254,88.769531,0.906921,-0.087891,0
242.5407,88.681641,0.905371,-0.087891,0
242.5559,88.681641,0.905371,0.000000,0
242.5711,88.593750,0.903821,-0.087891,0
242.5863,88.505859,0.902271,-0.087891,0
242.6017,88.417969,0.900720,-0.087891,0
242.6169,88.330078,0.899170,-0.087891,0
242.6321,88.242188,0.897620,-0.087891,0
242.6474,88.242188,0.897620,0.000000,0
242.6626,88.154297,0.896069,-0.087891,0
242.6778,88.154297,0.896069,0.000000,0
242.6931,87.978516,0.892969,-0.175781,0
242.7086,87.978516,0.892969,0.000000,0
242.7244,87.802734,0.889868,-0.175781,0
242.7396,87.802734,0.889868,0.000000,0
242.7548,87.714844,0.888318,-0.087891,0
242.7700,87.626953,0.886768,-0.087891,0
242.7853,87.539062,0.885217,-0.087891,0
242.8005,87.451172,0.883667,-0.087891,0
242.8157,87.451172,0.883667,0.000000,0
242.8311,87.275391,0.880566,-0.175781,0
242.8463,87.275391,0.880566,0.000000,0
242.8615,87.099609,0.877466,-0.175781,0
242.8767,87.099609,0.877466,0.000000,0
242.8919,87.011719,0.875916,-0.087891,0
242.9071,86.923828,0.874365,-0.087891,0
242.9224,86.835938,0.872815,-0.087891,0
242.9380,86.748047,0.871265,-0.087891,0
242.9533,86.748047,0.871265,0.000000,0
242.9685,86.572266,0.868164,-0.175781,0
242.9838,86.484375,0.866614,-0.087891,0
242.9995,86.484375,0.866614,0.000000,0
243.0149,86.396484,0.865063,-0.087891,0
243.0301,86.308594,0.863513,-0.087891,0
243.0454,86.220703,0.861963,-0.087891,0
243.0606,86.220703,0.861963,0.000000,0
243.0758,86.132812,0.860413,-0.087891,0
243.0910,86.044922,0.858862,-0.087891,0
243.1062,86.044922,0.858862,0.000000,0
243.1214,85.957031,0.857312,-0.087891,0
243.1367,85.869141,0.855762,-0.087891,0
243.1520,85.781250,0.854211,-0.087891,0
243.1672,85.693359,0.852661,-0.087891,0
243.1831,85.693359,0.852661,0.000000,0
243.1985,85.605469,0.851111,-0.087891,0
243.2137,85.517578,0.849561,-0.087891,0
243.2289,85.429688,0.848010,-0.087891,0
243.2441,85.429688,0.848010,0.000000,0
243.2594,85.253906,0.844910,-0.175781,0
243.2746,85.253906,0.844910,0.000000,0
243.2898,85.166016,0.843359,-0.087891,0
243.3050,85.078125,0.841809,-0.087891,0
243.3202,85.078125,0.841809,0.000000,0
243.3356,84.990234,0.840259,-0.087891,0
243.3509,84.902344,0.838708,-0.087891,0
243.3661,84.814453,0.837158,-0.087891,0
243.3813,84.726562,0.835608,-0.087891,0
243.3965,84.638672,0.834058,-0.087891,0
243.4118,84.550781,0.832507,-0.087891,0
243.4270,84.462891,0.830957,-0.087891,0
243.4422,84.462891,0.830957,0.000000,0
243.4575,84.375000,0.829407,-0.087891,0
243.4728,84.287109,0.827856,-0.087891,0
243.4880,84.287109,0.827856,0.000000,0
243.5032,84.199219,0.826306,-0.087891,0
243.5185,84.111328,0.824756,-0.087891,0
243.5340,83.935547,0.821655,-0.175781,0
243.5494,83.935547,0.821655,0.000000,0
243.5647,83.847656,0.820105,-0.087891,0
243.5799,83.759766,0.818555,-0.087891,0
243.5952,83.671875,0.817004,-0.087891,0
243.6105,83.583984,0.815454,-0.087891,0
243.6257,83.496094,0.813904,-0.087891,0
243.6410,83.408203,0.812354,-0.087891,0
243.6562,83.320312,0.810803,-0.087891,0
243.6714,83.320312,0.810803,0.000000,0
243.6868,83.232422,0.809253,-0.087891,0
243.7021,83.144531,0.807703,-0.087891,0
243.7173,83.056641,0.806152,-0.087891,0
243.7325,82.968750,0.804602,-0.087891,0
243.7478,82.968750,0.804602,0.000000,0
243.7630,82.792969,0.801501,-0.175781,0
243.7782,82.792969,0.801501,0.000000,0
243.7935,82.705078,0.799951,-0.087891,0
243.8088,82.617188,0.798401,-0.087891,0
243.8240,82.617188,0.798401,0.000000,0
243.8393,82.529297,0.796851,-0.087891,0
243.8545,82.441406,0.795300,-0.087891,0
243.8698,82.353516,0.793750,-0.087891,0
243.8851,82.353516,0.793750,0.000000,0
243.9003,82.177734,0.790649,-0.175781,0
243.9156,82.177734,0.790649,0.000000,0
243.9309,82.089844,0.789099,-0.087891,0
243.9461,82.001953,0.787549,-0.087891,0
243.9613,81.914062,0.785999,-0.087891,0
243.9766,81.914062,0.785999,0.000000,0
243.9918,81.914062,0.785999,0.000000,0
244.0071,81.738281,0.782898,-0.175781,0
244.0223,81.738281,0.782898,0.000000,0
244.0376,81.650391,0.781348,-0.087891,0
244.0529,81.562500,0.779797,-0.087891,0
244.0681,81.474609,0.778247,-0.087891,0
244.0833,81.386719,0.776697,-0.087891,0
244.0985,81.386719,0.776697,0.000000,0
244.1137,81.298828,0.775146,-0.087891,0
244.1290,81.210938,0.773596,-0.087891,0
244.1448,81.123047,0.772046,-0.087891,0
244.1601,81.035156,0.770496,-0.087891,0
244.1759,80.947266,0.768945,-0.087891,0
244.1911,80.859375,0.767395,-0.087891,0
244.2063,80.771484,0.765845,-0.087891,0
244.2215,80.771484,0.765845,0.000000,0
244.2367,80.683594,0.764294,-0.087891,0
244.2520,80.595703,0.762744,-0.087891,0
244.2676,80.507812,0.761194,-0.087891,0
244.2828,80.507812,0.761194,0.000000,0
244.2980,80.419922,0.759644,-0.087891,0
244.3134,80.332031,0.758093,-0.087891,0
244.3287,80.244141,0.756543,-0.087891,0
244.3455,80.244141,0.756543,0.000000,0
244.3611,80.068359,0.753442,-0.175781,0
244.3764,80.068359,0.753442,0.000000,0
244.3916,79.892578,0.750342,-0.175781,0
244.4068,79.892578,0.750342,0.000000,0
244.4220,79.716797,0.747241,-0.175781,0
244.4372,79.716797,0.747241,0.000000,0
244.4532,79.628906,0.745691,-0.087891,0
244.4684,79.541016,0.744141,-0.087891,0
244.4836,79.453125,0.742590,-0.087891,0
244.4989,79.365234,0.741040,-0.087891,0
244.5141,79.365234,0.741040,0.000000,0
244.5294,79.277344,0.739490,-0.087891,0
244.5446,79.189453,0.737939,-0.087891,0
244.5598,79.013672,0.734839,-0.175781,0
244.5751,79.013672,0.734839,0.000000,0
244.5903,78.925781,0.733289,-0.087891,0
244.6056,78.837891,0.731738,-0.087891,0
244.6208,78.750000,0.730188,-0.087891,0
244.6363,78.662109,0.728638,-0.087891,0
244.6517,78.662109,0.728638,0.000000,0
244.6669,78.574219,0.727087,-0.087891,0
244.6821,78.486328,0.725537,-0.087891,0
244.6973,78.398438,0.723987,-0.087891,0
244.7125,78.398438,0.723987,0.000000,0
244.7278,78.310547,0.722437,-0.087891,0
244.7430,78.222656,0.720886,-0.087891,0
244.7582,78.134766,0.719336,-0.087891,0
244.7734,78.046875,0.717786,-0.087891,0
244.7887,78.046875,0.717786,0.000000,0
244.8039,77.958984,0.716235,-0.087891,0
244.8191,77.871094,0.714685,-0.087891,0
244.8343,77.783203,0.713135,-0.087891,0
244.8497,77.783203,0.713135,0.000000,0
244.8649,77.695312,0.711584,-0.087891,0
244.8801,77.695312,0.711584,0.000000,0
244.8954,77.607422,0.710034,-0.087891,0
244.9106,77.519531,0.708484,-0.087891,0
244.9259,77.431641,0.706934,-0.087891,0
244.9411,77.343750,0.705383,-0.087891,0
244.9564,77.255859,0.703833,-0.087891,0
244.9716,77.167969,0.702283,-0.087891,0
244.9869,77.167969,0.702283,0.000000,0
245.0021,77.080078,0.700732,-0.087891,0
245.0179,76.992188,0.699182,-0.087891,0
245.0331,76.904297,0.697632,-0.087891,0
245.0484,76.816406,0.696082,-0.087891,0
245.0636,76.728516,0.694531,-0.087891,0
245.0789,76.640625,0.692981,-0.087891,0
245.0942,76.552734,0.691431,-0.087891,0
245.1094,76.552734,0.691431,0.000000,0
245.1246,76.464844,0.689880,-0.087891,0
245.1398,76.464844,0.689880,0.000000,0
245.1558,76.376953,0.686780,-0.087891,0
245.1711,76.289062,0.686780,-0.087891,0
245.1863,76.289062,0.686780,0.000000,0
245.2016,76.113281,0.683679,-0.175781,0
245.2168,76.025391,0.682129,-0.087891,0
245.2320,75.937500,0.680579,-0.087891,0
245.2473,75.849609,0.679028,-0.087891,0
245.2630,75.761719,0.677478,-0.087891,0
245.2783,75.673828,0.675928,-0.087891,0
245.2935,75.673828,0.675928,0.000000,0
245.3087,75.585938,0.674377,-0.087891,0
245.3239,75.410156,0.671277,-0.175781,0
245.3391,75.410156,0.671277,0.000000,0
245.3543,75.322266,0.669727,-0.087891,0
245.3696,75.234375,0.668176,-0.087891,0
245.3848,75.146484,0.666626,-0.087891,0
245.4000,75.058594,0.665076,-0.087891,0
245.4153,74.970703,0.663525,-0.087891,0
245.4305,74.882812,0.661975,-0.087891,0
245.4458,74.794922,0.660425,-0.087891,0
245.4611,74.794922,0.660425,0.000000,0
245.4772,74.707031,0.658875,-0.087891,0
245.4924,74.619141,0.657324,-0.087891,0
245.5076,74.531250,0.655774,-0.087891,0
245.5228,74.531250,0.655774,0.000000,0
245.5380,74.443359,0.654224,-0.087891,0
245.5532,74.443359,0.654224,0.000000,0
245.5685,74.355469,0.652673,-0.087891,0
245.5841,74.267578,0.651123,-0.087891,0
245.5993,74.179688,0.649573,-0.087891,0
245.6145,74.091797,0.648022,-0.087891,0
245.6298,74.003906,0.646472,-0.087891,0
245.6450,74.003906,0.646472,0.000000,0
245.6602,73.916016,0.644922,-0.087891,0
245.6754,73.828125,0.643372,-0.087891,0
245.6907,73.740234,0.641821,-0.087891,0
245.7059,73.740234,0.641821,0.000000,0
245.7211,73.652344,0.640271,-0.087891,0
245.7363,73.564453,0.638721,-0.087891,0
245.7515,73.476562,0.637170,-0.087891,0
245.7669,73.476562,0.637170,0.000000,0
245.7821,73.388672,0.635620,-0.087891,0
245.7973,73.300781,0.634070,-0.087891,0
245.8127,73.212891,0.632520,-0.087891,0
245.8279,73.125000,0.630969,-0.087891,0
245.8432,73.037109,0.629419,-0.087891,0
245.8585,72.949219,0.627869,-0.087891,0
245.8738,72.949219,0.627869,0.000000,0
245.8890,72.773438,0.624768,-0.175781,0
245.9042,72.773438,0.624768,0.000000,0
245.9196,72.685547,0.623218,-0.087891,0
245.9348,72.597656,0.621667,-0.087891,0
245.9500,72.597656,0.621667,0.000000,0
245.9653,72.509766,0.620117,-0.087891,0
245.9806,72.509766,0.620117,0.000000,0
245.9958,72.333984,0.617017,-0.175781,0
246.0111,72.246094,0.615466,-0.087891,0
246.0263,72.158203,0.613916,-0.087891,0
246.0415,72.158203,0.613916,0.000000,0
246.0567,71.982422,0.610815,-0.175781,0
246.0719,71.982422,0.610815,0.000000,0
246.0872,71.894531,0.609265,-0.087891,0
246.1025,71.806641,0.607715,-0.087891,0
246.1176,71.718750,0.606165,-0.087891,0
246.1329,71.630859,0.604614,-0.087891,0
246.1483,71.630859,0.604614,0.000000,0
246.1635,71.455078,0.601514,-0.175781,0
246.1788,71.367188,0.599963,-0.087891,0
246.1940,71.279297,0.598413,-0.087891,0
246.2092,71.279297,0.598413,0.000000,0
246.2248,71.103516,0.595313,-0.175781,0
246.2400,71.103516,0.595313,0.000000,0
246.2552,71.015625,0.593762,-0.087891,0
246.2705,70.927734,0.592212,-0.087891,0
246.2857,70.839844,0.590662,-0.087891,0
246.3009,70.751953,0.589111,-0.087891,0
246.3161,70.751953,0.589111,0.000000,0
246.3313,70.664062,0.587561,-0.087891,0
246.3466,70.576172,0.586011,-0.087891,0
246.3618,70.576172,0.586011,0.000000,0
246.3771,70.488281,0.584460,-0.087891,0
246.3923,70.400391,0.582910,-0.087891,0
246.4075,70.312500,0.581360,-0.087891,0
246.4227,70.312500,0.581360,0.000000,0
246.4380,70.224609,0.579810,-0.087891,0
246.4532,70.224609,0.579810,0.000000,0
246.4685,70.136719,0.578259,-0.087891,0
246.4837,70.048828,0.576709,-0.087891,0
246.4989,69.960938,0.575159,-0.087891,0
246.5142,69.873047,0.573608,-0.087891,0
246.5294,69.785156,0.572058,-0.087891,0
246.5447,69.697266,0.570508,-0.087891,0
246.5599,69.609375,0.568958,-0.087891,0
246.5751,69.609375,0.568958,0.000000,0
246.5903,69.521484,0.567407,-0.087891,0
246.6055,69.521484,0.567407,0.000000,0
246.6207,69.433594,0.565857,-0.087891,0
246.6359,69.257812,0.562756,-0.175781,0
246.6513,69.257812,0.562756,0.000000,0
246.6670,69.169922,0.561206,-0.087891,0
246.6823,69.082031,0.559656,-0.087891,0
246.6975,68.994141,0.558105,-0.087891,0
246.7127,68.994141,0.558105,0.000000,0
246.7279,68.818359,0.555005,-0.175781,0
246.7431,68.818359,0.555005,0.000000,0
246.7594,68.642578,0.551904,-0.175781,0
246.7750,68.642578,0.551904,0.000000,0
246.7903,68.554688,0.550354,-0.087891,0
246.8055,68.554688,0.550354,0.000000,0
246.8207,68.466797,0.548804,-0.087891,0
246.8359,68.378906,0.547253,-0.087891,0
246.8511,68.291016,0.545703,-0.087891,0
246.8663,68.203125,0.544153,-0.087891,0
246.8816,68.203125,0.544153,0.000000,0
246.8968,68.027344,0.541052,-0.175781,0
246.9120,67.939453,0.539502,-0.087891,0
246.9273,67.851562,0.537952,-0.087891,0
246.9425,67.851562,0.537952,0.000000,0
246.9584,67.675781,0.534851,-0.175781,0
246.9736,67.675781,0.534851,0.000000,0
246.9889,67.675781,0.534851,0.000000,0
247.0041,67.500000,0.531750,-0.175781,0
247.0193,67.412109,0.530200,-0.087891,0
247.0345,67.324219,0.528650,-0.087891,0
247.0498,67.236328,0.527100,-0.087891,0
247.0651,67.148438,0.525549,-0.087891,0
247.0803,67.148438,0.525549,0.000000,0
247.0956,67.060547,0.523999,-0.087891,0
247.1108,66.972656,0.522449,-0.087891,0
247.1260,66.884766,0.520898,-0.087891,0
247.1412,66.796875,0.519348,-0.087891,0
247.1565,66.796875,0.519348,0.000000,0
247.1730,66.708984,0.517798,-0.087891,0
247.1883,66.621094,0.516248,-0.087891,0
247.2035,66.533203,0.514697,-0.087891,0
247.2187,66.533203,0.514697,0.000000,0
247.2340,66.445312,0.513147,-0.087891,0
247.2493,66.357422,0.511597,-0.087891,0
247.2645,66.269531,0.510046,-0.087891,0
247.2798,66.269531,0.510046,0.000000,0
247.2950,66.181641,0.508496,-0.087891,0
247.3102,66.093750,0.506946,-0.087891,0
247.3254,66.005859,0.505396,-0.087891,0
247.3406,66.005859,0.505396,0.000000,0
247.3558,65.917969,0.503845,-0.087891,0
247.3710,65.830078,0.502295,-0.087891,0
247.3868,65.830078,0.502295,0.000000,0
247.4020,65.742188,0.500745,-0.087891,0
247.4172,65.654297,0.499194,-0.087891,0
247.4324,65.566406,0.497644,-0.087891,0
247.4478,65.566406,0.497644,0.000000,0
247.4630,65.390625,0.494543,-0.175781,0
247.4786,65.390625,0.494543,0.000000,0
247.4938,65.214844,0.491443,-0.175781,0
247.5092,65.214844,0.491443,0.000000,0
247.5244,65.039062,0.488342,-0.175781,0
247.5397,65.039062,0.488342,0.000000,0
247.5549,64.951172,0.486792,-0.087891,0
247.5701,64.863281,0.485242,-0.087891,0
247.5855,64.775391,0.483691,-0.087891,0
247.6008,64.775391,0.483691,0.000000,0
247.6162,64.687500,0.482141,-0.087891,0
247.6314,64.687500,0.482141,0.000000,0
247.6466,64.599609,0.480591,-0.087891,0
247.6618,64.511719,0.479041,-0.087891,0
247.6770,64.423828,0.477490,-0.087891,0
247.6923,64.248047,0.474390,-0.175781,0
247.7075,64.248047,0.474390,0.000000,0
247.7228,64.160156,0.472839,-0.087891,0
247.7380,64.072266,0.471289,-0.087891,0
247.7532,63.984375,0.469739,-0.087891,0
247.7685,63.984375,0.469739,0.000000,0
247.7837,63.896484,0.468188,-0.087891,0
247.7990,63.720703,0.465088,-0.175781,0
247.8142,63.720703,0.465088,0.000000,0
247.8295,63.632812,0.463538,-0.087891,0
247.8447,63.544922,0.461987,-0.087891,0
247.8599,63.457031,0.460437,-0.087891,0
247.8751,63.369141,0.458887,-0.087891,0
247.8904,63.369141,0.458887,0.000000,0
247.9056,63.193359,0.455786,-0.175781,0
247.9209,63.193359,0.455786,0.000000,0
247.9361,63.105469,0.454236,-0.087891,0
247.9513,63.017578,0.452686,-0.087891,0
247.9666,62.929688,0.451135,-0.087891,0
247.9818,62.841797,0.449585,-0.087891,0
247.9970,62.753906,0.448035,-0.087891,0
248.0122,62.753906,0.448035,0.000000,0
248.0274,62.666016,0.446484,-0.087891,0
248.0426,62.666016,0.446484,0.000000,0
248.0579,62.578125,0.444934,-0.087891,0
248.0731,62.490234,0.443384,-0.087891,0
248.0883,62.402344,0.441833,-0.087891,0
248.1037,62.314453,0.440283,-0.087891,0
248.1189,62.314453,0.440283,0.000000,0
248.1341,62.226562,0.438733,-0.087891,0
248.1493,62.138672,0.437183,-0.087891,0
248.1645,62.138672,0.437183,0.000000,0
248.1797,62.050781,0.435632,-0.087891,0
248.1950,61.962891,0.434082,-0.087891,0
248.2105,61.962891,0.434082,0.000000,0
248.2258,61.875000,0.432532,-0.087891,0
248.2410,61.787109,0.430981,-0.087891,0
248.2562,61.699219,0.429431,-0.087891,0
248.2714,61.611328,0.427881,-0.087891,0
248.2868,61.611328,0.427881,0.000000,0
248.3020,61.435547,0.424780,-0.175781,0
248.3173,61.435547,0.424780,0.000000,0
248.3325,61.347656,0.423230,-0.087891,0
248.3477,61.259766,0.421680,-0.087891,0
248.3629,61.171875,0.420129,-0.087891,0
248.3781,61.083984,0.418579,-0.087891,0
248.3937,60.996094,0.417029,-0.087891,0
248.4090,60.996094,0.417029,0.000000,0
248.4242,60.908203,0.415479,-0.087891,0
248.4396,60.820312,0.413928,-0.087891,0
248.4549,60.732422,0.412378,-0.087891,0
248.4701,60.732422,0.412378,0.000000,0
248.4853,60.644531,0.410828,-0.087891,0
248.5006,60.556641,0.409277,-0.087891,0
248.5159,60.468750,0.407727,-0.087891,0
248.5311,60.380859,0.406177,-0.087891,0
248.5464,60.292969,0.404626,-0.087891,0
248.5616,60.205078,0.403076,-0.087891,0
248.5768,60.117188,0.401526,-0.087891,0
248.5920,60.117188,0.401526,0.000000,0
248.6073,60.029297,0.399976,-0.087891,0
248.6225,59.941406,0.398425,-0.087891,0
248.6377,59.853516,0.396875,-0.087891,0
248.6529,59.765625,0.395325,-0.087891,0
248.6681,59.677734,0.393774,-0.087891,0
248.6833,59.677734,0.393774,0.000000,0
248.6986,59.501953,0.390674,-0.175781,0
248.7139,59.501953,0.390674,0.000000,0
248.7291,59.326172,0.387573,-0.175781,0
248.7444,59.326172,0.387573,0.000000,0
248.7596,59.238281,0.386023,-0.087891,0
248.7748,59.150391,0.384473,-0.087891,0
248.7900,59.150391,0.384473,0.000000,0
248.8052,58.974609,0.381372,-0.175781,0
248.8205,58.974609,0.381372,0.000000,0
248.8357,58.886719,0.379822,-0.087891,0
248.8510,58.798828,0.378271,-0.087891,0
248.8662,58.710938,0.376721,-0.087891,0
248.8815,58.710938,0.376721,0.000000,0
248.8967,58.623047,0.375171,-0.087891,0
248.9120,58.535156,0.373621,-0.087891,0
248.9273,58.535156,0.373621,0.000000,0
248.9425,58.447266,0.372070,-0.087891,0
248.9578,58.359375,0.370520,-0.087891,0
248.9730,58.359375,0.370520,0.000000,0
248.9882,58.271484,0.368970,-0.087891,0
249.0034,58.183594,0.367419,-0.087891,0
249.0186,58.095703,0.365869,-0.087891,0
249.0338,58.007812,0.364319,-0.087891,0
249.0490,58.007812,0.364319,0.000000,0
249.0643,57.919922,0.362769,-0.087891,0
249.0795,57.919922,0.362769,0.000000,0
249.0947,57.832031,0.361218,-0.087891,0
249.1099,57.744141,0.359668,-0.087891,0
249.1252,57.656250,0.358118,-0.087891,0
249.1404,57.480469,0.355017,-0.175781,0
249.1556,57.480469,0.355017,0.000000,0
249.1708,57.392578,0.353467,-0.087891,0
249.1866,57.304688,0.351917,-0.087891,0
249.2022,57.216797,0.350366,-0.087891,0
249.2175,57.128906,0.348816,-0.087891,0
249.2327,57.041016,0.347266,-0.087891,0
249.2480,57.041016,0.347266,0.000000,0
249.2633,56.953125,0.345715,-0.087891,0
249.2785,56.865234,0.344165,-0.087891,0
249.2937,56.865234,0.344165,0.000000,0
249.3091,56.777344,0.342615,-0.087891,0
249.3243,56.689453,0.341064,-0.087891,0
249.3395,56.601562,0.339514,-0.087891,0
249.3547,56.513672,0.337964,-0.087891,0
249.3699,56.425781,0.336414,-0.087891,0
249.3851,56.425781,0.336414,0.000000,0
249.4004,56.250000,0.333313,-0.175781,0
249.4156,56.250000,0.333313,0.000000,0
249.4308,56.162109,0.331763,-0.087891,0
249.4460,56.074219,0.330212,-0.087891,0
249.4613,55.986328,0.328662,-0.087891,0
249.4769,55.898438,0.327112,-0.087891,0
249.4921,55.898438,0.327112,0.000000,0
249.5074,55.810547,0.325562,-0.087891,0
249.5227,55.722656,0.324011,-0.087891,0
249.5379,55.546875,0.320911,-0.175781,0
249.5531,55.546875,0.320911,0.000000,0
249.5683,55.371094,0.317810,-0.175781,0
249.5835,55.371094,0.317810,0.000000,0
249.5987,55.283203,0.316260,-0.087891,0
249.6142,55.283203,0.316260,0.000000,0
249.6294,55.195312,0.314709,-0.087891,0
249.6446,55.107422,0.313159,-0.087891,0
249.6598,55.019531,0.311609,-0.087891,0
249.6753,54.931641,0.310059,-0.087891,0
249.6905,54.931641,0.310059,0.000000,0
249.7061,54.843750,0.308508,-0.087891,0
249.7214,54.843750,0.308508,0.000000,0
249.7367,54.755859,0.306958,-0.087891,0
249.7519,54.667969,0.305408,-0.087891,0
249.7671,54.580078,0.303857,-0.087891,0
249.7823,54.492188,0.302307,-0.087891,0
249.7976,54.492188,0.302307,0.000000,0
249.8132,54.404297,0.300757,-0.087891,0
249.8284,54.316406,0.299207,-0.087891,0
249.8436,54.228516,0.297656,-0.087891,0
249.8588,54.228516,0.297656,0.000000,0
249.8740,54.140625,0.296106,-0.087891,0
249.8893,54.052734,0.294556,-0.087891,0
249.9045,53.964844,0.293005,-0.087891,0
249.9197,53.964844,0.293005,0.000000,0
249.9350,53.789062,0.289905,-0.175781,0
249.9503,53.701172,0.288354,-0.087891,0
249.9655,53.701172,0.288354,0.000000,0
249.9807,53.613281,0.286804,-0.087891,0
249.9959,53.525391,0.285254,-0.087891,0
250.0113,53.437500,0.283704,-0.087891,0
250.0269,53.437500,0.283704,0.000000,0
250.0422,53.349609,0.282153,-0.087891,0
250.0574,53.261719,0.280603,-0.087891,0
250.0727,53.173828,0.279053,-0.087891,0
250.0879,53.085938,0.277502,-0.087891,0
250.1031,53.085938,0.277502,0.000000,0
250.1185,52.998047,0.275952,-0.087891,0
250.1341,52.910156,0.274402,-0.087891,0
250.1493,52.910156,0.274402,0.000000,0
250.1645,52.822266,0.272852,-0.087891,0
250.1797,52.734375,0.271301,-0.087891,0
250.1949,52.646484,0.269751,-0.087891,0
250.2104,52.558594,0.268201,-0.087891,0
250.2257,52.470703,0.266650,-0.087891,0
250.2411,52.382812,0.265100,-0.087891,0
250.2563,52.294922,0.263550,-0.087891,0
250.2715,52.207031,0.262000,-0.087891,0
250.2867,52.207031,0.262000,0.000000,0
250.3020,52.031250,0.258899,-0.175781,0
250.3172,51.943359,0.257349,-0.087891,0
250.3324,51.943359,0.257349,0.000000,0
250.3477,51.855469,0.255798,-0.087891,0
250.3629,51.767578,0.254248,-0.087891,0
250.3781,51.679688,0.252698,-0.087891,0
250.3933,51.591797,0.251147,-0.087891,0
250.4085,51.503906,0.249597,-0.087891,0
250.4237,51.503906,0.249597,0.000000,0
250.4390,51.328125,0.246497,-0.175781,0
250.4544,51.328125,0.246497,0.000000,0
250.4696,51.240234,0.244946,-0.087891,0
250.4848,51.152344,0.243396,-0.087891,0
250.5001,51.064453,0.241846,-0.087891,0
250.5153,51.064453,0.241846,0.000000,0
250.5305,51.064453,0.241846,0.000000,0
250.5458,50.888672,0.238745,-0.175781,0
250.5610,50.888672,0.238745,0.000000,0
250.5763,50.800781,0.237195,-0.087891,0
250.5915,50.712891,0.235645,-0.087891,0
250.6067,50.625000,0.234094,-0.087891,0
250.6219,50.625000,0.234094,0.000000,0
250.6373,50.537109,0.232544,-0.087891,0
250.6527,50.449219,0.230994,-0.087891,0
250.6679,50.361328,0.229443,-0.087891,0
250.6832,50.361328,0.229443,0.000000,0
250.6984,50.273438,0.227893,-0.087891,0
250.7137,50.185547,0.226343,-0.087891,0
250.7289,50.185547,0.226343,0.000000,0
250.7441,50.009766,0.223242,-0.175781,0
250.7594,49.921875,0.221692,-0.087891,0
250.7746,49.833984,0.220142,-0.087891,0
250.7898,49.833984,0.220142,0.000000,0
250.8052,49.746094,0.218591,-0.087891,0
250.8206,49.658203,0.217041,-0.087891,0
250.8359,49.570312,0.215491,-0.087891,0
250.8511,49.570312,0.215491,0.000000,0
250.8664,49.482422,0.213940,-0.087891,0
250.8816,49.394531,0.212390,-0.087891,0
250.8968,49.306641,0.210840,-0.087891,0
250.9120,49.306641,0.210840,0.000000,0
250.9273,49.218750,0.209290,-0.087891,0
250.9425,49.130859,0.207739,-0.087891,0
250.9577,49.042969,0.206189,-0.087891,0
250.9745,49.042969,0.206189,0.000000,0
250.9898,48.955078,0.204639,-0.087891,0
251.0051,48.779297,0.201538,-0.175781,0
251.0204,48.779297,0.201538,0.000000,0
251.0357,48.603516,0.198438,-0.175781,0
251.0509,48.603516,0.198438,0.000000,0
251.0661,48.427734,0.195337,-0.175781,0
251.0813,48.427734,0.195337,0.000000,0
251.0965,48.339844,0.193787,-0.087891,0
251.1117,48.251953,0.192236,-0.087891,0
251.1271,48.251953,0.192236,0.000000,0
251.1423,48.076172,0.189136,-0.175781,0
251.1576,47.988281,0.187585,-0.087891,0
251.1728,47.900391,0.186035,-0.087891,0
251.1880,47.900391,0.186035,0.000000,0
251.2034,47.812500,0.184485,-0.087891,0
251.2186,47.724609,0.182935,-0.087891,0
251.2338,47.636719,0.181384,-0.087891,0
251.2490,47.548828,0.179834,-0.087891,0
251.2642,47.548828,0.179834,0.000000,0
251.2794,47.460938,0.178284,-0.087891,0
251.2947,47.373047,0.176733,-0.087891,0
251.3099,47.285156,0.175183,-0.087891,0
251.3252,47.285156,0.175183,0.000000,0
251.3404,47.197266,0.173633,-0.087891,0
251.3557,47.197266,0.173633,0.000000,0
251.3709,47.109375,0.172083,-0.087891,0
251.3861,47.021484,0.170532,-0.087891,0
251.4013,47.021484,0.170532,0.000000,0
251.4165,46.933594,0.168982,-0.087891,0
251.4318,46.845703,0.167432,-0.087891,0
251.4470,46.757812,0.165881,-0.087891,0
251.4629,46.757812,0.165881,0.000000,0
251.4781,46.582031,0.162781,-0.175781,0
251.4933,46.494141,0.161230,-0.087891,0
251.5085,46.406250,0.159680,-0.087891,0
251.5239,46.406250,0.159680,0.000000,0
251.5392,46.230469,0.156580,-0.175781,0
251.5544,46.230469,0.156580,0.000000,0
251.5696,46.142578,0.155029,-0.087891,0
251.5849,46.054688,0.153479,-0.087891,0
251.6008,45.966797,0.151929,-0.087891,0
251.6160,45.966797,0.151929,0.000000,0
251.6314,45.878906,0.150378,-0.087891,0
251.6466,45.791016,0.148828,-0.087891,0
251.6618,45.791016,0.148828,0.000000,0
251.6770,45.615234,0.145728,-0.175781,0
251.6923,45.615234,0.145728,0.000000,0
251.7075,45.527344,0.144177,-0.087891,0
251.7227,45.527344,0.144177,0.000000,0
251.7380,45.439453,0.142627,-0.087891,0
251.7532,45.351562,0.141077,-0.087891,0
251.7684,45.175781,0.137976,-0.175781,0
251.7836,45.175781,0.137976,0.000000,0
251.7988,45.087891,0.136426,-0.087891,0
251.8140,45.000000,0.134875,-0.087891,0
251.8292,44.912109,0.133325,-0.087891,0
251.8445,44.824219,0.131775,-0.087891,0
251.8597,44.736328,0.130225,-0.087891,0
251.8749,44.648438,0.128674,-0.087891,0
251.8902,44.648438,0.128674,0.000000,0
251.9054,44.472656,0.125574,-0.175781,0
251.9206,44.472656,0.125574,0.000000,0
251.9363,44.384766,0.124023,-0.087891,0
251.9515,44.296875,0.122473,-0.087891,0
251.9667,44.208984,0.120923,-0.087891,0
251.9819,44.121094,0.119373,-0.087891,0
251.9971,44.121094,0.119373,0.000000,0
252.0124,43.945312,0.116272,-0.175781,0
252.0276,43.945312,0.116272,0.000000,0
252.0429,43.857422,0.114722,-0.087891,0
252.0581,43.769531,0.113171,-0.087891,0
252.0733,43.681641,0.111621,-0.087891,0
252.0886,43.681641,0.111621,0.000000,0
252.1038,43.593750,0.110071,-0.087891,0
252.1190,43.593750,0.110071,0.000000,0
252.1343,43.505859,0.108521,-0.087891,0
252.1495,43.417969,0.106970,-0.087891,0
252.1647,43.330078,0.105420,-0.087891,0
252.1800,43.242188,0.103870,-0.087891,0
252.1952,43.242188,0.103870,0.000000,0
252.2104,43.154297,0.102319,-0.087891,0
252.2256,43.066406,0.100769,-0.087891,0
252.2409,43.066406,0.100769,0.000000,0
252.2651,42.890625,0.097668,-0.175781,0
252.2803,42.890625,0.097668,0.000000,0
252.2955,42.714844,0.094568,-0.175781,0
252.3111,42.714844,0.094568,0.000000,0
252.3263,42.626953,0.093018,-0.087891,0
252.3416,42.539062,0.091467,-0.087891,0
252.3568,42.451172,0.089917,-0.087891,0
252.3720,42.363281,0.088367,-0.087891,0
252.3873,42.275391,0.086816,-0.087891,0
252.4026,42.187500,0.085266,-0.087891,0
252.4179,42.187500,0.085266,0.000000,0
252.4331,42.099609,0.083716,-0.087891,0
252.4485,42.011719,0.082166,-0.087891,0
252.4637,41.923828,0.080615,-0.087891,0
252.4790,41.835938,0.079065,-0.087891,0
252.4949,41.835938,0.079065,0.000000,0
252.5111,41.748047,0.077515,-0.087891,0
252.5263,41.660156,0.075964,-0.087891,0
252.5416,41.660156,0.075964,0.000000,0
252.5568,41.484375,0.072864,-0.175781,0
252.5720,41.396484,0.071313,-0.087891,0
252.5873,41.308594,0.069763,-0.087891,0
252.6025,41.308594,0.069763,0.000000,0
252.6177,41.132812,0.066663,-0.175781,0
252.6329,41.132812,0.066663,0.000000,0
252.6482,41.044922,0.065112,-0.087891,0
252.6634,40.957031,0.063562,-0.087891,0
252.6787,40.869141,0.062012,-0.087891,0
252.6939,40.781250,0.060461,-0.087891,0
252.7091,40.781250,0.060461,0.000000,0
252.7243,40.605469,0.057361,-0.175781,0
252.7396,40.605469,0.057361,0.000000,0
252.7549,40.429688,0.054260,-0.175781,0
252.7703,40.429688,0.054260,0.000000,0
252.7855,40.341797,0.052710,-0.087891,0
252.8007,40.253906,0.051160,-0.087891,0
252.8161,40.166016,0.049609,-0.087891,0
252.8314,40.078125,0.048059,-0.087891,0
252.8466,40.078125,0.048059,0.000000,0
252.8618,39.990234,0.046509,-0.087891,0
252.8770,39.902344,0.044958,-0.087891,0
252.8922,39.902344,0.044958,0.000000,0
252.9074,39.814453,0.043408,-0.087891,0
252.9227,39.726562,0.041858,-0.087891,0
252.9380,39.726562,0.041858,0.000000,0
252.9533,39.638672,0.040308,-0.087891,0
252.9685,39.550781,0.038757,-0.087891,0
252.9837,39.550781,0.038757,0.000000,0
252.9989,39.462891,0.037207,-0.087891,0
253.0142,39.375000,0.035657,-0.087891,0
253.0294,39.287109,0.034106,-0.087891,0
253.0446,39.287109,0.034106,0.000000,0
253.0600,39.199219,0.032556,-0.087891,0
253.0758,39.111328,0.031006,-0.087891,0
253.0910,39.023438,0.029456,-0.087891,0
253.1062,39.023438,0.029456,0.000000,0
253.1215,38.935547,0.027905,-0.087891,0
253.1368,38.847656,0.026355,-0.087891,0
253.1521,38.671875,0.023254,-0.175781,0
253.1679,38.671875,0.023254,0.000000,0
253.1832,38.583984,0.021704,-0.087891,0
253.1984,38.496094,0.020154,-0.087891,0
253.2136,38.496094,0.020154,0.000000,0
253.2289,38.408203,0.018604,-0.087891,0
253.2441,38.320312,0.017053,-0.087891,0
253.2604,38.232422,0.015503,-0.087891,0
253.2756,38.144531,0.013953,-0.087891,0
253.2909,38.144531,0.013953,0.000000,0
253.3061,38.056641,0.012402,-0.087891,0
253.3214,37.968750,0.010852,-0.087891,0
253.3366,37.880859,0.009302,-0.087891,0
253.3521,37.792969,0.007751,-0.087891,0
253.3681,37.792969,0.007751,0.000000,0
253.3833,37.617188,0.004651,-0.175781,0
253.3987,37.529297,0.003101,-0.087891,0
253.4139,37.441406,0.001550,-0.087891,0
253.4291,37.353516,0.000000,-0.087891,0
253.4443,37.353516,0.000000,0.000000,0
253.4597,37.265625,-0.001550,-0.087891,0
253.4749,37.177734,-0.003101,-0.087891,0
253.4901,37.001953,-0.006201,-0.175781,0
253.5053,37.001953,-0.006201,0.000000,0
253.5206,36.914062,-0.007751,-0.087891,0
253.5358,36.826172,-0.009302,-0.087891,0
253.5510,36.738281,-0.010852,-0.087891,0
253.5663,36.650391,-0.012402,-0.087891,0
253.5815,36.562500,-0.013953,-0.087891,0
253.5967,36.562500,-0.013953,0.000000,0
253.6120,36.474609,-0.015503,-0.087891,0
253.6274,36.386719,-0.017053,-0.087891,0
253.6427,36.298828,-0.018604,-0.087891,0
253.6580,36.210938,-0.020154,-0.087891,0
253.6732,36.210938,-0.020154,0.000000,0
253.6884,36.123047,-0.021704,-0.087891,0
253.7038,36.123047,-0.021704,0.000000,0
253.7190,36.035156,-0.023254,-0.087891,0
253.7342,35.947266,-0.024805,-0.087891,0
253.7494,35.859375,-0.026355,-0.087891,0
253.7647,35.859375,-0.026355,0.000000,0
253.7799,35.771484,-0.027905,-0.087891,0
253.7952,35.683594,-0.029456,-0.087891,0
253.8105,35.683594,-0.029456,0.000000,0
253.8257,35.507812,-0.032556,-0.175781,0
253.8409,35.507812,-0.032556,0.000000,0
253.8561,35.419922,-0.034106,-0.087891,0
253.8713,35.419922,-0.034106,0.000000,0
253.8866,35.244141,-0.037207,-0.175781,0
253.9019,35.244141,-0.037207,0.000000,0
253.9174,35.156250,-0.038757,-0.087891,0
253.9327,35.068359,-0.040308,-0.087891,0
253.9481,34.980469,-0.041858,-0.087891,0
253.9634,34.892578,-0.043408,-0.087891,0
253.9786,34.892578,-0.043408,0.000000,0
253.9938,34.804688,-0.044958,-0.087891,0
254.0091,34.716797,-0.046509,-0.087891,0
254.0243,34.628906,-0.048059,-0.087891,0
254.0395,34.541016,-0.049609,-0.087891,0
254.0547,34.541016,-0.049609,0.000000,0
254.0705,34.453125,-0.051160,-0.087891,0
254.0857,34.365234,-0.052710,-0.087891,0
254.1009,34.277344,-0.054260,-0.087891,0
254.1161,34.277344,-0.054260,0.000000,0
254.1314,34.189453,-0.055811,-0.087891,0
254.1466,34.101562,-0.057361,-0.087891,0
254.1618,34.013672,-0.058911,-0.087891,0
254.1771,33.925781,-0.060461,-0.087891,0
254.1927,33.837891,-0.062012,-0.087891,0
254.2081,33.750000,-0.063562,-0.087891,0
254.2233,33.662109,-0.065112,-0.087891,0
254.2385,33.574219,-0.066663,-0.087891,0
254.2539,33.486328,-0.068213,-0.087891,0
254.2691,33.486328,-0.068213,0.000000,0
254.2850,33.398438,-0.069763,-0.087891,0
254.3002,33.310547,-0.071313,-0.087891,0
254.3154,33.134766,-0.074414,-0.175781,0
254.3306,33.134766,-0.074414,0.000000,0
254.3458,33.046875,-0.075964,-0.087891,0
254.3611,32.958984,-0.077515,-0.087891,0
254.3764,32.871094,-0.079065,-0.087891,0
254.3916,32.783203,-0.080615,-0.087891,0
254.4068,32.783203,-0.080615,0.000000,0
254.4220,32.695312,-0.082166,-0.087891,0
254.4372,32.607422,-0.083716,-0.087891,0
254.4524,32.519531,-0.085266,-0.087891,0
254.4677,32.519531,-0.085266,0.000000,0
254.4829,32.431641,-0.086816,-0.087891,0
254.4981,32.431641,-0.086816,0.000000,0
254.5133,32.343750,-0.088367,-0.087891,0
254.5285,32.255859,-0.089917,-0.087891,0
254.5447,32.167969,-0.091467,-0.087891,0
254.5599,32.080078,-0.093018,-0.087891,0
254.5752,32.080078,-0.093018,0.000000,0
254.5905,31.992188,-0.094568,-0.087891,0
254.6057,31.904297,-0.096118,-0.087891,0
254.6209,31.816406,-0.097668,-0.087891,0
254.6361,31.816406,-0.097668,0.000000,0
254.6514,31.728516,-0.099219,-0.087891,0
254.6667,31.640625,-0.100769,-0.087891,0
254.6819,31.552734,-0.102319,-0.087891,0
254.6971,31.464844,-0.103870,-0.087891,0
254.7124,31.376953,-0.105420,-0.087891,0
254.7276,31.289062,-0.106970,-0.087891,0
254.7428,31.289062,-0.106970,0.000000,0
254.7581,31.201172,-0.108521,-0.087891,0
254.7735,31.113281,-0.110071,-0.087891,0
254.7887,31.025391,-0.111621,-0.087891,0
254.8039,30.937500,-0.113171,-0.087891,0
254.8192,30.849609,-0.114722,-0.087891,0
254.8344,30.849609,-0.114722,0.000000,0
254.8496,30.761719,-0.116272,-0.087891,0
254.8649,30.673828,-0.117822,-0.087891,0
254.8801,30.673828,-0.117822,0.000000,0
254.8953,30.585938,-0.119373,-0.087891,0
254.9106,30.498047,-0.120923,-0.087891,0
254.9258,30.410156,-0.122473,-0.087891,0
254.9410,30.322266,-0.124023,-0.087891,0
254.9566,30.234375,-0.125574,-0.087891,0
254.9718,30.146484,-0.127124,-0.087891,0
254.9871,30.058594,-0.128674,-0.087891,0
255.0023,29.970703,-0.130225,-0.087891,0
255.0175,29.970703,-0.130225,0.000000,0
255.0327,29.882812,-0.131775,-0.087891,0
255.0483,29.794922,-0.133325,-0.087891,0
255.0637,29.707031,-0.134875,-0.087891,0
255.0790,29.619141,-0.136426,-0.087891,0
255.0942,29.531250,-0.137976,-0.087891,0
255.1106,29.443359,-0.139526,-0.087891,0
255.1258,29.355469,-0.141077,-0.087891,0
255.1410,29.267578,-0.142627,-0.087891,0
255.1562,29.179688,-0.144177,-0.087891,0
255.1714,29.179688,-0.144177,0.000000,0
255.1868,29.003906,-0.147278,-0.175781,0
255.2025,29.003906,-0.147278,0.000000,0
255.2177,28.916016,-0.148828,-0.087891,0
255.2329,28.916016,-0.148828,0.000000,0
255.2483,28.828125,-0.150378,-0.087891,0
255.2635,28.740234,-0.151929,-0.087891,0
255.2787,28.740234,-0.151929,0.000000,0
255.2940,28.564453,-0.155029,-0.175781,0
255.3092,28.564453,-0.155029,0.000000,0
255.3244,28.476562,-0.156580,-0.087891,0
255.3396,28.476562,-0.156580,0.000000,0
255.3548,28.300781,-0.159680,-0.175781,0
255.3700,28.300781,-0.159680,0.000000,0
255.3853,28.212891,-0.161230,-0.087891,0
255.4005,28.125000,-0.162781,-0.087891,0
255.4158,28.037109,-0.164331,-0.087891,0
255.4310,28.037109,-0.164331,0.000000,0
255.4463,28.037109,-0.164331,0.000000,0
255.4615,27.861328,-0.167432,-0.175781,0
255.4768,27.773438,-0.168982,-0.087891,0
255.4920,27.685547,-0.170532,-0.087891,0
255.5072,27.685547,-0.170532,0.000000,0
255.5224,27.597656,-0.172083,-0.087891,0
255.5376,27.509766,-0.173633,-0.087891,0
255.5529,27.421875,-0.175183,-0.087891,0
255.5681,27.421875,-0.175183,0.000000,0
255.5836,27.246094,-0.178284,-0.175781,0
255.5988,27.246094,-0.178284,0.000000,0
255.6140,27.246094,-0.178284,0.000000,0
255.6292,27.070312,-0.181384,-0.175781,0
255.6444,27.070312,-0.181384,0.000000,0
255.6597,26.894531,-0.184485,-0.175781,0
255.6749,26.894531,-0.184485,0.000000,0
255.6901,26.806641,-0.186035,-0.087891,0
255.7053,26.718750,-0.187585,-0.087891,0
255.7207,26.542969,-0.190686,-0.175781,0
255.7359,26.542969,-0.190686,0.000000,0
255.7512,26.455078,-0.192236,-0.087891,0
255.7664,26.367188,-0.193787,-0.087891,0
255.7816,26.279297,-0.195337,-0.087891,0
255.7969,26.191406,-0.196887,-0.087891,0
255.8121,26.191406,-0.196887,0.000000,0
255.8274,26.103516,-0.198437,-0.087891,0
255.8426,26.015625,-0.199988,-0.087891,0
255.8582,25.927734,-0.201538,-0.087891,0
255.8734,25.839844,-0.203088,-0.087891,0
255.8886,25.751953,-0.204639,-0.087891,0
255.9040,25.664062,-0.206189,-0.087891,0
255.9193,25.576172,-0.207739,-0.087891,0
255.9345,25.488281,-0.209290,-0.087891,0
255.9498,25.400391,-0.210840,-0.087891,0
255.9650,25.400391,-0.210840,0.000000,0
255.9802,25.400391,-0.210840,0.000000,0
255.9958,25.312500,-0.212390,-0.087891,0
256.0111,25.224609,-0.213940,-0.087891,0
256.0262,25.136719,-0.215491,-0.087891,0
256.0414,25.136719,-0.215491,0.000000,0
256.0567,24.960938,-0.218591,-0.175781,0
256.0719,24.960938,-0.218591,0.000000,0
256.0871,24.873047,-0.220142,-0.087891,0
256.1024,24.873047,-0.220142,0.000000,0
256.1176,24.697266,-0.223242,-0.175781,0
256.1328,24.697266,-0.223242,0.000000,0
256.1480,24.609375,-0.224792,-0.087891,0
256.1634,24.521484,-0.226343,-0.087891,0
256.1787,24.521484,-0.226343,0.000000,0
256.1944,24.433594,-0.227893,-0.087891,0
256.2097,24.345703,-0.229443,-0.087891,0
256.2249,24.257812,-0.230994,-0.087891,0
256.2406,24.169922,-0.232544,-0.087891,0
256.2558,24.082031,-0.234094,-0.087891,0
256.2710,24.082031,-0.234094,0.000000,0
256.2867,23.906250,-0.237195,-0.175781,0
256.3019,23.906250,-0.237195,0.000000,0
256.3175,23.818359,-0.238745,-0.087891,0
256.3327,23.730469,-0.240295,-0.087891,0
256.3480,23.730469,-0.240295,0.000000,0
256.3633,23.642578,-0.241846,-0.087891,0
256.3786,23.554688,-0.243396,-0.087891,0
256.3941,23.466797,-0.244946,-0.087891,0
256.4094,23.378906,-0.246497,-0.087891,0
256.4246,23.291016,-0.248047,-0.087891,0
256.4398,23.291016,-0.248047,0.000000,0
256.4550,23.115234,-0.251147,-0.175781,0
256.4702,23.115234,-0.251147,0.000000,0
256.4855,22.939453,-0.254248,-0.175781,0
256.5008,22.939453,-0.254248,0.000000,0
256.5160,22.851562,-0.255798,-0.087891,0
256.5319,22.763672,-0.257349,-0.087891,0
256.5471,22.675781,-0.258899,-0.087891,0
256.5623,22.587891,-0.260449,-0.087891,0
256.5775,22.500000,-0.262000,-0.087891,0
256.5928,22.412109,-0.263550,-0.087891,0
256.6081,22.324219,-0.265100,-0.087891,0
256.6233,22.236328,-0.266650,-0.087891,0
256.6385,22.148438,-0.268201,-0.087891,0
256.6538,22.060547,-0.269751,-0.087891,0
256.6693,21.972656,-0.271301,-0.087891,0
256.6845,21.972656,-0.271301,0.000000,0
256.6998,21.884766,-0.272852,-0.087891,0
256.7150,21.796875,-0.274402,-0.087891,0
256.7302,21.796875,-0.274402,0.000000,0
256.7454,21.708984,-0.275952,-0.087891,0
256.7610,21.621094,-0.277502,-0.087891,0
256.7762,21.621094,-0.277502,0.000000,0
256.7914,21.533203,-0.279053,-0.087891,0
256.8067,21.445312,-0.280603,-0.087891,0
256.8219,21.357422,-0.282153,-0.087891,0
256.8371,21.357422,-0.282153,0.000000,0
256.8523,21.269531,-0.283704,-0.087891,0
256.8675,21.181641,-0.285254,-0.087891,0
256.8827,21.093750,-0.286804,-0.087891,0
256.8980,21.093750,-0.286804,0.000000,0
256.9132,21.005859,-0.288354,-0.087891,0
256.9284,20.917969,-0.289905,-0.087891,0
256.9436,20.830078,-0.291455,-0.087891,0
256.9588,20.742188,-0.293005,-0.087891,0
256.9741,20.742188,-0.293005,0.000000,0
256.9893,20.654297,-0.294556,-0.087891,0
257.0047,20.566406,-0.296106,-0.087891,0
257.0199,20.478516,-0.297656,-0.087891,0
257.0352,20.390625,-0.299207,-0.087891,0
257.0504,20.302734,-0.300757,-0.087891,0
257.0656,20.302734,-0.300757,0.000000,0
257.0808,20.214844,-0.302307,-0.087891,0
257.0962,20.126953,-0.303857,-0.087891,0
257.1114,20.039062,-0.305408,-0.087891,0
257.1267,19.951172,-0.306958,-0.087891,0
257.1420,19.951172,-0.306958,0.000000,0
257.1572,19.863281,-0.308508,-0.087891,0
257.1725,19.863281,-0.308508,0.000000,0
257.1877,19.775391,-0.310059,-0.087891,0
257.2032,19.687500,-0.311609,-0.087891,0
257.2185,19.511719,-0.314709,-0.175781,0
257.2337,19.511719,-0.314709,0.000000,0
257.2489,19.423828,-0.316260,-0.087891,0
257.2641,19.335938,-0.317810,-0.087891,0
257.2793,19.248047,-0.319360,-0.087891,0
257.2945,19.160156,-0.320911,-0.087891,0
257.3098,19.072266,-0.322461,-0.087891,0
257.3250,18.984375,-0.324011,-0.087891,0
257.3402,18.984375,-0.324011,0.000000,0
257.3561,18.808594,-0.327112,-0.175781,0
257.3713,18.808594,-0.327112,0.000000,0
257.3866,18.720703,-0.328662,-0.087891,0
257.4025,18.632812,-0.330212,-0.087891,0
257.4177,18.544922,-0.331763,-0.087891,0
257.4330,18.457031,-0.333313,-0.087891,0
257.4482,18.369141,-0.334863,-0.087891,0
257.4635,18.281250,-0.336414,-0.087891,0
257.4787,18.193359,-0.337964,-0.087891,0
257.4939,18.193359,-0.337964,0.000000,0
257.5091,18.105469,-0.339514,-0.087891,0
257.5243,18.017578,-0.341064,-0.087891,0
257.5395,18.017578,-0.341064,0.000000,0
257.5548,17.929688,-0.342615,-0.087891,0
257.5700,17.841797,-0.344165,-0.087891,0
257.5852,17.753906,-0.345715,-0.087891,0
257.6014,17.753906,-0.345715,0.000000,0
257.6169,17.578125,-0.348816,-0.175781,0
257.6321,17.578125,-0.348816,0.000000,0
257.6474,17.490234,-0.350366,-0.087891,0
257.6626,17.490234,-0.350366,0.000000,0
257.6778,17.402344,-0.351917,-0.087891,0
257.6931,17.314453,-0.353467,-0.087891,0
257.7087,17.226562,-0.355017,-0.087891,0
257.7242,17.138672,-0.356567,-0.087891,0
257.7394,17.138672,-0.356567,0.000000,0
257.7546,17.050781,-0.358118,-0.087891,0
257.7698,16.962891,-0.359668,-0.087891,0
257.7850,16.875000,-0.361218,-0.087891,0
257.8002,16.875000,-0.361218,0.000000,0
257.8155,16.699219,-0.364319,-0.175781,0
257.8307,16.699219,-0.364319,0.000000,0
257.8460,16.611328,-0.365869,-0.087891,0
257.8612,16.523438,-0.367419,-0.087891,0
257.8764,16.435547,-0.368970,-0.087891,0
257.8917,16.347656,-0.370520,-0.087891,0
257.9069,16.347656,-0.370520,0.000000,0
257.9221,16.259766,-0.372070,-0.087891,0
257.9373,16.259766,-0.372070,0.000000,0
257.9526,16.083984,-0.375171,-0.175781,0
257.9689,16.083984,-0.375171,0.000000,0
257.9841,15.908203,-0.378271,-0.175781,0
257.9993,15.908203,-0.378271,0.000000,0
258.0151,15.820312,-0.379822,-0.087891,0
258.0304,15.732422,-0.381372,-0.087891,0
258.0456,15.644531,-0.382922,-0.087891,0
258.0615,15.556641,-0.384473,-0.087891,0
258.0767,15.468750,-0.386023,-0.087891,0
258.0919,15.380859,-0.387573,-0.087891,0
258.1072,15.292969,-0.389124,-0.087891,0
258.1225,15.205078,-0.390674,-0.087891,0
258.1377,15.117188,-0.392224,-0.087891,0
258.1529,15.029297,-0.393774,-0.087891,0
258.1682,15.029297,-0.393774,0.000000,0
258.1835,14.853516,-0.396875,-0.175781,0
258.1987,14.853516,-0.396875,0.000000,0
258.2139,14.677734,-0.399976,-0.175781,0
258.2291,14.677734,-0.399976,0.000000,0
258.2443,14.589844,-0.401526,-0.087891,0
258.2601,14.589844,-0.401526,0.000000,0
258.2762,14.501953,-0.403076,-0.087891,0
258.2921,14.414062,-0.404626,-0.087891,0
258.3073,14.326172,-0.406177,-0.087891,0
258.3244,14.326172,-0.406177,0.000000,0
258.3397,14.150391,-0.409277,-0.175781,0
258.3550,14.150391,-0.409277,0.000000,0
258.3703,14.062500,-0.410828,-0.087891,0
258.3855,13.974609,-0.412378,-0.087891,0
258.4008,13.974609,-0.412378,0.000000,0
258.4161,13.886719,-0.413928,-0.087891,0
258.4313,13.798828,-0.415479,-0.087891,0
258.4466,13.710938,-0.417029,-0.087891,0
258.4619,13.623047,-0.418579,-0.087891,0
258.4771,13.623047,-0.418579,0.000000,0
258.4923,13.535156,-0.420129,-0.087891,0
258.5076,13.447266,-0.421680,-0.087891,0
258.5229,13.359375,-0.423230,-0.087891,0
258.5381,13.359375,-0.423230,0.000000,0
258.5533,13.271484,-0.424780,-0.087891,0
258.5685,13.183594,-0.426331,-0.087891,0
258.5837,13.095703,-0.427881,-0.087891,0
258.5991,13.007812,-0.429431,-0.087891,0
258.6143,12.919922,-0.430981,-0.087891,0
258.6299,12.919922,-0.430981,0.000000,0
258.6451,12.832031,-0.432532,-0.087891,0
258.6603,12.744141,-0.434082,-0.087891,0
258.6762,12.656250,-0.435632,-0.087891,0
258.6919,12.568359,-0.437183,-0.087891,0
258.7076,12.568359,-0.437183,0.000000,0
258.7231,12.568359,-0.437183,0.000000,0
258.7383,12.392578,-0.440283,-0.175781,0
258.7535,12.304688,-0.441833,-0.087891,0
258.7687,12.304688,-0.441833,0.000000,0
258.7840,12.216797,-0.443384,-0.087891,0
258.7992,12.128906,-0.444934,-0.087891,0
258.8144,11.953125,-0.448035,-0.175781,0
258.8301,11.953125,-0.448035,0.000000,0
258.8453,11.865234,-0.449585,-0.087891,0
258.8605,11.777344,-0.451135,-0.087891,0
258.8757,11.689453,-0.452686,-0.087891,0
258.8909,11.601562,-0.454236,-0.087891,0
258.9062,11.513672,-0.455786,-0.087891,0
258.9214,11.425781,-0.457336,-0.087891,0
258.9366,11.337891,-0.458887,-0.087891,0
258.9518,11.337891,-0.458887,0.000000,0
258.9670,11.250000,-0.460437,-0.087891,0
258.9823,11.074219,-0.463538,-0.175781,0
258.9975,11.074219,-0.463538,0.000000,0
259.0127,10.898438,-0.466638,-0.175781,0
259.0284,10.898438,-0.466638,0.000000,0
259.0438,10.810547,-0.468188,-0.087891,0
259.0590,10.810547,-0.468188,0.000000,0
259.0743,10.634766,-0.471289,-0.175781,0
259.0895,10.634766,-0.471289,0.000000,0
259.1047,10.546875,-0.472839,-0.087891,0
259.1199,10.546875,-0.472839,0.000000,0
259.1355,10.458984,-0.474390,-0.087891,0
259.1508,10.371094,-0.475940,-0.087891,0
259.1660,10.371094,-0.475940,0.000000,0
259.1812,10.283203,-0.477490,-0.087891,0
259.1964,10.195312,-0.479041,-0.087891,0
259.2116,10.107422,-0.480591,-0.087891,0
259.2269,10.107422,-0.480591,0.000000,0
259.2421,10.019531,-0.482141,-0.087891,0
259.2573,9.931641,-0.483691,-0.087891,0
259.2726,9.843750,-0.485242,-0.087891,0
259.2879,9.755859,-0.486792,-0.087891,0
259.3031,9.667969,-0.488342,-0.087891,0
259.3183,9.667969,-0.488342,0.000000,0
259.3336,9.580078,-0.489893,-0.087891,0
259.3489,9.492188,-0.491443,-0.087891,0
259.3641,9.492188,-0.491443,0.000000,0
259.3793,9.316406,-0.494543,-0.175781,0
259.3946,9.316406,-0.494543,0.000000,0
259.4098,9.228516,-0.496094,-0.087891,0
259.4250,9.140625,-0.497644,-0.087891,0
259.4403,9.052734,-0.499194,-0.087891,0
259.4555,8.964844,-0.500745,-0.087891,0
259.4707,8.964844,-0.500745,0.000000,0
259.4859,8.876953,-0.502295,-0.087891,0
259.5011,8.789062,-0.503845,-0.087891,0
259.5163,8.701172,-0.505396,-0.087891,0
259.5316,8.701172,-0.505396,0.000000,0
259.5468,8.525391,-0.508496,-0.175781,0
259.5620,8.525391,-0.508496,0.000000,0
259.5773,8.349609,-0.511597,-0.175781,0
259.5926,8.261719,-0.513147,-0.087891,0
259.6078,8.261719,-0.513147,0.000000,0
259.6230,8.173828,-0.514697,-0.087891,0
259.6384,8.173828,-0.514697,0.000000,0
259.6537,8.085938,-0.516248,-0.087891,0
259.6689,7.998047,-0.517798,-0.087891,0
259.6841,7.822266,-0.520898,-0.175781,0
259.6998,7.822266,-0.520898,0.000000,0
259.7150,7.646484,-0.523999,-0.175781,0
259.7302,7.646484,-0.523999,0.000000,0
259.7462,7.558594,-0.525549,-0.087891,0
259.7614,7.470703,-0.527100,-0.087891,0
259.7766,7.382812,-0.528650,-0.087891,0
259.7925,7.294922,-0.530200,-0.087891,0
259.8077,7.207031,-0.531750,-0.087891,0
259.8230,7.119141,-0.533301,-0.087891,0
259.8382,7.031250,-0.534851,-0.087891,0
259.8535,7.031250,-0.534851,0.000000,0
259.8687,7.031250,-0.534851,0.000000,0
259.8840,6.943359,-0.536401,-0.087891,0
259.8992,6.855469,-0.537952,-0.087891,0
259.9145,6.767578,-0.539502,-0.087891,0
259.9297,6.767578,-0.539502,0.000000,0
259.9458,6.679688,-0.541052,-0.087891,0
259.9611,6.591797,-0.542603,-0.087891,0
259.9764,6.503906,-0.544153,-0.087891,0
259.9917,6.503906,-0.544153,0.000000,0
260.0070,6.416016,-0.545703,-0.087891,0
260.0222,6.328125,-0.547253,-0.087891,0
260.0375,6.240234,-0.548804,-0.087891,0
260.0527,6.240234,-0.548804,0.000000,0
260.0679,6.152344,-0.550354,-0.087891,0
260.0831,6.064453,-0.551904,-0.087891,0
260.0987,5.976562,-0.553455,-0.087891,0
260.1139,5.888672,-0.555005,-0.087891,0
260.1291,5.800781,-0.556555,-0.087891,0
260.1444,5.712891,-0.558105,-0.087891,0
260.1596,5.712891,-0.558105,0.000000,0
260.1748,5.625000,-0.559656,-0.087891,0
260.1900,5.537109,-0.561206,-0.087891,0
260.2052,5.449219,-0.562756,-0.087891,0
260.2204,5.361328,-0.564307,-0.087891,0
260.2357,5.361328,-0.564307,0.000000,0
260.2509,5.273438,-0.565857,-0.087891,0
260.2661,5.185547,-0.567407,-0.087891,0
260.2813,5.097656,-0.568958,-0.087891,0
260.2966,5.097656,-0.568958,0.000000,0
260.3119,4.921875,-0.572058,-0.175781,0
260.3272,4.921875,-0.572058,0.000000,0
260.3424,4.746094,-0.575159,-0.175781,0
260.3576,4.746094,-0.575159,0.000000,0
260.3729,4.658203,-0.576709,-0.087891,0
260.3881,4.570312,-0.578259,-0.087891,0
260.4040,4.482422,-0.579810,-0.087891,0
260.4192,4.394531,-0.581360,-0.087891,0
260.4346,4.394531,-0.581360,0.000000,0
260.4501,4.218750,-0.584460,-0.175781,0
260.4653,4.218750,-0.584460,0.000000,0
260.4805,4.042969,-0.587561,-0.175781,0
260.4958,4.042969,-0.587561,0.000000,0
260.5110,3.955078,-0.589111,-0.087891,0
260.5262,3.867188,-0.590662,-0.087891,0
260.5415,3.779297,-0.592212,-0.087891,0
260.5567,3.691406,-0.593762,-0.087891,0
260.5719,3.603516,-0.595312,-0.087891,0
260.5871,3.515625,-0.596863,-0.087891,0
260.6023,3.515625,-0.596863,0.000000,0
260.6175,3.427734,-0.598413,-0.087891,0
260.6328,3.339844,-0.599963,-0.087891,0
260.6480,3.339844,-0.599963,0.000000,0
260.6633,3.251953,-0.601514,-0.087891,0
260.6787,3.164062,-0.603064,-0.087891,0
260.6939,3.164062,-0.603064,0.000000,0
260.7091,3.076172,-0.604614,-0.087891,0
260.7243,2.988281,-0.606165,-0.087891,0
260.7395,2.900391,-0.607715,-0.087891,0
260.7550,2.900391,-0.607715,0.000000,0
260.7702,2.812500,-0.609265,-0.087891,0
260.7854,2.724609,-0.610815,-0.087891,0
260.8006,2.636719,-0.612366,-0.087891,0
260.8159,2.548828,-0.613916,-0.087891,0
260.8311,2.548828,-0.613916,0.000000,0
260.8464,2.460938,-0.615466,-0.087891,0
260.8617,2.373047,-0.617017,-0.087891,0
260.8769,2.285156,-0.618567,-0.087891,0
260.8921,2.197266,-0.620117,-0.087891,0
260.9074,2.109375,-0.621667,-0.087891,0
260.9227,2.109375,-0.621667,0.000000,0
260.9379,2.109375,-0.621667,0.000000,0
260.9535,1.933594,-0.624768,-0.175781,0
260.9688,1.933594,-0.624768,0.000000,0
260.9840,1.845703,-0.626318,-0.087891,0
260.9993,1.757812,-0.627869,-0.087891,0
261.0145,1.669922,-0.629419,-0.087891,0
261.0297,1.669922,-0.629419,0.000000,0
261.0450,1.494141,-0.632520,-0.175781,0
261.0602,1.494141,-0.632520,0.000000,0
261.0754,1.406250,-0.634070,-0.087891,0
261.0907,1.318359,-0.635620,-0.087891,0
261.1063,1.230469,-0.637170,-0.087891,0
261.1218,1.142578,-0.638721,-0.087891,0
261.1372,1.142578,-0.638721,0.000000,0
261.1526,0.966797,-0.641821,-0.175781,0
261.1678,0.966797,-0.641821,0.000000,0
261.1831,0.791016,-0.644922,-0.175781,0
261.1983,0.791016,-0.644922,0.000000,0
261.2135,0.703125,-0.646472,-0.087891,0
261.2287,0.615234,-0.648022,-0.087891,0
261.2447,0.527344,-0.649573,-0.087891,0
261.2603,0.439453,-0.651123,-0.087891,0
261.2757,0.351562,-0.652673,-0.087891,0
261.2909,0.263672,-0.654224,-0.087891,0
261.3061,0.175781,-0.655774,-0.087891,0
261.3219,0.087891,-0.657324,-0.087891,0
261.3371,0.000000,-0.658875,-0.087891,0
261.3524,0.000000,-0.658875,0.000000,0
261.3677,0.000000,-0.658875,0.000000,0
261.3829,0.000000,-0.658875,0.000000,0
261.3982,0.000000,-0.658875,0.000000,0
261.4134,0.000000,-0.658875,0.000000,0
261.4286,0.000000,-0.658875,0.000000,0
261.4438,0.000000,-0.658875,0.000000,0
261.4591,0.000000,-0.658875,0.000000,0
261.4750,0.000000,-0.658875,0.000000,0
261.4903,0.000000,-0.658875,0.000000,0
261.5055,0.000000,-0.658875,0.000000,0
261.5207,0.000000,-0.658875,0.000000,0
261.5359,-0.966797,-0.675928,-0.966797,0
261.5511,-0.966797,-0.675928,0.000000,0
261.5664,-1.054688,-0.677478,-0.087891,0
261.5816,-1.142578,-0.679028,-0.087891,0
261.5968,-1.142578,-0.679028,0.000000,0
261.6121,-1.230469,-0.680579,-0.087891,0
261.6274,-1.318359,-0.682129,-0.087891,0
261.6427,-1.406250,-0.683679,-0.087891,0
261.6579,-1.494141,-0.685229,-0.087891,0
261.6731,-1.582031,-0.686780,-0.087891,0
261.6883,-1.582031,-0.686780,0.000000,0
261.7036,-1.757812,-0.689880,-0.175781,0
261.7188,-1.757812,-0.689880,0.000000,0
261.7340,-1.845703,-0.691431,-0.087891,0
261.7492,-1.933594,-0.692981,-0.087891,0
261.7648,-1.933594,-0.692981,0.000000,0
261.7800,-2.021484,-0.694531,-0.087891,0
261.7953,-2.109375,-0.696082,-0.087891,0
261.8105,-2.197266,-0.697632,-0.087891,0
261.8257,-2.197266,-0.697632,0.000000,0
261.8409,-2.373047,-0.700732,-0.175781,0
261.8561,-2.373047,-0.700732,0.000000,0
261.8714,-2.460938,-0.702283,-0.087891,0
261.8867,-2.548828,-0.703833,-0.087891,0
261.9019,-2.548828,-0.703833,0.000000,0
261.9171,-2.724609,-0.706934,-0.175781,0
261.9323,-2.812500,-0.708484,-0.087891,0
261.9476,-2.900391,-0.710034,-0.087891,0
261.9629,-2.900391,-0.710034,0.000000,0
261.9782,-2.988281,-0.711584,-0.087891,0
261.9935,-3.076172,-0.713135,-0.087891,0
262.0087,-3.164062,-0.714685,-0.087891,0
262.0239,-3.251953,-0.716235,-0.087891,0
262.0391,-3.339844,-0.717786,-0.087891,0
262.0543,-3.427734,-0.719336,-0.087891,0
262.0697,-3.427734,-0.719336,0.000000,0
262.0850,-3.603516,-0.722437,-0.175781,0
262.1002,-3.603516,-0.722437,0.000000,0
262.1154,-3.691406,-0.723987,-0.087891,0
262.1306,-3.779297,-0.725537,-0.087891,0
262.1458,-3.779297,-0.725537,0.000000,0
262.1610,-3.779297,-0.725537,0.000000,0
262.1763,-3.867188,-0.727087,-0.087891,0
262.1915,-3.955078,-0.728638,-0.087891,0
262.2067,-4.042969,-0.730188,-0.087891,0
262.2220,-4.130859,-0.731738,-0.087891,0
262.2372,-4.218750,-0.733289,-0.087891,0
262.2524,-4.218750,-0.733289,0.000000,0
262.2677,-4.306641,-0.734839,-0.087891,0
262.2829,-4.394531,-0.736389,-0.087891,0
262.2981,-4.394531,-0.736389,0.000000,0
262.3133,-4.570312,-0.739490,-0.175781,0
262.3285,-4.570312,-0.739490,0.000000,0
262.3438,-4.658203,-0.741040,-0.087891,0
262.3590,-4.746094,-0.742590,-0.087891,0
262.3742,-4.833984,-0.744141,-0.087891,0
262.3894,-4.921875,-0.745691,-0.087891,0
262.4046,-4.921875,-0.745691,0.000000,0
262.4199,-5.009766,-0.747241,-0.087891,0
262.4353,-5.009766,-0.747241,0.000000,0
262.4506,-5.097656,-0.748792,-0.087891,0
262.4659,-5.185547,-0.750342,-0.087891,0
262.4811,-5.273438,-0.751892,-0.087891,0
262.4963,-5.361328,-0.753442,-0.087891,0
262.5117,-5.449219,-0.754993,-0.087891,0
262.5269,-5.449219,-0.754993,0.000000,0
262.5422,-5.537109,-0.756543,-0.087891,0
262.5574,-5.537109,-0.756543,0.000000,0
262.5726,-5.625000,-0.758093,-0.087891,0
262.5878,-5.800781,-0.761194,-0.175781,0
262.6031,-5.800781,-0.761194,0.000000,0
262.6183,-5.888672,-0.762744,-0.087891,0
262.6335,-5.976562,-0.764294,-0.087891,0
262.6487,-6.064453,-0.765845,-0.087891,0
262.6639,-6.152344,-0.767395,-0.087891,0
262.6793,-6.240234,-0.768945,-0.087891,0
262.6945,-6.240234,-0.768945,0.000000,0
262.7098,-6.328125,-0.770496,-0.087891,0
262.7252,-6.416016,-0.772046,-0.087891,0
262.7404,-6.503906,-0.773596,-0.087891,0
262.7556,-6.591797,-0.775146,-0.087891,0
262.7713,-6.679688,-0.776697,-0.087891,0
262.7865,-6.767578,-0.778247,-0.087891,0
262.8019,-6.855469,-0.779797,-0.087891,0
262.8171,-6.943359,-0.781348,-0.087891,0
262.8323,-7.031250,-0.782898,-0.087891,0
262.8475,-7.119141,-0.784448,-0.087891,0
262.8627,-7.119141,-0.784448,0.000000,0
262.8780,-7.207031,-0.785999,-0.087891,0
262.8932,-7.294922,-0.787549,-0.087891,0
262.9085,-7.294922,-0.787549,0.000000,0
262.9237,-7.382812,-0.789099,-0.087891,0
262.9389,-7.470703,-0.790649,-0.087891,0
262.9541,-7.470703,-0.790649,0.000000,0
262.9693,-7.558594,-0.792200,-0.087891,0
262.9845,-7.646484,-0.793750,-0.087891,0
262.9998,-7.734375,-0.795300,-0.087891,0
263.0153,-7.734375,-0.795300,0.000000,0
263.0305,-7.822266,-0.796851,-0.087891,0
263.0457,-7.910156,-0.798401,-0.087891,0
263.0609,-7.998047,-0.799951,-0.087891,0
263.0761,-7.998047,-0.801501,0.000000,0
263.0914,-8.085938,-0.801501,-0.087891,0
263.1066,-8.173828,-0.803052,-0.087891,0
263.1218,-8.261719,-0.804602,-0.087891,0
263.1370,-8.349609,-0.806152,-0.087891,0
263.1522,-8.437500,-0.807703,-0.087891,0
263.1674,-8.437500,-0.807703,0.000000,0
263.1827,-8.613281,-0.810803,-0.175781,0
263.1979,-8.613281,-0.810803,0.000000,0
263.2131,-8.701172,-0.812354,-0.087891,0
263.2283,-8.701172,-0.812354,0.000000,0
263.2436,-8.789062,-0.813904,-0.087891,0
263.2588,-8.876953,-0.815454,-0.087891,0
263.2763,-9.052734,-0.818555,-0.175781,0
263.2915,-9.052734,-0.818555,0.000000,0
263.3068,-9.140625,-0.820105,-0.087891,0
263.3220,-9.228516,-0.821655,-0.087891,0
263.3378,-9.228516,-0.821655,0.000000,0
263.3534,-9.316406,-0.823206,-0.087891,0
263.3686,-9.404297,-0.824756,-0.087891,0
263.3839,-9.492188,-0.826306,-0.087891,0
263.3993,-9.580078,-0.827856,-0.087891,0
263.4145,-9.667969,-0.829407,-0.087891,0
263.4297,-9.755859,-0.830957,-0.087891,0
263.4449,-9.843750,-0.832507,-0.087891,0
263.4601,-9.843750,-0.832507,0.000000,0
263.4754,-9.931641,-0.834058,-0.087891,0
263.4907,-10.019531,-0.835608,-0.087891,0
263.5059,-10.107422,-0.837158,-0.087891,0
263.5211,-10.195312,-0.838708,-0.087891,0
263.5363,-10.283203,-0.840259,-0.087891,0
263.5515,-10.371094,-0.841809,-0.087891,0
263.5668,-10.458984,-0.843359,-0.087891,0
263.5822,-10.546875,-0.844910,-0.087891,0
263.5975,-10.546875,-0.844910,0.000000,0
263.6127,-10.634766,-0.846460,-0.087891,0
263.6279,-10.722656,-0.848010,-0.087891,0
263.6433,-10.810547,-0.849561,-0.087891,0
263.6585,-10.898438,-0.851111,-0.087891,0
263.6737,-10.898438,-0.851111,0.000000,0
263.6890,-10.986328,-0.852661,-0.087891,0
263.7042,-10.986328,-0.852661,0.000000,0
263.7194,-11.074219,-0.854211,-0.087891,0
263.7346,-11.162109,-0.855762,-0.087891,0
263.7498,-11.250000,-0.857312,-0.087891,0
263.7651,-11.250000,-0.857312,0.000000,0
263.7803,-11.337891,-0.858862,-0.087891,0
263.7956,-11.425781,-0.860413,-0.087891,0
263.8109,-11.513672,-0.861963,-0.087891,0
263.8261,-11.601562,-0.863513,-0.087891,0
263.8414,-11.689453,-0.865063,-0.087891,0
263.8566,-11.689453,-0.865063,0.000000,0
263.8724,-11.777344,-0.866614,-0.087891,0
263.8877,-11.865234,-0.868164,-0.087891,0
263.9031,-11.865234,-0.868164,0.000000,0
263.9183,-11.953125,-0.869714,-0.087891,0
263.9335,-12.041016,-0.871265,-0.087891,0
263.9487,-12.128906,-0.872815,-0.087891,0
263.9639,-12.128906,-0.872815,0.000000,0
263.9791,-12.304688,-0.875916,-0.175781,0
263.9943,-12.304688,-0.875916,0.000000,0
264.0096,-12.392578,-0.877466,-0.087891,0
264.0248,-12.480469,-0.879016,-0.087891,0
264.0400,-12.480469,-0.879016,0.000000,0
264.0553,-12.568359,-0.880566,-0.087891,0
264.0705,-12.656250,-0.882117,-0.087891,0
264.0857,-12.744141,-0.883667,-0.087891,0
264.1009,-12.744141,-0.883667,0.000000,0
264.1162,-12.919922,-0.886768,-0.175781,0
264.1314,-12.919922,-0.886768,0.000000,0
264.1466,-13.007812,-0.888318,-0.087891,0
264.1619,-13.095703,-0.889868,-0.087891,0
264.1771,-13.183594,-0.891418,-0.087891,0
264.1923,-13.271484,-0.892969,-0.087891,0
264.2075,-13.359375,-0.894519,-0.087891,0
264.2227,-13.447266,-0.896069,-0.087891,0
264.2380,-13.535156,-0.897620,-0.087891,0
264.2532,-13.623047,-0.899170,-0.087891,0
264.2684,-13.623047,-0.899170,0.000000,0
264.2838,-13.798828,-0.902271,-0.175781,0
264.2991,-13.798828,-0.902271,0.000000,0
264.3143,-13.974609,-0.905371,-0.175781,0
264.3296,-13.974609,-0.905371,0.000000,0
264.3448,-14.062500,-0.906921,-0.087891,0
264.3600,-14.150391,-0.908472,-0.087891,0
264.3753,-14.238281,-0.910022,-0.087891,0
264.3914,-14.326172,-0.911572,-0.087891,0
264.4067,-14.414062,-0.913123,-0.087891,0
264.4219,-14.414062,-0.913123,0.000000,0
264.4371,-14.414062,-0.913123,0.000000,0
264.4523,-14.589844,-0.916223,-0.175781,0
264.4676,-14.589844,-0.916223,0.000000,0
264.4828,-14.677734,-0.917773,-0.087891,0
264.4981,-14.765625,-0.919324,-0.087891,0
264.5133,-14.853516,-0.920874,-0.087891,0
264.5287,-14.853516,-0.920874,0.000000,0
264.5440,-14.941406,-0.922424,-0.087891,0
264.5592,-15.029297,-0.923975,-0.087891,0
264.5745,-15.029297,-0.923975,0.000000,0
264.5897,-15.117188,-0.925525,-0.087891,0
264.6050,-15.205078,-0.927075,-0.087891,0
264.6204,-15.292969,-0.928625,-0.087891,0
264.6356,-15.292969,-0.928625,0.000000,0
264.6509,-15.380859,-0.930176,-0.087891,0
264.6661,-15.468750,-0.931726,-0.087891,0
264.6813,-15.556641,-0.933276,-0.087891,0
264.6966,-15.644531,-0.934827,-0.087891,0
264.7119,-15.732422,-0.936377,-0.087891,0
264.7275,-15.732422,-0.936377,0.000000,0
264.7427,-15.820312,-0.937927,-0.087891,0
264.7579,-15.908203,-0.939478,-0.087891,0
264.7731,-15.996094,-0.941028,-0.087891,0
264.7883,-16.083984,-0.942578,-0.087891,0
264.8037,-16.083984,-0.942578,0.000000,0
264.8189,-16.171875,-0.944128,-0.087891,0
264.8341,-16.259766,-0.945679,-0.087891,0
264.8493,-16.347656,-0.947229,-0.087891,0
264.8646,-16.347656,-0.947229,0.000000,0
264.8798,-16.523438,-0.950330,-0.175781,0
264.8951,-16.523438,-0.950330,0.000000,0
264.9103,-16.699219,-0.953430,-0.175781,0
264.9255,-16.699219,-0.953430,0.000000,0
264.9408,-16.787109,-0.954980,-0.087891,0
264.9564,-16.875000,-0.956531,-0.087891,0
264.9717,-16.962891,-0.958081,-0.087891,0
264.9869,-17.050781,-0.959631,-0.087891,0
265.0021,-17.138672,-0.961182,-0.087891,0
265.0173,-17.226562,-0.962732,-0.087891,0
265.0326,-17.314453,-0.964282,-0.087891,0
265.0479,-17.402344,-0.965833,-0.087891,0
265.0631,-17.402344,-0.965833,0.000000,0
265.0783,-17.578125,-0.968933,-0.175781,0
265.0935,-17.578125,-0.968933,0.000000,0
265.1087,-17.666016,-0.970483,-0.087891,0
265.1240,-17.666016,-0.970483,0.000000,0
265.1392,-17.753906,-0.972034,-0.087891,0
265.1544,-17.841797,-0.973584,-0.087891,0
265.1696,-17.841797,-0.973584,0.000000,0
265.1849,-18.017578,-0.976685,-0.175781,0
265.2002,-18.017578,-0.976685,0.000000,0
265.2155,-18.105469,-0.978235,-0.087891,0
265.2307,-18.105469,-0.978235,0.000000,0
265.2459,-18.193359,-0.979785,-0.087891,0
265.2614,-18.281250,-0.981335,-0.087891,0
265.2767,-18.369141,-0.982886,-0.087891,0
265.2919,-18.457031,-0.984436,-0.087891,0
265.3073,-18.457031,-0.984436,0.000000,0
265.3229,-18.544922,-0.985986,-0.087891,0
265.3381,-18.544922,-0.985986,0.000000,0
265.3533,-18.720703,-0.989087,-0.175781,0
265.3685,-18.720703,-0.989087,0.000000,0
265.3840,-18.808594,-0.990637,-0.087891,0
265.3993,-18.896484,-0.992188,-0.087891,0
265.4145,-18.984375,-0.993738,-0.087891,0
265.4298,-19.072266,-0.995288,-0.087891,0
265.4450,-19.160156,-0.996838,-0.087891,0
265.4603,-19.160156,-0.996838,0.000000,0
265.4755,-19.160156,-0.996838,0.000000,0
265.4907,-19.335938,-0.999939,-0.175781,0
265.5059,-19.423828,-1.001489,-0.087891,0
265.5211,-19.423828,-1.001489,0.000000,0
265.5364,-19.511719,-1.003040,-0.087891,0
265.5516,-19.599609,-1.004590,-0.087891,0
265.5668,-19.687500,-1.006140,-0.087891,0
265.5820,-19.775391,-1.007690,-0.087891,0
265.5972,-19.863281,-1.009241,-0.087891,0
265.6125,-19.951172,-1.010791,-0.087891,0
265.6277,-20.039062,-1.012341,-0.087891,0
265.6430,-20.039062,-1.012341,0.000000,0
265.6582,-20.126953,-1.013892,-0.087891,0
265.6734,-20.214844,-1.015442,-0.087891,0
265.6886,-20.302734,-1.016992,-0.087891,0
265.7039,-20.390625,-1.018542,-0.087891,0
265.7191,-20.478516,-1.020093,-0.087891,0
265.7344,-20.566406,-1.021643,-0.087891,0
265.7496,-20.654297,-1.023193,-0.087891,0
265.7662,-20.742188,-1.024744,-0.087891,0
265.7815,-20.830078,-1.026294,-0.087891,0
265.7967,-20.917969,-1.027844,-0.087891,0
265.8119,-21.005859,-1.029395,-0.087891,0
265.8271,-21.005859,-1.029395,0.000000,0
265.8424,-21.005859,-1.029395,0.000000,0
265.8577,-21.181641,-1.032495,-0.175781,0
265.8729,-21.181641,-1.032495,0.000000,0
265.8881,-21.269531,-1.034045,-0.087891,0
265.9034,-21.269531,-1.034045,0.000000,0
265.9186,-21.445312,-1.037146,-0.175781,0
265.9338,-21.445312,-1.037146,0.000000,0
265.9491,-21.533203,-1.038696,-0.087891,0
265.9644,-21.621094,-1.040247,-0.087891,0
265.9796,-21.708984,-1.041797,-0.087891,0
265.9948,-21.796875,-1.043347,-0.087891,0
266.0104,-21.796875,-1.043347,0.000000,0
266.0256,-21.884766,-1.044897,-0.087891,0
266.0409,-21.884766,-1.044897,0.000000,0
266.0561,-21.972656,-1.046448,-0.087891,0
266.0713,-22.060547,-1.047998,-0.087891,0
266.0866,-22.148438,-1.049548,-0.087891,0
266.1020,-22.148438,-1.049548,0.000000,0
266.1174,-22.324219,-1.052649,-0.175781,0
266.1326,-22.324219,-1.052649,0.000000,0
266.1478,-22.412109,-1.054199,-0.087891,0
266.1630,-22.500000,-1.055750,-0.087891,0
266.1782,-22.500000,-1.055750,0.000000,0
266.1934,-22.587891,-1.057300,-0.087891,0
266.2086,-22.675781,-1.058850,-0.087891,0
266.2239,-22.763672,-1.060400,-0.087891,0
266.2391,-22.851562,-1.061951,-0.087891,0
266.2544,-22.939453,-1.063501,-0.087891,0
266.2696,-22.939453,-1.063501,0.000000,0
266.2848,-23.027344,-1.065051,-0.087891,0
266.3000,-23.115234,-1.066602,-0.087891,0
266.3153,-23.203125,-1.068152,-0.087891,0
266.3305,-23.291016,-1.069702,-0.087891,0
266.3457,-23.291016,-1.069702,0.000000,0
266.3610,-23.466797,-1.072803,-0.175781,0
266.3761,-23.466797,-1.072803,0.000000,0
266.3914,-23.554688,-1.074353,-0.087891,0
266.4066,-23.642578,-1.075903,-0.087891,0
266.4218,-23.730469,-1.077454,-0.087891,0
266.4371,-23.818359,-1.079004,-0.087891,0
266.4522,-23.994141,-1.082104,-0.175781,0
266.4675,-23.994141,-1.082104,0.000000,0
266.4827,-24.169922,-1.085205,-0.175781,0
266.4979,-24.169922,-1.085205,0.000000,0
266.5131,-24.257812,-1.086755,-0.087891,0
266.5283,-24.345703,-1.088306,-0.087891,0
266.5436,-24.345703,-1.088306,0.000000,0
266.5588,-24.433594,-1.089856,-0.087891,0
266.5740,-24.521484,-1.091406,-0.087891,0
266.5892,-24.609375,-1.092957,-0.087891,0
266.6045,-24.609375,-1.092957,0.000000,0
266.6197,-24.697266,-1.094507,-0.087891,0
266.6349,-24.785156,-1.096057,-0.087891,0
266.6501,-24.873047,-1.097607,-0.087891,0
266.6661,-24.873047,-1.097607,0.000000,0
266.6813,-24.960938,-1.099158,-0.087891,0
266.6966,-25.048828,-1.100708,-0.087891,0
266.7120,-25.048828,-1.100708,0.000000,0
266.7274,-25.224609,-1.103809,-0.175781,0
266.7426,-25.224609,-1.103809,0.000000,0
266.7579,-25.312500,-1.105359,-0.087891,0
266.7737,-25.400391,-1.106909,-0.087891,0
266.7889,-25.488281,-1.108459,-0.087891,0
266.8042,-25.488281,-1.108459,0.000000,0
266.8203,-25.576172,-1.110010,-0.087891,0
266.8360,-25.664062,-1.111560,-0.087891,0
266.8513,-25.751953,-1.113110,-0.087891,0
266.8665,-25.839844,-1.114661,-0.087891,0
266.8817,-25.927734,-1.116211,-0.087891,0
266.8969,-25.927734,-1.116211,0.000000,0
266.9121,-26.015625,-1.117761,-0.087891,0
266.9274,-26.103516,-1.119312,-0.087891,0
266.9426,-26.103516,-1.119312,0.000000,0
266.9579,-26.191406,-1.120862,-0.087891,0
266.9731,-26.279297,-1.122412,-0.087891,0
266.9883,-26.367188,-1.123962,-0.087891,0
267.0035,-26.455078,-1.125513,-0.087891,0
267.0187,-26.542969,-1.127063,-0.087891,0
267.0339,-26.542969,-1.127063,0.000000,0
267.0499,-26.630859,-1.128613,-0.087891,0
267.0652,-26.718750,-1.130164,-0.087891,0
267.0804,-26.806641,-1.131714,-0.087891,0
267.0956,-26.894531,-1.133264,-0.087891,0
267.1108,-26.894531,-1.133264,0.000000,0
267.1261,-27.070312,-1.136365,-0.175781,0
267.1413,-27.070312,-1.136365,0.000000,0
267.1572,-27.246094,-1.139465,-0.175781,0
267.1724,-27.246094,-1.139465,0.000000,0
267.1876,-27.421875,-1.142566,-0.175781,0
267.2028,-27.509766,-1.144116,-0.087891,0
267.2181,-27.597656,-1.145667,-0.087891,0
267.2333,-27.685547,-1.147217,-0.087891,0
267.2485,-27.773438,-1.148767,-0.087891,0
267.2640,-27.773438,-1.148767,0.000000,0
267.2808,-27.861328,-1.150317,-0.087891,0
267.2960,-27.861328,-1.150317,0.000000,0
267.3113,-27.949219,-1.151868,-0.087891,0
267.3265,-28.037109,-1.153418,-0.087891,0
267.3417,-28.125000,-1.154968,-0.087891,0
267.3569,-28.125000,-1.154968,0.000000,0
267.3721,-28.212891,-1.156519,-0.087891,0
267.3874,-28.300781,-1.158069,-0.087891,0
267.4026,-28.388672,-1.159619,-0.087891,0
267.4178,-28.476562,-1.161169,-0.087891,0
267.4330,-28.476562,-1.161169,0.000000,0
267.4482,-28.564453,-1.162720,-0.087891,0
267.4634,-28.652344,-1.164270,-0.087891,0
267.4787,-28.740234,-1.165820,-0.087891,0
267.4939,-28.740234,-1.165820,0.000000,0
267.5092,-28.828125,-1.167371,-0.087891,0
267.5244,-28.916016,-1.168921,-0.087891,0
267.5396,-29.003906,-1.170471,-0.087891,0
267.5548,-29.091797,-1.172021,-0.087891,0
267.5700,-29.179688,-1.173572,-0.087891,0
267.5854,-29.179688,-1.173572,0.000000,0
267.6007,-29.267578,-1.175122,-0.087891,0
267.6159,-29.355469,-1.176672,-0.087891,0
267.6313,-29.443359,-1.178223,-0.087891,0
267.6466,-29.531250,-1.179773,-0.087891,0
267.6618,-29.531250,-1.179773,0.000000,0
267.6770,-29.707031,-1.182874,-0.175781,0
267.6922,-29.707031,-1.182874,0.000000,0
267.7078,-29.707031,-1.182874,0.000000,0
267.7230,-29.794922,-1.184424,-0.087891,0
267.7383,-29.882812,-1.185974,-0.087891,0
267.7535,-29.970703,-1.187524,-0.087891,0
267.7687,-30.058594,-1.189075,-0.087891,0
267.7839,-30.146484,-1.190625,-0.087891,0
267.7991,-30.234375,-1.192175,-0.087891,0
267.8143,-30.322266,-1.193726,-0.087891,0
267.8295,-30.410156,-1.195276,-0.087891,0
267.8448,-30.585938,-1.198376,-0.175781,0
267.8607,-30.585938,-1.198376,0.000000,0
267.8759,-30.673828,-1.199927,-0.087891,0
267.8913,-30.761719,-1.201477,-0.087891,0
267.9065,-30.761719,-1.201477,0.000000,0
267.9217,-30.937500,-1.204578,-0.175781,0
267.9369,-30.937500,-1.204578,0.000000,0
267.9521,-31.025391,-1.206128,-0.087891,0
267.9674,-31.113281,-1.207678,-0.087891,0
267.9826,-31.201172,-1.209229,-0.087891,0
267.9978,-31.201172,-1.209229,0.000000,0
268.0134,-31.289062,-1.210779,-0.087891,0
268.0286,-31.376953,-1.212329,-0.087891,0
268.0439,-31.464844,-1.213879,-0.087891,0
268.0591,-31.464844,-1.213879,0.000000,0
268.0743,-31.552734,-1.215430,-0.087891,0
268.0896,-31.640625,-1.216980,-0.087891,0
268.1048,-31.640625,-1.216980,0.000000,0
268.1200,-31.728516,-1.218530,-0.087891,0
268.1353,-31.816406,-1.220081,-0.087891,0
268.1506,-31.904297,-1.221631,-0.087891,0
268.1658,-31.992188,-1.223181,-0.087891,0
268.1810,-32.080078,-1.224731,-0.087891,0
268.1962,-32.080078,-1.224731,0.000000,0
268.2114,-32.167969,-1.226282,-0.087891,0
268.2266,-32.167969,-1.226282,0.000000,0
268.2419,-32.255859,-1.227832,-0.087891,0
268.2571,-32.343750,-1.229382,-0.087891,0
268.2733,-32.431641,-1.230933,-0.087891,0
268.2885,-32.519531,-1.232483,-0.087891,0
268.3037,-32.607422,-1.234033,-0.087891,0
268.3189,-32.607422,-1.234033,0.000000,0
268.3342,-32.695312,-1.235583,-0.087891,0
268.3494,-32.871094,-1.238684,-0.175781,0
268.3647,-32.871094,-1.238684,0.000000,0
268.3799,-32.958984,-1.240234,-0.087891,0
268.3952,-33.046875,-1.241785,-0.087891,0
268.4104,-33.046875,-1.241785,0.000000,0
268.4257,-33.134766,-1.243335,-0.087891,0
268.4411,-33.222656,-1.244885,-0.087891,0
268.4563,-33.310547,-1.246436,-0.087891,0
268.4715,-33.398438,-1.247986,-0.087891,0
268.4867,-33.486328,-1.249536,-0.087891,0
268.5020,-33.574219,-1.251086,-0.087891,0
268.5174,-33.662109,-1.252637,-0.087891,0
268.5326,-33.662109,-1.252637,0.000000,0
268.5478,-33.837891,-1.255737,-0.175781,0
268.5631,-33.837891,-1.255737,0.000000,0
268.5783,-34.013672,-1.258838,-0.175781,0
268.5941,-34.101562,-1.260388,-0.087891,0
268.6093,-34.101562,-1.260388,0.000000,0
268.6247,-34.189453,-1.261938,-0.087891,0
268.6399,-34.277344,-1.263489,-0.087891,0
268.6551,-34.365234,-1.265039,-0.087891,0
268.6704,-34.453125,-1.266589,-0.087891,0
268.6856,-34.541016,-1.268140,-0.087891,0
268.7012,-34.628906,-1.269690,-0.087891,0
268.7164,-34.628906,-1.269690,0.000000,0
268.7316,-34.716797,-1.271240,-0.087891,0
268.7469,-34.804688,-1.272791,-0.087891,0
268.7621,-34.804688,-1.272791,0.000000,0
268.7780,-34.892578,-1.274341,-0.087891,0
268.7933,-34.980469,-1.275891,-0.087891,0
268.8085,-34.980469,-1.275891,0.000000,0
268.8237,-35.068359,-1.277441,-0.087891,0
268.8390,-35.156250,-1.278992,-0.087891,0
268.8543,-35.244141,-1.280542,-0.087891,0
268.8695,-35.332031,-1.282092,-0.087891,0
268.8847,-35.419922,-1.283643,-0.087891,0
268.8999,-35.419922,-1.283643,0.000000,0
268.9151,-35.507812,-1.285193,-0.087891,0
268.9304,-35.595703,-1.286743,-0.087891,0
268.9456,-35.683594,-1.288293,-0.087891,0
268.9608,-35.771484,-1.289844,-0.087891,0
268.9760,-35.771484,-1.289844,0.000000,0
268.9913,-35.859375,-1.291394,-0.087891,0
269.0065,-35.947266,-1.292944,-0.087891,0
269.0217,-36.035156,-1.294495,-0.087891,0
269.0369,-36.035156,-1.294495,0.000000,0
269.0522,-36.210938,-1.297595,-0.175781,0
269.0674,-36.298828,-1.299146,-0.087891,0
269.0826,-36.298828,-1.299146,0.000000,0
269.0978,-36.386719,-1.300696,-0.087891,0
269.1131,-36.474609,-1.302246,-0.087891,0
269.1284,-36.562500,-1.303796,-0.087891,0
269.1436,-36.562500,-1.303796,0.000000,0
269.1589,-36.650391,-1.305347,-0.087891,0
269.1741,-36.738281,-1.306897,-0.087891,0
269.1893,-36.826172,-1.308447,-0.087891,0
269.2045,-36.914062,-1.309998,-0.087891,0
269.2197,-37.001953,-1.311548,-0.087891,0
269.2351,-37.001953,-1.311548,0.000000,0
269.2505,-37.177734,-1.314648,-0.175781,0
269.2658,-37.177734,-1.314648,0.000000,0
269.2810,-37.353516,-1.317749,-0.175781,0
269.2962,-37.353516,-1.317749,0.000000,0
269.3114,-37.441406,-1.319299,-0.087891,0
269.3268,-37.529297,-1.320850,-0.087891,0
269.3420,-37.617188,-1.322400,-0.087891,0
269.3572,-37.705078,-1.323950,-0.087891,0
269.3726,-37.792969,-1.325500,-0.087891,0
269.3878,-37.880859,-1.327051,-0.087891,0
269.4030,-37.880859,-1.327051,0.000000,0
269.4183,-38.056641,-1.330151,-0.175781,0
269.4335,-38.056641,-1.330151,0.000000,0
269.4487,-38.144531,-1.331702,-0.087891,0
269.4640,-38.144531,-1.331702,0.000000,0
269.4793,-38.232422,-1.333252,-0.087891,0
269.4945,-38.320312,-1.334802,-0.087891,0
269.5099,-38.320312,-1.334802,0.000000,0
269.5251,-38.408203,-1.336353,-0.087891,0
269.5405,-38.496094,-1.337903,-0.087891,0
269.5558,-38.583984,-1.339453,-0.087891,0
269.5710,-38.671875,-1.341003,-0.087891,0
269.5862,-38.759766,-1.342554,-0.087891,0
269.6015,-38.759766,-1.342554,0.000000,0
269.6167,-38.847656,-1.344104,-0.087891,0
269.6319,-38.935547,-1.345654,-0.087891,0
269.6471,-39.023438,-1.347205,-0.087891,0
269.6623,-39.023438,-1.347205,0.000000,0
269.6776,-39.111328,-1.348755,-0.087891,0
269.6928,-39.199219,-1.350305,-0.087891,0
269.7080,-39.287109,-1.351855,-0.087891,0
269.7233,-39.375000,-1.353406,-0.087891,0
269.7385,-39.375000,-1.353406,0.000000,0
269.7537,-39.462891,-1.354956,-0.087891,0
269.7691,-39.550781,-1.356506,-0.087891,0
269.7843,-39.726562,-1.359607,-0.175781,0
269.7995,-39.726562,-1.359607,0.000000,0
269.8147,-39.726562,-1.359607,0.000000,0
269.8299,-39.814453,-1.361157,-0.087891,0
269.8452,-39.902344,-1.362708,-0.087891,0
269.8604,-39.990234,-1.364258,-0.087891,0
269.8756,-39.990234,-1.364258,0.000000,0
269.8908,-40.166016,-1.367358,-0.175781,0
269.9062,-40.253906,-1.368909,-0.087891,0
269.9215,-40.341797,-1.370459,-0.087891,0
269.9368,-40.341797,-1.370459,0.000000,0
269.9521,-40.517578,-1.373560,-0.175781,0
269.9674,-40.517578,-1.373560,0.000000,0
269.9829,-40.693359,-1.376660,-0.175781,0
269.9982,-40.693359,-1.376660,0.000000,0
270.0134,-40.781250,-1.378210,-0.087891,0
270.0287,-40.869141,-1.379761,-0.087891,0
270.0439,-40.957031,-1.381311,-0.087891,0
270.0601,-41.044922,-1.382861,-0.087891,0
270.0754,-41.132812,-1.384412,-0.087891,0
270.0911,-41.220703,-1.385962,-0.087891,0
270.1064,-41.220703,-1.385962,0.000000,0
270.1216,-41.308594,-1.387512,-0.087891,0
270.1368,-41.396484,-1.389063,-0.087891,0
270.1520,-41.484375,-1.390613,-0.087891,0
270.1675,-41.484375,-1.390613,0.000000,0
270.1827,-41.572266,-1.392163,-0.087891,0
270.1980,-41.660156,-1.393713,-0.087891,0
270.2132,-41.748047,-1.395264,-0.087891,0
270.2284,-41.835938,-1.396814,-0.087891,0
270.2437,-41.835938,-1.396814,0.000000,0
270.2593,-41.923828,-1.398364,-0.087891,0
270.2752,-42.011719,-1.399915,-0.087891,0
270.2906,-42.011719,-1.399915,0.000000,0
270.3058,-42.099609,-1.401465,-0.087891,0
270.3211,-42.187500,-1.403015,-0.087891,0
270.3364,-42.275391,-1.404565,-0.087891,0
270.3515,-42.363281,-1.406116,-0.087891,0
270.3670,-42.363281,-1.406116,0.000000,0
270.3822,-42.451172,-1.407666,-0.087891,0
270.3975,-42.539062,-1.409216,-0.087891,0
270.4127,-42.626953,-1.410767,-0.087891,0
270.4280,-42.714844,-1.412317,-0.087891,0
270.4433,-42.714844,-1.412317,0.000000,0
270.4585,-42.802734,-1.413867,-0.087891,0
270.4737,-42.890625,-1.415417,-0.087891,0
270.4889,-42.978516,-1.416968,-0.087891,0
270.5048,-43.066406,-1.418518,-0.087891,0
270.5200,-43.154297,-1.420068,-0.087891,0
270.5353,-43.242188,-1.421619,-0.087891,0
270.5505,-43.330078,-1.423169,-0.087891,0
270.5659,-43.330078,-1.423169,0.000000,0
270.5811,-43.417969,-1.424719,-0.087891,0
270.5963,-43.505859,-1.426270,-0.087891,0
270.6115,-43.593750,-1.427820,-0.087891,0
270.6268,-43.593750,-1.427820,0.000000,0
270.6420,-43.681641,-1.429370,-0.087891,0
270.6573,-43.769531,-1.430920,-0.087891,0
270.6725,-43.857422,-1.432471,-0.087891,0
270.6877,-43.945312,-1.434021,-0.087891,0
270.7030,-44.033203,-1.435571,-0.087891,0
270.7182,-44.121094,-1.437122,-0.087891,0
270.7334,-44.208984,-1.438672,-0.087891,0
270.7486,-44.296875,-1.440222,-0.087891,0
270.7638,-44.384766,-1.441772,-0.087891,0
270.7808,-44.472656,-1.443323,-0.087891,0
270.7960,-44.560547,-1.444873,-0.087891,0
270.8112,-44.648438,-1.446423,-0.087891,0
270.8264,-44.736328,-1.447974,-0.087891,0
270.8417,-44.736328,-1.447974,0.000000,0
270.8569,-44.824219,-1.449524,-0.087891,0
270.8722,-44.912109,-1.451074,-0.087891,0
270.8876,-45.000000,-1.452625,-0.087891,0
270.9029,-45.000000,-1.452625,0.000000,0
270.9181,-45.175781,-1.455725,-0.175781,0
270.9333,-45.175781,-1.455725,0.000000,0
270.9486,-45.263672,-1.457275,-0.087891,0
270.9638,-45.263672,-1.457275,0.000000,0
270.9791,-45.351562,-1.458826,-0.087891,0
270.9943,-45.439453,-1.460376,-0.087891,0
271.0095,-45.527344,-1.461926,-0.087891,0
271.0247,-45.615234,-1.463477,-0.087891,0
271.0399,-45.615234,-1.463477,0.000000,0
271.0552,-45.791016,-1.466577,-0.175781,0
271.0704,-45.791016,-1.466577,0.000000,0
271.0857,-45.878906,-1.468127,-0.087891,0
271.1009,-45.878906,-1.468127,0.000000,0
271.1161,-45.966797,-1.469678,-0.087891,0
271.1317,-46.054688,-1.471228,-0.087891,0
271.1473,-46.142578,-1.472778,-0.087891,0
271.1625,-46.230469,-1.474329,-0.087891,0
271.1780,-46.318359,-1.475879,-0.087891,0
271.1932,-46.318359,-1.475879,0.000000,0
271.2084,-46.406250,-1.477429,-0.087891,0
271.2242,-46.494141,-1.478979,-0.087891,0
271.2399,-46.582031,-1.480530,-0.087891,0
271.2551,-46.669922,-1.482080,-0.087891,0
271.2708,-46.669922,-1.482080,0.000000,0
271.2861,-46.757812,-1.483630,-0.087891,0
271.3013,-46.845703,-1.485181,-0.087891,0
271.3166,-46.933594,-1.486731,-0.087891,0
271.3318,-47.021484,-1.488281,-0.087891,0
271.3470,-47.109375,-1.489832,-0.087891,0
271.3624,-47.109375,-1.489832,0.000000,0
271.3776,-47.197266,-1.491382,-0.087891,0
271.3929,-47.285156,-1.492932,-0.087891,0
271.4081,-47.373047,-1.494482,-0.087891,0
271.4233,-47.460938,-1.496033,-0.087891,0
271.4385,-47.460938,-1.496033,0.000000,0
271.4537,-47.636719,-1.499133,-0.175781,0
271.4690,-47.636719,-1.499133,0.000000,0
271.4845,-47.812500,-1.502234,-0.175781,0
271.4997,-47.812500,-1.502234,0.000000,0
271.5149,-47.900391,-1.503784,-0.087891,0
271.5301,-47.988281,-1.505334,-0.087891,0
271.5453,-48.164062,-1.508435,-0.175781,0
271.5605,-48.164062,-1.508435,0.000000,0
271.5759,-48.251953,-1.509985,-0.087891,0
271.5911,-48.339844,-1.511536,-0.087891,0
271.6063,-48.339844,-1.511536,0.000000,0
271.6215,-48.427734,-1.513086,-0.087891,0
271.6367,-48.427734,-1.513086,0.000000,0
271.6520,-48.515625,-1.514636,-0.087891,0
271.6672,-48.603516,-1.516187,-0.087891,0
271.6825,-48.691406,-1.517737,-0.087891,0
271.6977,-48.779297,-1.519287,-0.087891,0
271.7130,-48.867188,-1.520837,-0.087891,0
271.7282,-48.867188,-1.520837,0.000000,0
271.7434,-48.955078,-1.522388,-0.087891,0
271.7586,-49.042969,-1.523938,-0.087891,0
271.7738,-49.042969,-1.523938,0.000000,0
271.7891,-49.130859,-1.525488,-0.087891,0
271.8043,-49.218750,-1.527039,-0.087891,0
271.8195,-49.306641,-1.528589,-0.087891,0
271.8348,-49.394531,-1.530139,-0.087891,0
271.8501,-49.482422,-1.531689,-0.087891,0
271.8653,-49.570312,-1.533240,-0.087891,0
271.8806,-49.570312,-1.533240,0.000000,0
271.8963,-49.658203,-1.534790,-0.087891,0
271.9116,-49.746094,-1.536340,-0.087891,0
271.9268,-49.833984,-1.537891,-0.087891,0
271.9421,-49.833984,-1.537891,0.000000,0
271.9573,-50.009766,-1.540991,-0.175781,0
271.9725,-50.009766,-1.540991,0.000000,0
271.9878,-50.097656,-1.542542,-0.087891,0
272.0030,-50.097656,-1.542542,0.000000,0
272.0182,-50.273438,-1.545642,-0.175781,0
272.0334,-50.273438,-1.545642,0.000000,0
272.0490,-50.361328,-1.547192,-0.087891,0
272.0642,-50.449219,-1.548743,-0.087891,0
272.0795,-50.537109,-1.550293,-0.087891,0
272.0958,-50.625000,-1.551843,-0.087891,0
272.1110,-50.712891,-1.553394,-0.087891,0
272.1263,-50.800781,-1.554944,-0.087891,0
272.1416,-50.888672,-1.556494,-0.087891,0
272.1568,-50.888672,-1.556494,0.000000,0
272.1720,-50.976562,-1.558044,-0.087891,0
272.1873,-51.064453,-1.559595,-0.087891,0
272.2025,-51.152344,-1.561145,-0.087891,0
272.2177,-51.240234,-1.562695,-0.087891,0
272.2329,-51.328125,-1.564246,-0.087891,0
272.2483,-51.416016,-1.565796,-0.087891,0
272.2635,-51.416016,-1.565796,0.000000,0
272.2788,-51.591797,-1.568896,-0.175781,0
272.2940,-51.591797,-1.568896,0.000000,0
272.3092,-51.767578,-1.571997,-0.175781,0
272.3245,-51.767578,-1.571997,0.000000,0
272.3397,-51.855469,-1.573547,-0.087891,0
272.3549,-51.943359,-1.575098,-0.087891,0
272.3701,-51.943359,-1.575098,0.000000,0
272.3855,-52.031250,-1.576648,-0.087891,0
272.4007,-52.119141,-1.578198,-0.087891,0
272.4159,-52.119141,-1.578198,0.000000,0
272.4311,-52.207031,-1.579749,-0.087891,0
272.4467,-52.294922,-1.581299,-0.087891,0
272.4619,-52.294922,-1.581299,0.000000,0
272.4771,-52.470703,-1.584399,-0.175781,0
272.4924,-52.470703,-1.584399,0.000000,0
272.5076,-52.558594,-1.585950,-0.087891,0
272.5229,-52.646484,-1.587500,-0.087891,0
272.5382,-52.646484,-1.587500,0.000000,0
272.5534,-52.734375,-1.589050,-0.087891,0
272.5686,-52.822266,-1.590601,-0.087891,0
272.5845,-52.910156,-1.592151,-0.087891,0
272.5997,-52.998047,-1.593701,-0.087891,0
272.6149,-53.085938,-1.595251,-0.087891,0
272.6302,-53.173828,-1.596802,-0.087891,0
272.6455,-53.261719,-1.598352,-0.087891,0
272.6607,-53.261719,-1.598352,0.000000,0
272.6759,-53.349609,-1.599902,-0.087891,0
272.6912,-53.437500,-1.601453,-0.087891,0
272.7064,-53.525391,-1.603003,-0.087891,0
272.7216,-53.613281,-1.604553,-0.087891,0
272.7368,-53.613281,-1.604553,0.000000,0
272.7521,-53.701172,-1.606104,-0.087891,0
272.7673,-53.789062,-1.607654,-0.087891,0
272.7825,-53.876953,-1.609204,-0.087891,0
272.7979,-53.964844,-1.610754,-0.087891,0
272.8131,-54.052734,-1.612305,-0.087891,0
272.8283,-54.052734,-1.612305,0.000000,0
272.8435,-54.140625,-1.613855,-0.087891,0
272.8587,-54.228516,-1.615405,-0.087891,0
272.8741,-54.316406,-1.616956,-0.087891,0
272.8893,-54.404297,-1.618506,-0.087891,0
272.9046,-54.404297,-1.618506,0.000000,0
272.9198,-54.580078,-1.621606,-0.175781,0
272.9351,-54.667969,-1.623157,-0.087891,0
272.9503,-54.755859,-1.624707,-0.087891,0
272.9655,-54.843750,-1.626257,-0.087891,0
272.9809,-54.931641,-1.627808,-0.087891,0
272.9961,-55.019531,-1.629358,-0.087891,0
273.0114,-55.107422,-1.630908,-0.087891,0
273.0267,-55.107422,-1.630908,0.000000,0
273.0421,-55.107422,-1.630908,0.000000,0
273.0574,-55.283203,-1.634009,-0.175781,0
273.0726,-55.283203,-1.634009,0.000000,0
273.0879,-55.371094,-1.635559,-0.087891,0
273.1031,-55.458984,-1.637109,-0.087891,0
273.1183,-55.458984,-1.637109,0.000000,0
273.1336,-55.546875,-1.638660,-0.087891,0
273.1488,-55.634766,-1.640210,-0.087891,0
273.1640,-55.722656,-1.641760,-0.087891,0
273.1793,-55.810547,-1.643311,-0.087891,0
273.1946,-55.810547,-1.643311,0.000000,0
273.2098,-55.810547,-1.643311,0.000000,0
273.2252,-55.986328,-1.646411,-0.175781,0
273.2404,-55.986328,-1.646411,0.000000,0
273.2556,-56.162109,-1.649512,-0.175781,0
273.2708,-56.162109,-1.649512,0.000000,0
273.2861,-56.250000,-1.651062,-0.087891,0
273.3014,-56.337891,-1.652612,-0.087891,0
273.3166,-56.337891,-1.652612,0.000000,0
273.3318,-56.425781,-1.654163,-0.087891,0
273.3470,-56.513672,-1.655713,-0.087891,0
273.3622,-56.601562,-1.657263,-0.087891,0
273.3774,-56.601562,-1.657263,0.000000,0
273.3926,-56.777344,-1.660364,-0.175781,0
273.4098,-56.865234,-1.661914,-0.087891,0
273.4258,-56.953125,-1.663464,-0.087891,0
273.4410,-56.953125,-1.663464,0.000000,0
273.4562,-57.041016,-1.665015,-0.087891,0
273.4714,-57.041016,-1.665015,0.000000,0
273.4866,-57.128906,-1.666565,-0.087891,0
273.5020,-57.216797,-1.668115,-0.087891,0
273.5172,-57.304688,-1.669666,-0.087891,0
273.5324,-57.392578,-1.671216,-0.087891,0
273.5476,-57.480469,-1.672766,-0.087891,0
273.5628,-57.568359,-1.674316,-0.087891,0
273.5780,-57.656250,-1.675867,-0.087891,0
273.5933,-57.656250,-1.675867,0.000000,0
273.6087,-57.744141,-1.677417,-0.087891,0
273.6239,-57.832031,-1.678967,-0.087891,0
273.6392,-57.919922,-1.680518,-0.087891,0
273.6544,-58.007812,-1.682068,-0.087891,0
273.6696,-58.095703,-1.683618,-0.087891,0
273.6848,-58.183594,-1.685168,-0.087891,0
273.7001,-58.271484,-1.686719,-0.087891,0
273.7155,-58.359375,-1.688269,-0.087891,0
273.7308,-58.359375,-1.688269,0.000000,0
273.7460,-58.535156,-1.691370,-0.175781,0
273.7612,-58.535156,-1.691370,0.000000,0
273.7764,-58.623047,-1.692920,-0.087891,0
273.7916,-58.710938,-1.694470,-0.087891,0
273.8070,-58.798828,-1.696021,-0.087891,0
273.8222,-58.886719,-1.697571,-0.087891,0
273.8374,-58.886719,-1.697571,0.000000,0
273.8527,-58.974609,-1.699121,-0.087891,0
273.8679,-58.974609,-1.699121,0.000000,0
273.8831,-59.150391,-1.702222,-0.175781,0
273.8984,-59.150391,-1.702222,0.000000,0
273.9136,-59.238281,-1.703772,-0.087891,0
273.9295,-59.326172,-1.705322,-0.087891,0
273.9447,-59.414062,-1.706873,-0.087891,0
273.9600,-59.501953,-1.708423,-0.087891,0
273.9752,-59.501953,-1.708423,0.000000,0
273.9904,-59.589844,-1.709973,-0.087891,0
274.0058,-59.677734,-1.711523,-0.087891,0
274.0212,-59.765625,-1.713074,-0.087891,0
274.0364,-59.765625,-1.713074,0.000000,0
274.0516,-59.853516,-1.714624,-0.087891,0
274.0668,-59.941406,-1.716174,-0.087891,0
274.0820,-60.029297,-1.717725,-0.087891,0
274.0972,-60.117188,-1.719275,-0.087891,0
274.1125,-60.205078,-1.720825,-0.087891,0
274.1277,-60.205078,-1.720825,0.000000,0
274.1429,-60.292969,-1.722375,-0.087891,0
274.1581,-60.380859,-1.723926,-0.087891,0
274.1733,-60.468750,-1.725476,-0.087891,0
274.1886,-60.556641,-1.727026,-0.087891,0
274.2038,-60.556641,-1.727026,0.000000,0
274.2191,-60.644531,-1.728577,-0.087891,0
274.2343,-60.732422,-1.730127,-0.087891,0
274.2495,-60.732422,-1.730127,0.000000,0
274.2647,-60.820312,-1.731677,-0.087891,0
274.2800,-60.908203,-1.733228,-0.087891,0
274.2955,-60.996094,-1.734778,-0.087891,0
274.3107,-61.083984,-1.736328,-0.087891,0
274.3260,-61.171875,-1.737878,-0.087891,0
274.3412,-61.171875,-1.737878,0.000000,0
274.3564,-61.347656,-1.740979,-0.175781,0
274.3716,-61.435547,-1.742529,-0.087891,0
274.3868,-61.523438,-1.744080,-0.087891,0
274.4020,-61.611328,-1.745630,-0.087891,0
274.4173,-61.699219,-1.747180,-0.087891,0
274.4325,-61.699219,-1.747180,0.000000,0
274.4477,-61.875000,-1.750281,-0.175781,0
274.4637,-61.875000,-1.750281,0.000000,0
274.4790,-61.962891,-1.751831,-0.087891,0
274.4943,-62.050781,-1.753381,-0.087891,0
274.5097,-62.050781,-1.753381,0.000000,0
274.5249,-62.138672,-1.754932,-0.087891,0
274.5402,-62.226562,-1.756482,-0.087891,0
274.5554,-62.314453,-1.758032,-0.087891,0
274.5707,-62.402344,-1.759583,-0.087891,0
274.5859,-62.402344,-1.759583,0.000000,0
274.6011,-62.490234,-1.761133,-0.087891,0
274.6163,-62.578125,-1.762683,-0.087891,0
274.6317,-62.578125,-1.762683,0.000000,0
274.6471,-62.666016,-1.764233,-0.087891,0
274.6623,-62.753906,-1.765784,-0.087891,0
274.6775,-62.841797,-1.767334,-0.087891,0
274.6929,-62.929688,-1.768884,-0.087891,0
274.7083,-62.929688,-1.768884,0.000000,0
274.7235,-63.105469,-1.771985,-0.175781,0
274.7390,-63.105469,-1.771985,0.000000,0
274.7542,-63.193359,-1.773535,-0.087891,0
274.7694,-63.281250,-1.775085,-0.087891,0
274.7853,-63.369141,-1.776636,-0.087891,0
274.8005,-63.369141,-1.776636,0.000000,0
274.8159,-63.544922,-1.779736,-0.175781,0
274.8312,-63.544922,-1.779736,0.000000,0
274.8464,-63.632812,-1.781287,-0.087891,0
274.8616,-63.720703,-1.782837,-0.087891,0
274.8768,-63.808594,-1.784387,-0.087891,0
274.8920,-63.896484,-1.785938,-0.087891,0
274.9073,-63.896484,-1.785938,0.000000,0
274.9225,-63.984375,-1.787488,-0.087891,0
274.9377,-64.072266,-1.789038,-0.087891,0
274.9530,-64.160156,-1.790588,-0.087891,0
274.9682,-64.160156,-1.790588,0.000000,0
274.9834,-64.248047,-1.792139,-0.087891,0
274.9986,-64.335938,-1.793689,-0.087891,0
275.0138,-64.423828,-1.795239,-0.087891,0
275.0291,-64.423828,-1.795239,0.000000,0
275.0443,-64.511719,-1.796790,-0.087891,0
275.0595,-64.599609,-1.798340,-0.087891,0
275.0747,-64.687500,-1.799890,-0.087891,0
275.0900,-64.775391,-1.801440,-0.087891,0
275.1052,-64.863281,-1.802991,-0.087891,0
275.1205,-65.039062,-1.806091,-0.175781,0
275.1357,-65.126953,-1.807642,-0.087891,0
275.1509,-65.126953,-1.807642,0.000000,0
275.1661,-65.214844,-1.809192,-0.087891,0
275.1813,-65.302734,-1.810742,-0.087891,0
275.1965,-65.390625,-1.812292,-0.087891,0
275.2117,-65.478516,-1.813843,-0.087891,0
275.2270,-65.566406,-1.815393,-0.087891,0
275.2422,-65.566406,-1.815393,0.000000,0
275.2574,-65.654297,-1.816943,-0.087891,0
275.2726,-65.742188,-1.818494,-0.087891,0
275.2878,-65.830078,-1.820044,-0.087891,0
275.3031,-65.830078,-1.820044,0.000000,0
275.3183,-65.917969,-1.821594,-0.087891,0
275.3335,-66.005859,-1.823145,-0.087891,0
275.3488,-66.093750,-1.824695,-0.087891,0
275.3640,-66.093750,-1.824695,0.000000,0
275.3792,-66.181641,-1.826245,-0.087891,0
275.3945,-66.269531,-1.827795,-0.087891,0
275.4097,-66.357422,-1.829346,-0.087891,0
275.4250,-66.357422,-1.829346,0.000000,0
275.4402,-66.445312,-1.830896,-0.087891,0
275.4554,-66.533203,-1.832446,-0.087891,0
275.4710,-66.621094,-1.833997,-0.087891,0
275.4863,-66.708984,-1.835547,-0.087891,0
275.5015,-66.708984,-1.835547,0.000000,0
275.5167,-66.796875,-1.837097,-0.087891,0
275.5319,-66.884766,-1.838647,-0.087891,0
275.5472,-66.884766,-1.838647,0.000000,0
275.5624,-67.060547,-1.841748,-0.175781,0
275.5776,-67.060547,-1.841748,0.000000,0
275.5928,-67.148438,-1.843298,-0.087891,0
275.6081,-67.236328,-1.844849,-0.087891,0
275.6237,-67.324219,-1.846399,-0.087891,0
275.6389,-67.412109,-1.847949,-0.087891,0
275.6541,-67.500000,-1.849500,-0.087891,0
275.6693,-67.587891,-1.851050,-0.087891,0
275.6845,-67.587891,-1.851050,0.000000,0
275.6998,-67.675781,-1.852600,-0.087891,0
275.7151,-67.763672,-1.854150,-0.087891,0
275.7306,-67.851562,-1.855701,-0.087891,0
275.7458,-67.851562,-1.855701,0.000000,0
275.7610,-67.939453,-1.857251,-0.087891,0
275.7762,-68.027344,-1.858801,-0.087891,0
275.7914,-68.115234,-1.860352,-0.087891,0
275.8066,-68.203125,-1.861902,-0.087891,0
275.8218,-68.291016,-1.863452,-0.087891,0
275.8371,-68.291016,-1.863452,0.000000,0
275.8523,-68.466797,-1.866553,-0.175781,0
275.8675,-68.554688,-1.868103,-0.087891,0
275.8827,-68.642578,-1.869653,-0.087891,0
275.8980,-68.730469,-1.871204,-0.087891,0
275.9132,-68.730469,-1.871204,0.000000,0
275.9284,-68.818359,-1.872754,-0.087891,0
275.9437,-68.906250,-1.874304,-0.087891,0
275.9589,-68.994141,-1.875854,-0.087891,0
275.9742,-69.082031,-1.877405,-0.087891,0
275.9895,-69.169922,-1.878955,-0.087891,0
276.0047,-69.257812,-1.880505,-0.087891,0
276.0203,-69.345703,-1.882056,-0.087891,0
276.0364,-69.345703,-1.882056,0.000000,0
276.0517,-69.433594,-1.883606,-0.087891,0
276.0669,-69.521484,-1.885156,-0.087891,0
276.0821,-69.609375,-1.886707,-0.087891,0
276.0974,-69.609375,-1.886707,0.000000,0
276.1126,-69.697266,-1.888257,-0.087891,0
276.1280,-69.785156,-1.889807,-0.087891,0
276.1434,-69.785156,-1.889807,0.000000,0
276.1587,-69.873047,-1.891357,-0.087891,0
276.1739,-69.960938,-1.892908,-0.087891,0
276.1891,-70.048828,-1.894458,-0.087891,0
276.2043,-70.136719,-1.896008,-0.087891,0
276.2196,-70.224609,-1.897559,-0.087891,0
276.2350,-70.224609,-1.897559,0.000000,0
276.2502,-70.312500,-1.899109,-0.087891,0
276.2655,-70.400391,-1.900659,-0.087891,0
276.2808,-70.400391,-1.900659,0.000000,0
276.2961,-70.576172,-1.903760,-0.175781,0
276.3113,-70.576172,-1.903760,0.000000,0
276.3266,-70.664062,-1.905310,-0.087891,0
276.3418,-70.751953,-1.906860,-0.087891,0
276.3570,-70.839844,-1.908411,-0.087891,0
276.3722,-70.839844,-1.908411,0.000000,0
276.3875,-71.015625,-1.911511,-0.175781,0
276.4027,-71.103516,-1.913062,-0.087891,0
276.4179,-71.103516,-1.913062,0.000000,0
276.4333,-71.191406,-1.914612,-0.087891,0
276.4486,-71.191406,-1.914612,0.000000,0
276.4638,-71.279297,-1.916162,-0.087891,0
276.4790,-71.367188,-1.917712,-0.087891,0
276.4943,-71.455078,-1.919263,-0.087891,0
276.5095,-71.455078,-1.919263,0.000000,0
276.5247,-71.630859,-1.922363,-0.175781,0
276.5403,-71.630859,-1.922363,0.000000,0
276.5555,-71.718750,-1.923914,-0.087891,0
276.5708,-71.806641,-1.925464,-0.087891,0
276.5860,-71.982422,-1.928564,-0.175781,0
276.6012,-71.982422,-1.928564,0.000000,0
276.6164,-72.158203,-1.931665,-0.175781,0
276.6317,-72.158203,-1.931665,0.000000,0
276.6469,-72.246094,-1.933215,-0.087891,0
276.6621,-72.333984,-1.934766,-0.087891,0
276.6773,-72.421875,-1.936316,-0.087891,0
276.6925,-72.509766,-1.937866,-0.087891,0
276.7077,-72.597656,-1.939417,-0.087891,0
276.7230,-72.597656,-1.939417,0.000000,0
276.7382,-72.685547,-1.940967,-0.087891,0
276.7534,-72.773438,-1.942517,-0.087891,0
276.7687,-72.861328,-1.944067,-0.087891,0
276.7841,-72.949219,-1.945618,-0.087891,0
276.7993,-72.949219,-1.945618,0.000000,0
276.8146,-72.949219,-1.945618,0.000000,0
276.8298,-73.037109,-1.947168,-0.087891,0
276.8451,-73.125000,-1.948718,-0.087891,0
276.8603,-73.212891,-1.950269,-0.087891,0
276.8754,-73.212891,-1.950269,0.000000,0
276.8907,-73.300781,-1.951819,-0.087891,0
276.9063,-73.388672,-1.953369,-0.087891,0
276.9216,-73.476562,-1.954919,-0.087891,0
276.9375,-73.564453,-1.956470,-0.087891,0
276.9528,-73.652344,-1.958020,-0.087891,0
276.9680,-73.740234,-1.959570,-0.087891,0
276.9833,-73.828125,-1.961121,-0.087891,0
276.9985,-73.828125,-1.961121,0.000000,0
277.0137,-73.828125,-1.961121,0.000000,0
277.0289,-73.916016,-1.962671,-0.087891,0
277.0441,-74.003906,-1.964221,-0.087891,0
277.0595,-74.179688,-1.967322,-0.175781,0
277.0747,-74.179688,-1.967322,0.000000,0
277.0900,-74.267578,-1.968872,-0.087891,0
277.1052,-74.355469,-1.970422,-0.087891,0
277.1204,-74.443359,-1.971973,-0.087891,0
277.1357,-74.531250,-1.973523,-0.087891,0
277.1509,-74.619141,-1.975073,-0.087891,0
277.1661,-74.619141,-1.975073,0.000000,0
277.1814,-74.707031,-1.976624,-0.087891,0
277.1966,-74.794922,-1.978174,-0.087891,0
277.2118,-74.794922,-1.978174,0.000000,0
277.2270,-74.882812,-1.979724,-0.087891,0
277.2425,-74.970703,-1.981274,-0.087891,0
277.2577,-75.058594,-1.982825,-0.087891,0
277.2729,-75.146484,-1.984375,-0.087891,0
277.2881,-75.234375,-1.985925,-0.087891,0
277.3033,-75.234375,-1.985925,0.000000,0
277.3186,-75.410156,-1.989026,-0.175781,0
277.3338,-75.498047,-1.990576,-0.087891,0
277.3490,-75.498047,-1.990576,0.000000,0
277.3642,-75.585938,-1.992126,-0.087891,0
277.3795,-75.673828,-1.993677,-0.087891,0
277.3947,-75.761719,-1.995227,-0.087891,0
277.4099,-75.849609,-1.996777,-0.087891,0
277.4251,-75.937500,-1.998328,-0.087891,0
277.4403,-76.025391,-1.999878,-0.087891,0
277.4556,-76.113281,-2.001428,-0.087891,0
277.4708,-76.201172,-2.002979,-0.087891,0
277.4860,-76.201172,-2.002979,0.000000,0
277.5013,-76.289062,-2.004529,-0.087891,0
277.5173,-76.289062,-2.004529,0.000000,0
277.5325,-76.464844,-2.007629,-0.175781,0
277.5477,-76.464844,-2.007629,0.000000,0
277.5630,-76.552734,-2.009180,-0.087891,0
277.5782,-76.640625,-2.010730,-0.087891,0
277.5934,-76.728516,-2.012280,-0.087891,0
277.6086,-76.728516,-2.012280,0.000000,0
277.6242,-76.816406,-2.013831,-0.087891,0
277.6394,-76.904297,-2.015381,-0.087891,0
277.6546,-76.992188,-2.016931,-0.087891,0
277.6699,-77.080078,-2.018481,-0.087891,0
277.6851,-77.080078,-2.018481,0.000000,0
277.7003,-77.255859,-2.021582,-0.175781,0
277.7155,-77.255859,-2.021582,0.000000,0
277.7307,-77.343750,-2.023132,-0.087891,0
277.7460,-77.431641,-2.024683,-0.087891,0
277.7612,-77.519531,-2.026233,-0.087891,0
277.7764,-77.519531,-2.026233,0.000000,0
277.7917,-77.607422,-2.027783,-0.087891,0
277.8070,-77.695312,-2.029333,-0.087891,0
277.8222,-77.783203,-2.030884,-0.087891,0
277.8374,-77.871094,-2.032434,-0.087891,0
277.8527,-77.871094,-2.032434,0.000000,0
277.8679,-77.958984,-2.033984,-0.087891,0
277.8831,-78.046875,-2.035535,-0.087891,0
277.8983,-78.222656,-2.038635,-0.175781,0
277.9135,-78.222656,-2.038635,0.000000,0
277.9287,-78.310547,-2.040186,-0.087891,0
277.9440,-78.310547,-2.040186,0.000000,0
277.9593,-78.398438,-2.041736,-0.087891,0
277.9745,-78.486328,-2.043286,-0.087891,0
277.9906,-78.574219,-2.044836,-0.087891,0
278.0058,-78.662109,-2.046387,-0.087891,0
278.0210,-78.750000,-2.047937,-0.087891,0
278.0363,-78.750000,-2.047937,0.000000,0
278.0517,-78.837891,-2.049487,-0.087891,0
278.0669,-78.925781,-2.051038,-0.087891,0
278.0821,-79.013672,-2.052588,-0.087891,0
278.0973,-79.101562,-2.054138,-0.087891,0
278.1128,-79.189453,-2.055688,-0.087891,0
278.1280,-79.277344,-2.057239,-0.087891,0
278.1433,-79.365234,-2.058789,-0.087891,0
278.1586,-79.453125,-2.060339,-0.087891,0
278.1739,-79.541016,-2.061890,-0.087891,0
278.1891,-79.628906,-2.063440,-0.087891,0
278.2043,-79.628906,-2.063440,0.000000,0
278.2195,-79.716797,-2.064990,-0.087891,0
278.2347,-79.804688,-2.066541,-0.087891,0
278.2499,-79.892578,-2.068091,-0.087891,0
278.2652,-79.980469,-2.069641,-0.087891,0
278.2804,-79.980469,-2.069641,0.000000,0
278.2956,-80.068359,-2.071191,-0.087891,0
278.3108,-80.068359,-2.071191,0.000000,0
278.3260,-80.244141,-2.074292,-0.175781,0
278.3412,-80.244141,-2.074292,0.000000,0
278.3570,-80.332031,-2.075842,-0.087891,0
278.3724,-80.419922,-2.077393,-0.087891,0
278.3876,-80.507812,-2.078943,-0.087891,0
278.4028,-80.507812,-2.078943,0.000000,0
278.4184,-80.595703,-2.080493,-0.087891,0
278.4336,-80.683594,-2.082043,-0.087891,0
278.4488,-80.771484,-2.083594,-0.087891,0
278.4641,-80.859375,-2.085144,-0.087891,0
278.4793,-80.947266,-2.086694,-0.087891,0
278.4945,-81.035156,-2.088245,-0.087891,0
278.5097,-81.035156,-2.088245,0.000000,0
278.5249,-81.123047,-2.089795,-0.087891,0
278.5401,-81.210938,-2.091345,-0.087891,0
278.5554,-81.298828,-2.092896,-0.087891,0
278.5706,-81.298828,-2.092896,0.000000,0
278.5858,-81.386719,-2.094446,-0.087891,0
278.6010,-81.474609,-2.095996,-0.087891,0
278.6162,-81.562500,-2.097546,-0.087891,0
278.6316,-81.650391,-2.099097,-0.087891,0
278.6469,-81.738281,-2.100647,-0.087891,0
278.6622,-81.826172,-2.102197,-0.087891,0
278.6774,-81.826172,-2.102197,0.000000,0
278.6926,-81.914062,-2.103748,-0.087891,0
278.7080,-81.914062,-2.103748,0.000000,0
278.7233,-82.089844,-2.106848,-0.175781,0
278.7385,-82.089844,-2.106848,0.000000,0
278.7537,-82.177734,-2.108398,-0.087891,0
278.7689,-82.265625,-2.109949,-0.087891,0
278.7843,-82.353516,-2.111499,-0.087891,0
278.7995,-82.441406,-2.113049,-0.087891,0
278.8147,-82.529297,-2.114600,-0.087891,0
278.8300,-82.617188,-2.116150,-0.087891,0
278.8453,-82.705078,-2.117700,-0.087891,0
278.8606,-82.792969,-2.119250,-0.087891,0
278.8769,-82.792969,-2.119250,0.000000,0
278.8921,-82.968750,-2.122351,-0.175781,0
278.9073,-83.056641,-2.123901,-0.087891,0
278.9226,-83.144531,-2.125452,-0.087891,0
278.9378,-83.144531,-2.125452,0.000000,0
278.9530,-83.232422,-2.127002,-0.087891,0
278.9682,-83.320312,-2.128552,-0.087891,0
278.9835,-83.408203,-2.130103,-0.087891,0
278.9987,-83.496094,-2.131653,-0.087891,0
279.0139,-83.583984,-2.133203,-0.087891,0
279.0292,-83.671875,-2.134753,-0.087891,0
279.0444,-83.671875,-2.134753,0.000000,0
279.0597,-83.759766,-2.136304,-0.087891,0
279.0750,-83.759766,-2.136304,0.000000,0
279.0903,-83.935547,-2.139404,-0.175781,0
279.1055,-83.935547,-2.139404,0.000000,0
279.1208,-84.023438,-2.140955,-0.087891,0
279.1360,-84.111328,-2.142505,-0.087891,0
279.1512,-84.111328,-2.142505,0.000000,0
279.1665,-84.199219,-2.144055,-0.087891,0
279.1817,-84.287109,-2.145605,-0.087891,0
279.1969,-84.375000,-2.147156,-0.087891,0
279.2121,-84.375000,-2.147156,0.000000,0
279.2274,-84.550781,-2.150256,-0.175781,0
279.2426,-84.550781,-2.150256,0.000000,0
279.2578,-84.638672,-2.151807,-0.087891,0
279.2731,-84.726562,-2.153357,-0.087891,0
279.2883,-84.814453,-2.154907,-0.087891,0
279.3039,-84.902344,-2.156458,-0.087891,0
279.3191,-84.902344,-2.156458,0.000000,0
279.3344,-84.990234,-2.158008,-0.087891,0
279.3496,-84.990234,-2.158008,0.000000,0
279.3649,-85.166016,-2.161108,-0.175781,0
279.3801,-85.166016,-2.161108,0.000000,0
279.3953,-85.341797,-2.164209,-0.175781,0
279.4115,-85.341797,-2.164209,0.000000,0
279.4267,-85.429688,-2.165759,-0.087891,0
279.4419,-85.517578,-2.167310,-0.087891,0
279.4571,-85.605469,-2.168860,-0.087891,0
279.4724,-85.605469,-2.168860,0.000000,0
279.4876,-85.693359,-2.170410,-0.087891,0
279.5028,-85.781250,-2.171960,-0.087891,0
279.5180,-85.781250,-2.171960,0.000000,0
279.5332,-85.869141,-2.173511,-0.087891,0
279.5485,-85.957031,-2.175061,-0.087891,0
279.5637,-86.044922,-2.176611,-0.087891,0
279.5789,-86.132812,-2.178162,-0.087891,0
279.5941,-86.220703,-2.179712,-0.087891,0
279.6093,-86.308594,-2.181262,-0.087891,0
279.6245,-86.396484,-2.182813,-0.087891,0
279.6398,-86.484375,-2.184363,-0.087891,0
279.6550,-86.572266,-2.185913,-0.087891,0
279.6703,-86.660156,-2.187463,-0.087891,0
279.6856,-86.748047,-2.189014,-0.087891,0
279.7008,-86.835938,-2.190564,-0.087891,0
279.7160,-86.835938,-2.190564,0.000000,0
279.7324,-86.923828,-2.192114,-0.087891,0
279.7476,-87.011719,-2.193665,-0.087891,0
279.7628,-87.099609,-2.195215,-0.087891,0
279.7780,-87.187500,-2.196765,-0.087891,0
279.7932,-87.275391,-2.198315,-0.087891,0
279.8084,-87.363281,-2.199866,-0.087891,0
279.8237,-87.451172,-2.201416,-0.087891,0
279.8389,-87.451172,-2.201416,0.000000,0
279.8541,-87.539062,-2.202966,-0.087891,0
279.8694,-87.626953,-2.204517,-0.087891,0
279.8855,-87.626953,-2.204517,0.000000,0
279.9008,-87.714844,-2.206067,-0.087891,0
279.9160,-87.802734,-2.207617,-0.087891,0
279.9313,-87.890625,-2.209167,-0.087891,0
279.9465,-87.890625,-2.209167,0.000000,0
279.9618,-88.066406,-2.212268,-0.175781,0
279.9771,-88.066406,-2.212268,0.000000,0
279.9923,-88.154297,-2.213818,-0.087891,0
280.0075,-88.242188,-2.215369,-0.087891,0
280.0227,-88.330078,-2.216919,-0.087891,0
280.0381,-88.330078,-2.216919,0.000000,0
280.0533,-88.417969,-2.218469,-0.087891,0
280.0685,-88.505859,-2.220020,-0.087891,0
280.0838,-88.593750,-2.221570,-0.087891,0
280.0990,-88.681641,-2.223120,-0.087891,0
280.1142,-88.681641,-2.223120,0.000000,0
280.1294,-88.857422,-2.226221,-0.175781,0
280.1446,-88.857422,-2.226221,0.000000,0
280.1598,-88.945312,-2.227771,-0.087891,0
280.1751,-89.033203,-2.229321,-0.087891,0
280.1903,-89.121094,-2.230872,-0.087891,0
280.2055,-89.208984,-2.232422,-0.087891,0
280.2207,-89.208984,-2.232422,0.000000,0
280.2359,-89.296875,-2.233972,-0.087891,0
280.2511,-89.384766,-2.235522,-0.087891,0
280.2664,-89.472656,-2.237073,-0.087891,0
280.2816,-89.472656,-2.237073,0.000000,0
280.2968,-89.560547,-2.238623,-0.087891,0
280.3120,-89.648438,-2.240173,-0.087891,0
280.3273,-89.824219,-2.243274,-0.175781,0
280.3425,-89.824219,-2.243274,0.000000,0
280.3577,-89.912109,-2.244824,-0.087891,0
280.3729,-89.912109,-2.244824,0.000000,0
280.3881,-90.000000,-2.246375,-0.087891,0
280.4034,-90.175781,-2.249475,-0.175781,0
280.4186,-90.175781,-2.249475,0.000000,0
280.4339,-90.351562,-2.252576,-0.175781,0
280.4491,-90.351562,-2.252576,0.000000,0
280.4644,-90.527344,-2.255676,-0.175781,0
280.4800,-90.527344,-2.255676,0.000000,0
280.4954,-90.615234,-2.257227,-0.087891,0
280.5106,-90.703125,-2.258777,-0.087891,0
280.5258,-90.791016,-2.260327,-0.087891,0
280.5411,-90.878906,-2.261877,-0.087891,0
280.5563,-90.878906,-2.261877,0.000000,0
280.5716,-90.966797,-2.263428,-0.087891,0
280.5869,-91.054688,-2.264978,-0.087891,0
280.6022,-91.142578,-2.266528,-0.087891,0
280.6175,-91.142578,-2.266528,0.000000,0
280.6327,-91.230469,-2.268079,-0.087891,0
280.6480,-91.318359,-2.269629,-0.087891,0
280.6633,-91.406250,-2.271179,-0.087891,0
280.6785,-91.494141,-2.272729,-0.087891,0
280.6937,-91.582031,-2.274280,-0.087891,0
280.7090,-91.582031,-2.274280,0.000000,0
280.7242,-91.669922,-2.275830,-0.087891,0
280.7394,-91.757812,-2.277380,-0.087891,0
280.7546,-91.757812,-2.277380,0.000000,0
280.7698,-91.845703,-2.278931,-0.087891,0
280.7852,-91.933594,-2.280481,-0.087891,0
280.8004,-92.021484,-2.282031,-0.087891,0
280.8156,-92.021484,-2.282031,0.000000,0
280.8308,-92.197266,-2.285132,-0.175781,0
280.8460,-92.197266,-2.285132,0.000000,0
280.8613,-92.373047,-2.288232,-0.175781,0
280.8765,-92.373047,-2.288232,0.000000,0
280.8937,-92.460938,-2.289783,-0.087891,0
280.9089,-92.548828,-2.291333,-0.087891,0
280.9241,-92.636719,-2.292883,-0.087891,0
280.9394,-92.636719,-2.292883,0.000000,0
280.9547,-92.724609,-2.294434,-0.087891,0
280.9699,-92.812500,-2.295984,-0.087891,0
280.9858,-92.900391,-2.297534,-0.087891,0
281.0011,-92.988281,-2.299084,-0.087891,0
281.0163,-92.988281,-2.299084,0.000000,0
281.0315,-93.164062,-2.302185,-0.175781,0
281.0468,-93.164062,-2.302185,0.000000,0
281.0620,-93.251953,-2.303735,-0.087891,0
281.0772,-93.251953,-2.303735,0.000000,0
281.0924,-93.427734,-2.306836,-0.175781,0
281.1080,-93.427734,-2.306836,0.000000,0
281.1233,-93.515625,-2.308386,-0.087891,0
281.1393,-93.603516,-2.309937,-0.087891,0
281.1545,-93.691406,-2.311487,-0.087891,0
281.1697,-93.779297,-2.313037,-0.087891,0
281.1849,-93.779297,-2.313037,0.000000,0
281.2010,-93.955078,-2.316138,-0.175781,0
281.2162,-94.042969,-2.317688,-0.087891,0
281.2314,-94.130859,-2.319238,-0.087891,0
281.2467,-94.218750,-2.320789,-0.087891,0
281.2619,-94.306641,-2.322339,-0.087891,0
281.2771,-94.306641,-2.322339,0.000000,0
281.2926,-94.482422,-2.325439,-0.175781,0
281.3079,-94.482422,-2.325439,0.000000,0
281.3231,-94.570312,-2.326990,-0.087891,0
281.3384,-94.658203,-2.328540,-0.087891,0
281.3536,-94.746094,-2.330090,-0.087891,0
281.3689,-94.746094,-2.330090,0.000000,0
281.3842,-94.833984,-2.331641,-0.087891,0
281.3994,-94.921875,-2.333191,-0.087891,0
281.4146,-94.921875,-2.333191,0.000000,0
281.4298,-95.097656,-2.336292,-0.175781,0
281.4450,-95.097656,-2.336292,0.000000,0
281.4603,-95.185547,-2.337842,-0.087891,0
281.4755,-95.185547,-2.337842,0.000000,0
281.4907,-95.361328,-2.340942,-0.175781,0
281.5059,-95.449219,-2.342493,-0.087891,0
281.5212,-95.449219,-2.342493,0.000000,0
281.5365,-95.537109,-2.344043,-0.087891,0
281.5517,-95.537109,-2.344043,0.000000,0
281.5669,-95.625000,-2.345593,-0.087891,0
281.5822,-95.712891,-2.347144,-0.087891,0
281.5982,-95.800781,-2.348694,-0.087891,0
281.6134,-95.888672,-2.350244,-0.087891,0
281.6286,-95.976562,-2.351794,-0.087891,0
281.6438,-96.064453,-2.353345,-0.087891,0
281.6590,-96.064453,-2.353345,0.000000,0
281.6742,-96.152344,-2.354895,-0.087891,0
281.6894,-96.240234,-2.356445,-0.087891,0
281.7047,-96.328125,-2.357996,-0.087891,0
281.7199,-96.328125,-2.357996,0.000000,0
281.7351,-96.416016,-2.359546,-0.087891,0
281.7503,-96.503906,-2.361096,-0.087891,0
281.7655,-96.591797,-2.362646,-0.087891,0
281.7807,-96.591797,-2.362646,0.000000,0
281.7960,-96.767578,-2.365747,-0.175781,0
281.8112,-96.767578,-2.365747,0.000000,0
281.8264,-96.943359,-2.368848,-0.175781,0
281.8416,-96.943359,-2.368848,0.000000,0
281.8569,-97.031250,-2.370398,-0.087891,0
281.8721,-97.119141,-2.371948,-0.087891,0
281.8873,-97.119141,-2.371948,0.000000,0
281.9026,-97.207031,-2.373499,-0.087891,0
281.9179,-97.294922,-2.375049,-0.087891,0
281.9331,-97.382812,-2.376599,-0.087891,0
281.9484,-97.470703,-2.378149,-0.087891,0
281.9636,-97.558594,-2.379700,-0.087891,0
281.9789,-97.558594,-2.379700,0.000000,0
281.9947,-97.734375,-2.382800,-0.175781,0
282.0099,-97.734375,-2.382800,0.000000,0
282.0251,-97.910156,-2.385901,-0.175781,0
282.0405,-97.910156,-2.385901,0.000000,0
282.0575,-98.085938,-2.389001,-0.175781,0
282.0727,-98.085938,-2.389001,0.000000,0
282.0879,-98.173828,-2.390552,-0.087891,0
282.1032,-98.261719,-2.392102,-0.087891,0
282.1185,-98.349609,-2.393652,-0.087891,0
282.1337,-98.437500,-2.395203,-0.087891,0
282.1489,-98.437500,-2.395203,0.000000,0
282.1642,-98.613281,-2.398303,-0.175781,0
282.1795,-98.613281,-2.398303,0.000000,0
282.1947,-98.701172,-2.399854,-0.087891,0
282.2099,-98.701172,-2.399854,0.000000,0
282.2252,-98.876953,-2.402954,-0.175781,0
282.2404,-98.876953,-2.402954,0.000000,0
282.2556,-98.964844,-2.404504,-0.087891,0
282.2715,-98.964844,-2.404504,0.000000,0
282.2867,-99.140625,-2.407605,-0.175781,0
282.3021,-99.140625,-2.407605,0.000000,0
282.3173,-99.140625,-2.407605,0.000000,0
282.3325,-99.316406,-2.410706,-0.175781,0
282.3477,-99.316406,-2.410706,0.000000,0
282.3629,-99.404297,-2.412256,-0.087891,0
282.3782,-99.404297,-2.412256,0.000000,0
282.3934,-99.580078,-2.415356,-0.175781,0
282.4086,-99.580078,-2.415356,0.000000,0
282.4238,-99.667969,-2.416907,-0.087891,0
282.4391,-99.755859,-2.418457,-0.087891,0
282.4543,-99.843750,-2.420007,-0.087891,0
282.4695,-99.843750,-2.420007,0.000000,0
282.4847,-99.931641,-2.421558,-0.087891,0
282.5000,-100.019531,-2.423108,-0.087891,0
282.5152,-100.107422,-2.424658,-0.087891,0
282.5305,-100.195312,-2.426208,-0.087891,0
282.5457,-100.283203,-2.427759,-0.087891,0
282.5609,-100.371094,-2.429309,-0.087891,0
282.5761,-100.458984,-2.430859,-0.087891,0
282.5914,-100.546875,-2.432410,-0.087891,0
282.6067,-100.546875,-2.432410,0.000000,0
282.6220,-100.634766,-2.433960,-0.087891,0
282.6372,-100.722656,-2.435510,-0.087891,0
282.6526,-100.810547,-2.437061,-0.087891,0
282.6678,-100.810547,-2.437061,0.000000,0
282.6835,-100.898438,-2.438611,-0.087891,0
282.6988,-100.986328,-2.440161,-0.087891,0
282.7140,-101.074219,-2.441711,-0.087891,0
282.7293,-101.074219,-2.441711,0.000000,0
282.7445,-101.162109,-2.443262,-0.087891,0
282.7597,-101.250000,-2.444812,-0.087891,0
282.7749,-101.337891,-2.446362,-0.087891,0
282.7901,-101.513672,-2.449463,-0.175781,0
282.8055,-101.513672,-2.449463,0.000000,0
282.8212,-101.601562,-2.451013,-0.087891,0
282.8364,-101.689453,-2.452563,-0.087891,0
282.8516,-101.777344,-2.454114,-0.087891,0
282.8668,-101.865234,-2.455664,-0.087891,0
282.8820,-101.953125,-2.457214,-0.087891,0
282.8979,-102.041016,-2.458765,-0.087891,0
282.9133,-102.128906,-2.460315,-0.087891,0
282.9285,-102.216797,-2.461865,-0.087891,0
282.9437,-102.216797,-2.461865,0.000000,0
282.9589,-102.392578,-2.464966,-0.175781,0
282.9741,-102.392578,-2.464966,0.000000,0
282.9893,-102.480469,-2.466516,-0.087891,0
283.0046,-102.480469,-2.466516,0.000000,0
283.0205,-102.656250,-2.469617,-0.175781,0
283.0357,-102.656250,-2.469617,0.000000,0
283.0510,-102.744141,-2.471167,-0.087891,0
283.0662,-102.832031,-2.472717,-0.087891,0
283.0814,-102.832031,-2.472717,0.000000,0
283.0967,-102.919922,-2.474268,-0.087891,0
283.1121,-103.007812,-2.475818,-0.087891,0
283.1274,-103.095703,-2.477368,-0.087891,0
283.1427,-103.095703,-2.477368,0.000000,0
283.1579,-103.183594,-2.478918,-0.087891,0
283.1732,-103.271484,-2.480469,-0.087891,0
283.1884,-103.359375,-2.482019,-0.087891,0
283.2036,-103.359375,-2.482019,0.000000,0
283.2189,-103.447266,-2.483569,-0.087891,0
283.2345,-103.535156,-2.485120,-0.087891,0
283.2497,-103.623047,-2.486670,-0.087891,0
283.2649,-103.623047,-2.486670,0.000000,0
283.2801,-103.710938,-2.488220,-0.087891,0
283.2953,-103.798828,-2.489771,-0.087891,0
283.3106,-103.886719,-2.491321,-0.087891,0
283.3258,-103.974609,-2.492871,-0.087891,0
283.3410,-103.974609,-2.492871,0.000000,0
283.3562,-104.150391,-2.495972,-0.175781,0
283.3714,-104.150391,-2.495972,0.000000,0
283.3866,-104.238281,-2.497522,-0.087891,0
283.4018,-104.238281,-2.497522,0.000000,0
283.4171,-104.326172,-2.499072,-0.087891,0
283.4323,-104.501953,-2.502173,-0.175781,0
283.4475,-104.501953,-2.502173,0.000000,0
283.4627,-104.589844,-2.503723,-0.087891,0
283.4779,-104.677734,-2.505273,-0.087891,0
283.4931,-104.765625,-2.506824,-0.087891,0
283.5083,-104.765625,-2.506824,0.000000,0
283.5236,-104.853516,-2.508374,-0.087891,0
283.5388,-104.853516,-2.508374,0.000000,0
283.5541,-104.941406,-2.509924,-0.087891,0
283.5693,-105.029297,-2.511475,-0.087891,0
283.5845,-105.117188,-2.513025,-0.087891,0
283.6001,-105.205078,-2.514575,-0.087891,0
283.6156,-105.292969,-2.516125,-0.087891,0
283.6309,-105.380859,-2.517676,-0.087891,0
283.6462,-105.380859,-2.517676,0.000000,0
283.6614,-105.556641,-2.520776,-0.175781,0
283.6766,-105.556641,-2.520776,0.000000,0
283.6918,-105.732422,-2.523877,-0.175781,0
283.7070,-105.732422,-2.523877,0.000000,0
283.7223,-105.820312,-2.525427,-0.087891,0
283.7375,-105.908203,-2.526978,-0.087891,0
283.7527,-105.996094,-2.528528,-0.087891,0
283.7679,-106.083984,-2.530078,-0.087891,0
283.7833,-106.083984,-2.530078,0.000000,0
283.7985,-106.171875,-2.531628,-0.087891,0
283.8137,-106.259766,-2.533179,-0.087891,0
283.8289,-106.347656,-2.534729,-0.087891,0
283.8441,-106.435547,-2.536279,-0.087891,0
283.8593,-106.523438,-2.537830,-0.087891,0
283.8746,-106.523438,-2.537830,0.000000,0
283.8898,-106.611328,-2.539380,-0.087891,0
283.9050,-106.611328,-2.539380,0.000000,0
283.9202,-106.699219,-2.540930,-0.087891,0
283.9355,-106.787109,-2.542480,-0.087891,0
283.9507,-106.875000,-2.544031,-0.087891,0
283.9659,-106.962891,-2.545581,-0.087891,0
283.9812,-106.962891,-2.545581,0.000000,0
283.9964,-107.050781,-2.547131,-0.087891,0
284.0116,-107.138672,-2.548682,-0.087891,0
284.0271,-107.226562,-2.550232,-0.087891,0
284.0423,-107.226562,-2.550232,0.000000,0
284.0575,-107.314453,-2.551782,-0.087891,0
284.0728,-107.402344,-2.553333,-0.087891,0
284.0880,-107.402344,-2.553333,0.000000,0
284.1033,-107.490234,-2.554883,-0.087891,0
284.1185,-107.578125,-2.556433,-0.087891,0
284.1338,-107.753906,-2.559534,-0.175781,0
284.1497,-107.753906,-2.559534,0.000000,0
284.1649,-107.841797,-2.561084,-0.087891,0
284.1801,-107.929688,-2.562634,-0.087891,0
284.1954,-108.017578,-2.564185,-0.087891,0
284.2107,-108.105469,-2.565735,-0.087891,0
284.2259,-108.193359,-2.567285,-0.087891,0
284.2411,-108.193359,-2.567285,0.000000,0
284.2568,-108.369141,-2.570386,-0.175781,0
284.2720,-108.369141,-2.570386,0.000000,0
284.2874,-108.457031,-2.571936,-0.087891,0
284.3026,-108.544922,-2.573486,-0.087891,0
284.3178,-108.544922,-2.573486,0.000000,0
284.3337,-108.632812,-2.575037,-0.087891,0
284.3490,-108.720703,-2.576587,-0.087891,0
284.3643,-108.808594,-2.578137,-0.087891,0
284.3796,-108.896484,-2.579688,-0.087891,0
284.3948,-108.984375,-2.581238,-0.087891,0
284.4100,-109.072266,-2.582788,-0.087891,0
284.4256,-109.072266,-2.582788,0.000000,0
284.4411,-109.160156,-2.584338,-0.087891,0
284.4563,-109.335938,-2.587439,-0.175781,0
284.4715,-109.423828,-2.588989,-0.087891,0
284.4867,-109.511719,-2.590540,-0.087891,0
284.5020,-109.599609,-2.592090,-0.087891,0
284.5172,-109.687500,-2.593640,-0.087891,0
284.5324,-109.687500,-2.593640,0.000000,0
284.5476,-109.775391,-2.595190,-0.087891,0
284.5629,-109.863281,-2.596741,-0.087891,0
284.5781,-109.951172,-2.598291,-0.087891,0
284.5934,-110.039062,-2.599841,-0.087891,0
284.6086,-110.039062,-2.599841,0.000000,0
284.6238,-110.126953,-2.601392,-0.087891,0
284.6391,-110.214844,-2.602942,-0.087891,0
284.6543,-110.302734,-2.604492,-0.087891,0
284.6695,-110.302734,-2.604492,0.000000,0
284.6847,-110.390625,-2.606042,-0.087891,0
284.6999,-110.478516,-2.607593,-0.087891,0
284.7151,-110.478516,-2.607593,0.000000,0
284.7304,-110.654297,-2.610693,-0.175781,0
284.7460,-110.654297,-2.610693,0.000000,0
284.7614,-110.742188,-2.612244,-0.087891,0
284.7767,-110.830078,-2.613794,-0.087891,0
284.7919,-110.917969,-2.615344,-0.087891,0
284.8073,-110.917969,-2.615344,0.000000,0
284.8225,-111.093750,-2.618445,-0.175781,0
284.8378,-111.093750,-2.618445,0.000000,0
284.8530,-111.181641,-2.619995,-0.087891,0
284.8682,-111.269531,-2.621545,-0.087891,0
284.8834,-111.269531,-2.621545,0.000000,0
284.8986,-111.445312,-2.624646,-0.175781,0
284.9139,-111.445312,-2.624646,0.000000,0
284.9291,-111.533203,-2.626196,-0.087891,0
284.9444,-111.533203,-2.626196,0.000000,0
284.9596,-111.621094,-2.627747,-0.087891,0
284.9748,-111.708984,-2.629297,-0.087891,0
284.9900,-111.796875,-2.630847,-0.087891,0
285.0053,-111.884766,-2.632397,-0.087891,0
285.0206,-111.884766,-2.632397,0.000000,0
285.0358,-112.060547,-2.635498,-0.175781,0
285.0510,-112.060547,-2.635498,0.000000,0
285.0662,-112.236328,-2.638599,-0.175781,0
285.0815,-112.236328,-2.638599,0.000000,0
285.0967,-112.324219,-2.640149,-0.087891,0
285.1125,-112.412109,-2.641699,-0.087891,0
285.1279,-112.500000,-2.643250,-0.087891,0
285.1431,-112.500000,-2.643250,0.000000,0
285.1584,-112.587891,-2.644800,-0.087891,0
285.1737,-112.675781,-2.646350,-0.087891,0
285.1889,-112.763672,-2.647900,-0.087891,0
285.2048,-112.851562,-2.649451,-0.087891,0
285.2207,-112.939453,-2.651001,-0.087891,0
285.2362,-112.939453,-2.651001,0.000000,0
285.2516,-113.027344,-2.652551,-0.087891,0
285.2668,-113.203125,-2.655652,-0.175781,0
285.2821,-113.203125,-2.655652,0.000000,0
285.2973,-113.378906,-2.658752,-0.175781,0
285.3125,-113.378906,-2.658752,0.000000,0
285.3277,-113.554688,-2.661853,-0.175781,0
285.3430,-113.554688,-2.661853,0.000000,0
285.3582,-113.642578,-2.663403,-0.087891,0
285.3735,-113.730469,-2.664954,-0.087891,0
285.3887,-113.818359,-2.666504,-0.087891,0
285.4039,-113.906250,-2.668054,-0.087891,0
285.4191,-113.906250,-2.668054,0.000000,0
285.4343,-113.994141,-2.669604,-0.087891,0
285.4496,-114.082031,-2.671155,-0.087891,0
285.4649,-114.169922,-2.672705,-0.087891,0
285.4801,-114.169922,-2.672705,0.000000,0
285.4953,-114.257812,-2.674255,-0.087891,0
285.5106,-114.257812,-2.674255,0.000000,0
285.5258,-114.433594,-2.677356,-0.175781,0
285.5411,-114.433594,-2.677356,0.000000,0
285.5563,-114.521484,-2.678906,-0.087891,0
285.5715,-114.521484,-2.678906,0.000000,0
285.5867,-114.609375,-2.680457,-0.087891,0
285.6019,-114.697266,-2.682007,-0.087891,0
285.6172,-114.785156,-2.683557,-0.087891,0
285.6324,-114.873047,-2.685107,-0.087891,0
285.6476,-114.873047,-2.685107,0.000000,0
285.6629,-114.960938,-2.686658,-0.087891,0
285.6789,-115.048828,-2.688208,-0.087891,0
285.6941,-115.136719,-2.689758,-0.087891,0
285.7094,-115.224609,-2.691309,-0.087891,0
285.7246,-115.312500,-2.692859,-0.087891,0
285.7399,-115.400391,-2.694409,-0.087891,0
285.7552,-115.488281,-2.695959,-0.087891,0
285.7705,-115.488281,-2.695959,0.000000,0
285.7861,-115.576172,-2.697510,-0.087891,0
285.8013,-115.664062,-2.699060,-0.087891,0
285.8166,-115.751953,-2.700610,-0.087891,0
285.8318,-115.839844,-2.702161,-0.087891,0
285.8470,-115.839844,-2.702161,0.000000,0
285.8622,-116.015625,-2.705261,-0.175781,0
285.8774,-116.015625,-2.705261,0.000000,0
285.8927,-116.103516,-2.706812,-0.087891,0
285.9079,-116.103516,-2.706812,0.000000,0
285.9231,-116.191406,-2.708362,-0.087891,0
285.9384,-116.279297,-2.709912,-0.087891,0
285.9536,-116.367188,-2.711462,-0.087891,0
285.9688,-116.455078,-2.713013,-0.087891,0
285.9840,-116.455078,-2.713013,0.000000,0
285.9992,-116.630859,-2.716113,-0.175781,0
286.0145,-116.718750,-2.717664,-0.087891,0
286.0297,-116.718750,-2.717664,0.000000,0
286.0450,-116.806641,-2.719214,-0.087891,0
286.0604,-116.894531,-2.720764,-0.087891,0
286.0756,-116.982422,-2.722314,-0.087891,0
286.0908,-117.070312,-2.723865,-0.087891,0
286.1060,-117.158203,-2.725415,-0.087891,0
286.1212,-117.246094,-2.726965,-0.087891,0
286.1365,-117.246094,-2.726965,0.000000,0
286.1517,-117.333984,-2.728516,-0.087891,0
286.1669,-117.421875,-2.730066,-0.087891,0
286.1821,-117.509766,-2.731616,-0.087891,0
286.1973,-117.597656,-2.733167,-0.087891,0
286.2126,-117.685547,-2.734717,-0.087891,0
286.2279,-117.773438,-2.736267,-0.087891,0
286.2431,-117.861328,-2.737817,-0.087891,0
286.2590,-117.861328,-2.737817,0.000000,0
286.2742,-117.949219,-2.739368,-0.087891,0
286.2894,-118.037109,-2.740918,-0.087891,0
286.3047,-118.125000,-2.742468,-0.087891,0
286.3199,-118.125000,-2.742468,0.000000,0
286.3352,-118.212891,-2.744019,-0.087891,0
286.3504,-118.300781,-2.745569,-0.087891,0
286.3657,-118.388672,-2.747119,-0.087891,0
286.3809,-118.388672,-2.747119,0.000000,0
286.3961,-118.476562,-2.748669,-0.087891,0
286.4113,-118.476562,-2.748669,0.000000,0
286.4266,-118.564453,-2.750220,-0.087891,0
286.4418,-118.652344,-2.751770,-0.087891,0
286.4570,-118.740234,-2.753320,-0.087891,0
286.4723,-118.828125,-2.754871,-0.087891,0
286.4875,-118.828125,-2.754871,0.000000,0
286.5027,-119.003906,-2.757971,-0.175781,0
286.5180,-119.003906,-2.757971,0.000000,0
286.5332,-119.091797,-2.759521,-0.087891,0
286.5486,-119.179688,-2.761072,-0.087891,0
286.5638,-119.179688,-2.761072,0.000000,0
286.5790,-119.267578,-2.762622,-0.087891,0
286.5943,-119.443359,-2.765723,-0.175781,0
286.6099,-119.443359,-2.765723,0.000000,0
286.6251,-119.531250,-2.767273,-0.087891,0
286.6403,-119.619141,-2.768823,-0.087891,0
286.6556,-119.619141,-2.768823,0.000000,0
286.6708,-119.707031,-2.770374,-0.087891,0
286.6860,-119.794922,-2.771924,-0.087891,0
286.7012,-119.882812,-2.773474,-0.087891,0
286.7164,-119.970703,-2.775024,-0.087891,0
286.7316,-120.058594,-2.776575,-0.087891,0
286.7469,-120.058594,-2.776575,0.000000,0
286.7621,-120.146484,-2.778125,-0.087891,0
286.7773,-120.234375,-2.779675,-0.087891,0
286.7925,-120.322266,-2.781226,-0.087891,0
286.8077,-120.322266,-2.781226,0.000000,0
286.8230,-120.410156,-2.782776,-0.087891,0
286.8382,-120.585938,-2.785876,-0.175781,0
286.8535,-120.585938,-2.785876,0.000000,0
286.8688,-120.761719,-2.788977,-0.175781,0
286.8841,-120.849609,-2.790527,-0.087891,0
286.8993,-120.937500,-2.792078,-0.087891,0
286.9145,-120.937500,-2.792078,0.000000,0
286.9305,-121.113281,-2.795178,-0.175781,0
286.9458,-121.113281,-2.795178,0.000000,0
286.9614,-121.201172,-2.796729,-0.087891,0
286.9766,-121.289062,-2.798279,-0.087891,0
286.9918,-121.376953,-2.799829,-0.087891,0
287.0070,-121.464844,-2.801379,-0.087891,0
287.0222,-121.464844,-2.801379,0.000000,0
287.0375,-121.552734,-2.802930,-0.087891,0
287.0528,-121.640625,-2.804480,-0.087891,0
287.0682,-121.728516,-2.806030,-0.087891,0
287.0835,-121.728516,-2.806030,0.000000,0
287.0987,-121.904297,-2.809131,-0.175781,0
287.1139,-121.904297,-2.809131,0.000000,0
287.1292,-121.992188,-2.810681,-0.087891,0
287.1444,-121.992188,-2.810681,0.000000,0
287.1603,-122.167969,-2.813782,-0.175781,0
287.1755,-122.167969,-2.813782,0.000000,0
287.1907,-122.255859,-2.815332,-0.087891,0
287.2059,-122.343750,-2.816882,-0.087891,0
287.2211,-122.343750,-2.816882,0.000000,0
287.2364,-122.431641,-2.818433,-0.087891,0
287.2516,-122.431641,-2.818433,0.000000,0
287.2671,-122.519531,-2.819983,-0.087891,0
287.2823,-122.607422,-2.821533,-0.087891,0
287.2975,-122.695312,-2.823083,-0.087891,0
287.3132,-122.783203,-2.824634,-0.087891,0
287.3284,-122.871094,-2.826184,-0.087891,0
287.3436,-122.871094,-2.826184,0.000000,0
287.3589,-122.958984,-2.827734,-0.087891,0
287.3742,-123.046875,-2.829285,-0.087891,0
287.3894,-123.046875,-2.829285,0.000000,0
287.4046,-123.134766,-2.830835,-0.087891,0
287.4198,-123.222656,-2.832385,-0.087891,0
287.4350,-123.310547,-2.833936,-0.087891,0
287.4503,-123.398438,-2.835486,-0.087891,0
287.4655,-123.486328,-2.837036,-0.087891,0
287.4807,-123.574219,-2.838586,-0.087891,0
287.4959,-123.662109,-2.840137,-0.087891,0
287.5112,-123.750000,-2.841687,-0.087891,0
287.5265,-123.837891,-2.843237,-0.087891,0
287.5417,-123.925781,-2.844788,-0.087891,0
287.5571,-123.925781,-2.844788,0.000000,0
287.5723,-124.013672,-2.846338,-0.087891,0
287.5875,-124.101562,-2.847888,-0.087891,0
287.6028,-124.101562,-2.847888,0.000000,0
287.6180,-124.189453,-2.849438,-0.087891,0
287.6332,-124.277344,-2.850989,-0.087891,0
287.6484,-124.365234,-2.852539,-0.087891,0
287.6637,-124.453125,-2.854089,-0.087891,0
287.6790,-124.541016,-2.855640,-0.087891,0
287.6943,-124.628906,-2.857190,-0.087891,0
287.7095,-124.716797,-2.858740,-0.087891,0
287.7247,-124.716797,-2.858740,0.000000,0
287.7399,-124.804688,-2.860291,-0.087891,0
287.7552,-124.892578,-2.861841,-0.087891,0
287.7705,-125.068359,-2.864941,-0.175781,0
287.7859,-125.068359,-2.864941,0.000000,0
287.8011,-125.156250,-2.866492,-0.087891,0
287.8166,-125.244141,-2.868042,-0.087891,0
287.8318,-125.332031,-2.869592,-0.087891,0
287.8470,-125.419922,-2.871143,-0.087891,0
287.8623,-125.507812,-2.872693,-0.087891,0
287.8776,-125.507812,-2.872693,0.000000,0
287.8928,-125.595703,-2.874243,-0.087891,0
287.9081,-125.683594,-2.875793,-0.087891,0
287.9233,-125.683594,-2.875793,0.000000,0
287.9385,-125.771484,-2.877344,-0.087891,0
287.9537,-125.859375,-2.878894,-0.087891,0
287.9690,-125.947266,-2.880444,-0.087891,0
287.9843,-125.947266,-2.880444,0.000000,0
287.9995,-126.035156,-2.881995,-0.087891,0
288.0148,-126.123047,-2.883545,-0.087891,0
288.0300,-126.210938,-2.885095,-0.087891,0
288.0452,-126.210938,-2.885095,0.000000,0
288.0604,-126.298828,-2.886646,-0.087891,0
288.0758,-126.386719,-2.888196,-0.087891,0
288.0910,-126.386719,-2.888196,0.000000,0
288.1063,-126.562500,-2.891296,-0.175781,0
288.1215,-126.562500,-2.891296,0.000000,0
288.1368,-126.650391,-2.892847,-0.087891,0
288.1520,-126.650391,-2.892847,0.000000,0
288.1673,-126.826172,-2.895947,-0.175781,0
288.1825,-126.826172,-2.895947,0.000000,0
288.1977,-126.914062,-2.897498,-0.087891,0
288.2129,-127.001953,-2.899048,-0.087891,0
288.2281,-127.089844,-2.900598,-0.087891,0
288.2434,-127.089844,-2.900598,0.000000,0
288.2586,-127.177734,-2.902148,-0.087891,0
288.2738,-127.265625,-2.903699,-0.087891,0
288.2890,-127.353516,-2.905249,-0.087891,0
288.3108,-127.441406,-2.906799,-0.087891,0
288.3265,-127.529297,-2.908350,-0.087891,0
288.3417,-127.617188,-2.909900,-0.087891,0
288.3570,-127.705078,-2.911450,-0.087891,0
288.3722,-127.705078,-2.911450,0.000000,0
288.3874,-127.792969,-2.913000,-0.087891,0
288.4026,-127.880859,-2.914551,-0.087891,0
288.4179,-127.968750,-2.916101,-0.087891,0
288.4331,-127.968750,-2.916101,0.000000,0
288.4483,-128.144531,-2.919202,-0.175781,0
288.4635,-128.232422,-2.920752,-0.087891,0
288.4798,-128.320312,-2.922302,-0.087891,0
288.4951,-128.320312,-2.922302,0.000000,0
288.5103,-128.408203,-2.923853,-0.087891,0
288.5256,-128.496094,-2.925403,-0.087891,0
288.5408,-128.583984,-2.926953,-0.087891,0
288.5560,-128.671875,-2.928503,-0.087891,0
288.5713,-128.759766,-2.930054,-0.087891,0
288.5865,-128.847656,-2.931604,-0.087891,0
288.6019,-128.935547,-2.933154,-0.087891,0
288.6171,-129.023438,-2.934705,-0.087891,0
288.6323,-129.111328,-2.936255,-0.087891,0
288.6475,-129.199219,-2.937805,-0.087891,0
288.6628,-129.199219,-2.937805,0.000000,0
288.6780,-129.287109,-2.939355,-0.087891,0
288.6932,-129.375000,-2.940906,-0.087891,0
288.7084,-129.462891,-2.942456,-0.087891,0
288.7237,-129.550781,-2.944006,-0.087891,0
288.7389,-129.550781,-2.944006,0.000000,0
288.7541,-129.638672,-2.945557,-0.087891,0
288.7694,-129.726562,-2.947107,-0.087891,0
288.7854,-129.726562,-2.947107,0.000000,0
288.8006,-129.814453,-2.948657,-0.087891,0
288.8160,-129.902344,-2.950208,-0.087891,0
288.8313,-129.902344,-2.950208,0.000000,0
288.8465,-129.990234,-2.951758,-0.087891,0
288.8624,-130.078125,-2.953308,-0.087891,0
288.8776,-130.078125,-2.953308,0.000000,0
288.8928,-130.166016,-2.954858,-0.087891,0
288.9081,-130.253906,-2.956409,-0.087891,0
288.9233,-130.341797,-2.957959,-0.087891,0
288.9385,-130.341797,-2.957959,0.000000,0
288.9538,-130.429688,-2.959509,-0.087891,0
288.9690,-130.517578,-2.961060,-0.087891,0
288.9843,-130.605469,-2.962610,-0.087891,0
288.9995,-130.693359,-2.964160,-0.087891,0
289.0147,-130.781250,-2.965710,-0.087891,0
289.0300,-130.781250,-2.965710,0.000000,0
289.0452,-130.869141,-2.967261,-0.087891,0
289.0604,-130.957031,-2.968811,-0.087891,0
289.0757,-131.044922,-2.970361,-0.087891,0
289.0910,-131.132812,-2.971912,-0.087891,0
289.1066,-131.220703,-2.973462,-0.087891,0
289.1219,-131.308594,-2.975012,-0.087891,0
289.1371,-131.396484,-2.976563,-0.087891,0
289.1523,-131.484375,-2.978113,-0.087891,0
289.1675,-131.484375,-2.978113,0.000000,0
289.1828,-131.572266,-2.979663,-0.087891,0
289.1981,-131.572266,-2.979663,0.000000,0
289.2133,-131.660156,-2.981213,-0.087891,0
289.2285,-131.748047,-2.982764,-0.087891,0
289.2437,-131.835938,-2.984314,-0.087891,0
289.2590,-131.923828,-2.985864,-0.087891,0
289.2742,-132.011719,-2.987415,-0.087891,0
289.2901,-132.099609,-2.988965,-0.087891,0
289.3056,-132.187500,-2.990515,-0.087891,0
289.3218,-132.275391,-2.992065,-0.087891,0
289.3374,-132.363281,-2.993616,-0.087891,0
289.3526,-132.451172,-2.995166,-0.087891,0
289.3678,-132.539062,-2.996716,-0.087891,0
289.3831,-132.626953,-2.998267,-0.087891,0
289.3983,-132.626953,-2.998267,0.000000,0
289.4135,-132.802734,-3.001367,-0.175781,0
289.4289,-132.802734,-3.001367,0.000000,0
289.4441,-132.890625,-3.002917,-0.087891,0
289.4593,-132.978516,-3.004468,-0.087891,0
289.4746,-132.978516,-3.004468,0.000000,0
289.4898,-133.154297,-3.007568,-0.175781,0
289.5050,-133.154297,-3.007568,0.000000,0
289.5202,-133.330078,-3.010669,-0.175781,0
289.5356,-133.330078,-3.010669,0.000000,0
289.5508,-133.417969,-3.012219,-0.087891,0
289.5660,-133.417969,-3.012219,0.000000,0
289.5812,-133.505859,-3.013770,-0.087891,0
289.5965,-133.593750,-3.015320,-0.087891,0
289.6117,-133.681641,-3.016870,-0.087891,0
289.6269,-133.681641,-3.016870,0.000000,0
289.6421,-133.769531,-3.018420,-0.087891,0
289.6574,-133.769531,-3.018420,0.000000,0
289.6726,-133.857422,-3.019971,-0.087891,0
289.6878,-133.945312,-3.021521,-0.087891,0
289.7030,-133.945312,-3.021521,0.000000,0
289.7182,-134.033203,-3.023071,-0.087891,0
289.7335,-134.121094,-3.024622,-0.087891,0
289.7487,-134.208984,-3.026172,-0.087891,0
289.7639,-134.296875,-3.027722,-0.087891,0
289.7793,-134.384766,-3.029272,-0.087891,0
289.7946,-134.472656,-3.030823,-0.087891,0
289.8098,-134.472656,-3.030823,0.000000,0
289.8250,-134.648438,-3.033923,-0.175781,0
289.8404,-134.648438,-3.033923,0.000000,0
289.8556,-134.736328,-3.035474,-0.087891,0
289.8708,-134.736328,-3.035474,0.000000,0
289.8860,-134.912109,-3.038574,-0.175781,0
289.9012,-134.912109,-3.038574,0.000000,0
289.9164,-135.000000,-3.040125,-0.087891,0
289.9317,-135.087891,-3.041675,-0.087891,0
289.9469,-135.175781,-3.044775,-0.087891,0
289.9621,-135.263672,-3.044775,-0.087891,0
289.9773,-135.263672,-3.044775,0.000000,0
289.9925,-135.351562,-3.046326,-0.087891,0
290.0077,-135.439453,-3.047876,-0.087891,0
290.0229,-135.527344,-3.049426,-0.087891,0
290.0382,-135.615234,-3.050977,-0.087891,0
290.0534,-135.703125,-3.052527,-0.087891,0
290.0686,-135.791016,-3.054077,-0.087891,0
290.0838,-135.878906,-3.055627,-0.087891,0
290.0991,-135.878906,-3.055627,0.000000,0
290.1144,-135.966797,-3.057178,-0.087891,0
290.1296,-136.054688,-3.058728,-0.087891,0
290.1449,-136.142578,-3.060278,-0.087891,0
290.1601,-136.230469,-3.061829,-0.087891,0
290.1754,-136.318359,-3.063379,-0.087891,0
290.1906,-136.494141,-3.066479,-0.175781,0
290.2059,-136.494141,-3.066479,0.000000,0
290.2212,-136.582031,-3.068030,-0.087891,0
290.2364,-136.669922,-3.069580,-0.087891,0
290.2518,-136.757812,-3.071130,-0.087891,0
290.2678,-136.757812,-3.071130,0.000000,0
290.2830,-136.845703,-3.072681,-0.087891,0
290.2982,-136.933594,-3.074231,-0.087891,0
290.3135,-137.021484,-3.075781,-0.087891,0
290.3287,-137.021484,-3.075781,0.000000,0
290.3439,-137.109375,-3.077332,-0.087891,0
290.3591,-137.197266,-3.078882,-0.087891,0
290.3743,-137.197266,-3.078882,0.000000,0
290.3895,-137.285156,-3.080432,-0.087891,0
290.4048,-137.373047,-3.081982,-0.087891,0
290.4200,-137.460938,-3.083533,-0.087891,0
290.4352,-137.460938,-3.083533,0.000000,0
290.4505,-137.636719,-3.086633,-0.175781,0
290.4657,-137.636719,-3.086633,0.000000,0
290.4813,-137.724609,-3.088184,-0.087891,0
290.4966,-137.724609,-3.088184,0.000000,0
290.5125,-137.812500,-3.089734,-0.087891,0
290.5278,-137.900391,-3.091284,-0.087891,0
290.5430,-137.988281,-3.092834,-0.087891,0
290.5582,-138.076172,-3.094385,-0.087891,0
290.5734,-138.076172,-3.094385,0.000000,0
290.5886,-138.251953,-3.097485,-0.175781,0
290.6039,-138.251953,-3.097485,0.000000,0
290.6191,-138.339844,-3.099036,-0.087891,0
290.6343,-138.339844,-3.099036,0.000000,0
290.6495,-138.515625,-3.102136,-0.175781,0
290.6647,-138.515625,-3.102136,0.000000,0
290.6799,-138.603516,-3.103687,-0.087891,0
290.6953,-138.691406,-3.105237,-0.087891,0
290.7106,-138.779297,-3.106787,-0.087891,0
290.7259,-138.867188,-3.108337,-0.087891,0
290.7411,-138.955078,-3.109888,-0.087891,0
290.7564,-138.955078,-3.109888,0.000000,0
290.7716,-139.042969,-3.111438,-0.087891,0
290.7868,-139.130859,-3.112988,-0.087891,0
290.8023,-139.130859,-3.112988,0.000000,0
290.8181,-139.218750,-3.114539,-0.087891,0
290.8334,-139.306641,-3.116089,-0.087891,0
290.8486,-139.394531,-3.117639,-0.087891,0
290.8638,-139.482422,-3.119189,-0.087891,0
290.8790,-139.482422,-3.119189,0.000000,0
290.8954,-139.570312,-3.120740,-0.087891,0
290.9107,-139.658203,-3.122290,-0.087891,0
290.9259,-139.746094,-3.123840,-0.087891,0
290.9411,-139.833984,-3.125391,-0.087891,0
290.9563,-139.921875,-3.126941,-0.087891,0
290.9715,-140.009766,-3.128491,-0.087891,0
290.9867,-140.097656,-3.130042,-0.087891,0
291.0020,-140.097656,-3.130042,0.000000,0
291.0172,-140.273438,-3.133142,-0.175781,0
291.0324,-140.273438,-3.133142,0.000000,0
291.0477,-140.361328,-3.134692,-0.087891,0
291.0629,-140.449219,-3.136243,-0.087891,0
291.0781,-140.449219,-3.136243,0.000000,0
291.0933,-140.537109,-3.137793,-0.087891,0
291.1086,-140.625000,-3.139343,-0.087891,0
291.1238,-140.712891,-3.140894,-0.087891,0
291.1391,-140.712891,-3.140894,0.000000,0
291.1544,-140.800781,-3.142444,-0.087891,0
291.1696,-140.800781,-3.142444,0.000000,0
291.1848,-140.888672,-3.143994,-0.087891,0
291.2000,-140.976562,-3.145544,-0.087891,0
291.2153,-141.064453,-3.147095,-0.087891,0
291.2305,-141.064453,-3.147095,0.000000,0
291.2457,-141.064453,-3.147095,0.000000,0
291.2609,-141.152344,-3.148645,-0.087891,0
291.2762,-141.240234,-3.150195,-0.087891,0
291.2914,-141.328125,-3.151746,-0.087891,0
291.3067,-141.328125,-3.151746,0.000000,0
291.3221,-141.416016,-3.153296,-0.087891,0
291.3377,-141.416016,-3.153296,0.000000,0
291.3529,-141.591797,-3.156396,-0.175781,0
291.3681,-141.591797,-3.156396,0.000000,0
291.3833,-141.679688,-3.157947,-0.087891,0
291.3986,-141.767578,-3.159497,-0.087891,0
291.4143,-141.855469,-3.161047,-0.087891,0
291.4295,-141.943359,-3.162598,-0.087891,0
291.4447,-142.031250,-3.164148,-0.087891,0
291.4599,-142.031250,-3.164148,0.000000,0
291.4751,-142.119141,-3.165698,-0.087891,0
291.4903,-142.207031,-3.167249,-0.087891,0
291.5056,-142.294922,-3.168799,-0.087891,0
291.5209,-142.382812,-3.170349,-0.087891,0
291.5361,-142.470703,-3.171899,-0.087891,0
291.5514,-142.470703,-3.171899,0.000000,0
291.5666,-142.558594,-3.173450,-0.087891,0
291.5818,-142.646484,-3.175000,-0.087891,0
291.5970,-142.646484,-3.175000,0.000000,0
291.6123,-142.734375,-3.176550,-0.087891,0
291.6276,-142.910156,-3.179651,-0.175781,0
291.6428,-142.910156,-3.179651,0.000000,0
291.6580,-143.085938,-3.182751,-0.175781,0
291.6733,-143.085938,-3.182751,0.000000,0
291.6885,-143.173828,-3.184302,-0.087891,0
291.7037,-143.261719,-3.185852,-0.087891,0
291.7189,-143.437500,-3.188953,-0.175781,0
291.7341,-143.437500,-3.188953,0.000000,0
291.7493,-143.525391,-3.190503,-0.087891,0
291.7646,-143.613281,-3.192053,-0.087891,0
291.7798,-143.701172,-3.193604,-0.087891,0
291.7951,-143.789062,-3.195154,-0.087891,0
291.8103,-143.876953,-3.196704,-0.087891,0
291.8256,-143.964844,-3.198254,-0.087891,0
291.8408,-143.964844,-3.198254,0.000000,0
291.8560,-144.052734,-3.199805,-0.087891,0
291.8713,-144.140625,-3.201355,-0.087891,0
291.8865,-144.228516,-3.202905,-0.087891,0
291.9019,-144.228516,-3.202905,0.000000,0
291.9171,-144.316406,-3.204456,-0.087891,0
291.9324,-144.404297,-3.206006,-0.087891,0
291.9476,-144.492188,-3.207556,-0.087891,0
291.9628,-144.492188,-3.207556,0.000000,0
291.9783,-144.580078,-3.209106,-0.087891,0
291.9936,-144.580078,-3.209106,0.000000,0
292.0089,-144.667969,-3.210657,-0.087891,0
292.0242,-144.755859,-3.212207,-0.087891,0
292.0396,-144.843750,-3.213757,-0.087891,0
292.0548,-144.931641,-3.215308,-0.087891,0
292.0702,-145.019531,-3.216858,-0.087891,0
292.0854,-145.107422,-3.218408,-0.087891,0
292.1006,-145.107422,-3.218408,0.000000,0
292.1160,-145.195312,-3.219958,-0.087891,0
292.1312,-145.283203,-3.221509,-0.087891,0
292.1464,-145.283203,-3.221509,0.000000,0
292.1616,-145.458984,-3.224609,-0.175781,0
292.1769,-145.458984,-3.224609,0.000000,0
292.1920,-145.546875,-3.226160,-0.087891,0
292.2073,-145.634766,-3.227710,-0.087891,0
292.2225,-145.722656,-3.229260,-0.087891,0
292.2378,-145.810547,-3.230811,-0.087891,0
292.2537,-145.898438,-3.232361,-0.087891,0
292.2689,-145.986328,-3.233911,-0.087891,0
292.2842,-145.986328,-3.233911,0.000000,0
292.2994,-146.074219,-3.235461,-0.087891,0
292.3146,-146.162109,-3.237012,-0.087891,0
292.3299,-146.250000,-3.238562,-0.087891,0
292.3453,-146.250000,-3.238562,0.000000,0
292.3605,-146.337891,-3.240112,-0.087891,0
292.3760,-146.425781,-3.241663,-0.087891,0
292.3913,-146.513672,-3.243213,-0.087891,0
292.4066,-146.601562,-3.244763,-0.087891,0
292.4228,-146.689453,-3.246313,-0.087891,0
292.4381,-146.777344,-3.247864,-0.087891,0
292.4534,-146.953125,-3.250964,-0.175781,0
292.4686,-147.041016,-3.252515,-0.087891,0
292.4838,-147.128906,-3.254065,-0.087891,0
292.4990,-147.216797,-3.255615,-0.087891,0
292.5142,-147.304688,-3.257166,-0.087891,0
292.5295,-147.392578,-3.258716,-0.087891,0
292.5447,-147.392578,-3.258716,0.000000,0
292.5599,-147.568359,-3.261816,-0.175781,0
292.5751,-147.568359,-3.261816,0.000000,0
292.5903,-147.656250,-3.263367,-0.087891,0
292.6062,-147.744141,-3.264917,-0.087891,0
292.6214,-147.832031,-3.266467,-0.087891,0
292.6367,-147.832031,-3.266467,0.000000,0
292.6520,-148.007812,-3.269568,-0.175781,0
292.6672,-148.007812,-3.269568,0.000000,0
292.6825,-148.095703,-3.271118,-0.087891,0
292.6982,-148.183594,-3.272668,-0.087891,0
292.7134,-148.183594,-3.272668,0.000000,0
292.7287,-148.271484,-3.274219,-0.087891,0
292.7439,-148.271484,-3.274219,0.000000,0
292.7592,-148.359375,-3.275769,-0.087891,0
292.7744,-148.447266,-3.277319,-0.087891,0
292.7896,-148.535156,-3.278870,-0.087891,0
292.8048,-148.623047,-3.280420,-0.087891,0
292.8200,-148.710938,-3.281970,-0.087891,0
292.8353,-148.710938,-3.281970,0.000000,0
292.8505,-148.798828,-3.283521,-0.087891,0
292.8657,-148.886719,-3.285071,-0.087891,0
292.8809,-148.974609,-3.286621,-0.087891,0
292.8962,-148.974609,-3.286621,0.000000,0
292.9120,-149.062500,-3.288171,-0.087891,0
292.9274,-149.238281,-3.291272,-0.175781,0
292.9426,-149.238281,-3.291272,0.000000,0
292.9579,-149.326172,-3.292822,-0.087891,0
292.9731,-149.414062,-3.294373,-0.087891,0
292.9883,-149.501953,-3.295923,-0.087891,0
293.0035,-149.501953,-3.295923,0.000000,0
293.0187,-149.677734,-3.299023,-0.175781,0
293.0340,-149.677734,-3.299023,0.000000,0
293.0499,-149.765625,-3.300574,-0.087891,0
293.0651,-149.853516,-3.302124,-0.087891,0
293.0807,-149.941406,-3.303674,-0.087891,0
293.0968,-149.941406,-3.303674,0.000000,0
293.1120,-150.029297,-3.305225,-0.087891,0
293.1273,-150.117188,-3.306775,-0.087891,0
293.1425,-150.205078,-3.308325,-0.087891,0
293.1578,-150.292969,-3.309875,-0.087891,0
293.1730,-150.380859,-3.311426,-0.087891,0
293.1882,-150.468750,-3.312976,-0.087891,0
293.2034,-150.468750,-3.312976,0.000000,0
293.2186,-150.644531,-3.316077,-0.175781,0
293.2339,-150.732422,-3.317627,-0.087891,0
293.2493,-150.820312,-3.319177,-0.087891,0
293.2645,-150.820312,-3.319177,0.000000,0
293.2797,-150.996094,-3.322278,-0.175781,0
293.2949,-150.996094,-3.322278,0.000000,0
293.3101,-151.083984,-3.323828,-0.087891,0
293.3253,-151.171875,-3.325378,-0.087891,0
293.3409,-151.259766,-3.326929,-0.087891,0
293.3561,-151.347656,-3.328479,-0.087891,0
293.3713,-151.435547,-3.330029,-0.087891,0
293.3865,-151.523438,-3.331580,-0.087891,0
293.4019,-151.611328,-3.333130,-0.087891,0
293.4171,-151.611328,-3.333130,0.000000,0
293.4323,-151.699219,-3.334680,-0.087891,0
293.4476,-151.787109,-3.336230,-0.087891,0
293.4628,-151.787109,-3.336230,0.000000,0
293.4780,-151.875000,-3.337781,-0.087891,0
293.4932,-151.962891,-3.339331,-0.087891,0
293.5084,-152.050781,-3.340881,-0.087891,0
293.5237,-152.050781,-3.340881,0.000000,0
293.5390,-152.138672,-3.342432,-0.087891,0
293.5542,-152.226562,-3.343982,-0.087891,0
293.5694,-152.314453,-3.345532,-0.087891,0
293.5846,-152.314453,-3.345532,0.000000,0
293.5999,-152.402344,-3.347083,-0.087891,0
293.6151,-152.490234,-3.348633,-0.087891,0
293.6304,-152.578125,-3.350183,-0.087891,0
293.6456,-152.578125,-3.350183,0.000000,0
293.6608,-152.666016,-3.351733,-0.087891,0
293.6760,-152.753906,-3.353284,-0.087891,0
293.6913,-152.841797,-3.354834,-0.087891,0
293.7065,-152.929688,-3.356384,-0.087891,0
293.7217,-153.017578,-3.357935,-0.087891,0
293.7370,-153.105469,-3.359485,-0.087891,0
293.7523,-153.193359,-3.361035,-0.087891,0
293.7675,-153.193359,-3.361035,0.000000,0
293.7827,-153.281250,-3.362585,-0.087891,0
293.7979,-153.369141,-3.364136,-0.087891,0
293.8132,-153.457031,-3.365686,-0.087891,0
293.8286,-153.544922,-3.367236,-0.087891,0
293.8438,-153.544922,-3.367236,0.000000,0
293.8590,-153.632812,-3.368787,-0.087891,0
293.8743,-153.720703,-3.370337,-0.087891,0
293.8895,-153.720703,-3.370337,0.000000,0
293.9047,-153.808594,-3.371887,-0.087891,0
293.9199,-153.896484,-3.373438,-0.087891,0
293.9351,-153.984375,-3.374988,-0.087891,0
293.9505,-154.072266,-3.376538,-0.087891,0
293.9657,-154.160156,-3.378088,-0.087891,0
293.9809,-154.160156,-3.378088,0.000000,0
293.9961,-154.335938,-3.381189,-0.175781,0
294.0113,-154.423828,-3.382739,-0.087891,0
294.0266,-154.511719,-3.384290,-0.087891,0
294.0421,-154.511719,-3.384290,0.000000,0
294.0574,-154.687500,-3.387390,-0.175781,0
294.0726,-154.775391,-3.388940,-0.087891,0
294.0878,-154.863281,-3.390491,-0.087891,0
294.1031,-154.863281,-3.390491,0.000000,0
294.1184,-154.951172,-3.392041,-0.087891,0
294.1336,-155.039062,-3.393591,-0.087891,0
294.1490,-155.039062,-3.393591,0.000000,0
294.1642,-155.214844,-3.396692,-0.175781,0
294.1794,-155.214844,-3.396692,0.000000,0
294.1948,-155.302734,-3.398242,-0.087891,0
294.2100,-155.390625,-3.399792,-0.087891,0
294.2252,-155.478516,-3.401343,-0.087891,0
294.2411,-155.478516,-3.401343,0.000000,0
294.2564,-155.566406,-3.402893,-0.087891,0
294.2716,-155.654297,-3.404443,-0.087891,0
294.2868,-155.742188,-3.405994,-0.087891,0
294.3020,-155.742188,-3.405994,0.000000,0
294.3173,-155.830078,-3.407544,-0.087891,0
294.3325,-155.917969,-3.409094,-0.087891,0
294.3481,-155.917969,-3.409094,0.000000,0
294.3633,-156.005859,-3.410645,-0.087891,0
294.3786,-156.093750,-3.412195,-0.087891,0
294.3938,-156.181641,-3.413745,-0.087891,0
294.4090,-156.181641,-3.413745,0.000000,0
294.4244,-156.269531,-3.415295,-0.087891,0
294.4397,-156.357422,-3.416846,-0.087891,0
294.4549,-156.445312,-3.418396,-0.087891,0
294.4702,-156.533203,-3.419946,-0.087891,0
294.4854,-156.621094,-3.421497,-0.087891,0
294.5009,-156.621094,-3.421497,0.000000,0
294.5161,-156.708984,-3.423047,-0.087891,0
294.5314,-156.796875,-3.424597,-0.087891,0
294.5466,-156.884766,-3.426147,-0.087891,0
294.5618,-156.972656,-3.427698,-0.087891,0
294.5773,-156.972656,-3.427698,0.000000,0
294.5925,-157.148438,-3.430798,-0.175781,0
294.6077,-157.148438,-3.430798,0.000000,0
294.6229,-157.236328,-3.432349,-0.087891,0
294.6381,-157.324219,-3.433899,-0.087891,0
294.6534,-157.412109,-3.435449,-0.087891,0
294.6686,-157.412109,-3.435449,0.000000,0
294.6838,-157.500000,-3.437000,-0.087891,0
294.6991,-157.587891,-3.438550,-0.087891,0
294.7143,-157.675781,-3.440100,-0.087891,0
294.7295,-157.763672,-3.441650,-0.087891,0
294.7447,-157.763672,-3.441650,0.000000,0
294.7599,-157.939453,-3.444751,-0.175781,0
294.7753,-157.939453,-3.444751,0.000000,0
294.7906,-158.115234,-3.447852,-0.175781,0
294.8058,-158.115234,-3.447852,0.000000,0
294.8210,-158.291016,-3.450952,-0.175781,0
294.8362,-158.291016,-3.450952,0.000000,0
294.8516,-158.378906,-3.452502,-0.087891,0
294.8670,-158.466797,-3.454053,-0.087891,0
294.8822,-158.554688,-3.455603,-0.087891,0
294.8975,-158.642578,-3.457153,-0.087891,0
294.9127,-158.642578,-3.457153,0.000000,0
294.9280,-158.818359,-3.460254,-0.175781,0
294.9433,-158.818359,-3.460254,0.000000,0
294.9587,-158.906250,-3.461804,-0.087891,0
294.9739,-158.994141,-3.463354,-0.087891,0
294.9892,-159.082031,-3.464905,-0.087891,0
295.0044,-159.082031,-3.464905,0.000000,0
295.0201,-159.169922,-3.466455,-0.087891,0
295.0353,-159.257812,-3.468005,-0.087891,0
295.0505,-159.257812,-3.468005,0.000000,0
295.0658,-159.433594,-3.471106,-0.175781,0
295.0810,-159.433594,-3.471106,0.000000,0
295.0963,-159.521484,-3.472656,-0.087891,0
295.1115,-159.521484,-3.472656,0.000000,0
295.1267,-159.609375,-3.474207,-0.087891,0
295.1419,-159.609375,-3.474207,0.000000,0
295.1572,-159.697266,-3.475757,-0.087891,0
295.1724,-159.785156,-3.477307,-0.087891,0
295.1876,-159.873047,-3.478857,-0.087891,0
295.2028,-159.960938,-3.480408,-0.087891,0
295.2180,-159.960938,-3.480408,0.000000,0
295.2333,-160.048828,-3.481958,-0.087891,0
295.2485,-160.136719,-3.483508,-0.087891,0
295.2637,-160.224609,-3.485059,-0.087891,0
295.2790,-160.224609,-3.485059,0.000000,0
295.2942,-160.400391,-3.488159,-0.175781,0
295.3096,-160.400391,-3.488159,0.000000,0
295.3248,-160.488281,-3.489709,-0.087891,0
295.3402,-160.576172,-3.491260,-0.087891,0
295.3555,-160.664062,-3.492810,-0.087891,0
295.3709,-160.664062,-3.492810,0.000000,0
295.3861,-160.751953,-3.494360,-0.087891,0
295.4013,-160.839844,-3.495911,-0.087891,0
295.4171,-160.927734,-3.497461,-0.087891,0
295.4325,-161.015625,-3.499011,-0.087891,0
295.4477,-161.015625,-3.499011,0.000000,0
295.4630,-161.103516,-3.500562,-0.087891,0
295.4782,-161.191406,-3.502112,-0.087891,0
295.4934,-161.279297,-3.503662,-0.087891,0
295.5086,-161.367188,-3.505212,-0.087891,0
295.5238,-161.367188,-3.505212,0.000000,0
295.5390,-161.455078,-3.506763,-0.087891,0
295.5543,-161.542969,-3.508313,-0.087891,0
295.5695,-161.630859,-3.509863,-0.087891,0
295.5847,-161.718750,-3.511414,-0.087891,0
295.5999,-161.806641,-3.512964,-0.087891,0
295.6152,-161.806641,-3.512964,0.000000,0
295.6304,-161.982422,-3.516064,-0.175781,0
295.6456,-162.070312,-3.517615,-0.087891,0
295.6609,-162.158203,-3.519165,-0.087891,0
295.6763,-162.158203,-3.519165,0.000000,0
295.6915,-162.246094,-3.520715,-0.087891,0
295.7067,-162.333984,-3.522266,-0.087891,0
295.7219,-162.421875,-3.523816,-0.087891,0
295.7371,-162.509766,-3.525366,-0.087891,0
295.7523,-162.509766,-3.525366,0.000000,0
295.7676,-162.597656,-3.526917,-0.087891,0
295.7828,-162.685547,-3.528467,-0.087891,0
295.7980,-162.773438,-3.530017,-0.087891,0
295.8133,-162.861328,-3.531567,-0.087891,0
295.8286,-162.861328,-3.531567,0.000000,0
295.8438,-162.949219,-3.533118,-0.087891,0
295.8591,-163.037109,-3.534668,-0.087891,0
295.8744,-163.125000,-3.536218,-0.087891,0
295.8897,-163.125000,-3.536218,0.000000,0
295.9049,-163.212891,-3.537769,-0.087891,0
295.9201,-163.212891,-3.537769,0.000000,0
295.9354,-163.300781,-3.539319,-0.087891,0
295.9506,-163.388672,-3.540869,-0.087891,0
295.9658,-163.476562,-3.542419,-0.087891,0
295.9813,-163.476562,-3.542419,0.000000,0
295.9966,-163.564453,-3.543970,-0.087891,0
296.0118,-163.652344,-3.545520,-0.087891,0
296.0270,-163.740234,-3.547070,-0.087891,0
296.0423,-163.828125,-3.548621,-0.087891,0
296.0576,-163.828125,-3.548621,0.000000,0
296.0729,-163.916016,-3.550171,-0.087891,0
296.0881,-164.003906,-3.551721,-0.087891,0
296.1034,-164.091797,-3.553271,-0.087891,0
296.1186,-164.091797,-3.553271,0.000000,0
296.1339,-164.179688,-3.554822,-0.087891,0
296.1491,-164.267578,-3.556372,-0.087891,0
296.1644,-164.355469,-3.557922,-0.087891,0
296.1802,-164.355469,-3.557922,0.000000,0
296.1954,-164.531250,-3.561023,-0.175781,0
296.2107,-164.531250,-3.561023,0.000000,0
296.2259,-164.619141,-3.562573,-0.087891,0
296.2411,-164.619141,-3.562573,0.000000,0
296.2563,-164.794922,-3.565674,-0.175781,0
296.2717,-164.794922,-3.565674,0.000000,0
296.2869,-164.882812,-3.567224,-0.087891,0
296.3021,-164.970703,-3.568774,-0.087891,0
296.3173,-165.058594,-3.570325,-0.087891,0
296.3325,-165.146484,-3.571875,-0.087891,0
296.3478,-165.234375,-3.573425,-0.087891,0
296.3630,-165.322266,-3.574976,-0.087891,0
296.3782,-165.410156,-3.576526,-0.087891,0
296.3934,-165.498047,-3.578076,-0.087891,0
296.4086,-165.585938,-3.579626,-0.087891,0
296.4238,-165.673828,-3.581177,-0.087891,0
296.4391,-165.761719,-3.582727,-0.087891,0
296.4543,-165.761719,-3.582727,0.000000,0
296.4696,-165.937500,-3.585828,-0.175781,0
296.4849,-165.937500,-3.585828,0.000000,0
296.5001,-166.025391,-3.587378,-0.087891,0
296.5154,-166.113281,-3.588928,-0.087891,0
296.5306,-166.201172,-3.590479,-0.087891,0
296.5458,-166.201172,-3.590479,0.000000,0
296.5612,-166.376953,-3.593579,-0.175781,0
296.5764,-166.376953,-3.593579,0.000000,0
296.5918,-166.464844,-3.595129,-0.087891,0
296.6071,-166.464844,-3.595129,0.000000,0
296.6223,-166.552734,-3.596680,-0.087891,0
296.6375,-166.640625,-3.598230,-0.087891,0
296.6527,-166.640625,-3.598230,0.000000,0
296.6680,-166.728516,-3.599780,-0.087891,0
296.6832,-166.816406,-3.601331,-0.087891,0
296.6985,-166.904297,-3.602881,-0.087891,0
296.7137,-166.904297,-3.602881,0.000000,0
296.7290,-166.992188,-3.604431,-0.087891,0
296.7442,-167.080078,-3.605981,-0.087891,0
296.7594,-167.167969,-3.607532,-0.087891,0
296.7746,-167.167969,-3.607532,0.000000,0
296.7899,-167.255859,-3.609082,-0.087891,0
296.8051,-167.343750,-3.610632,-0.087891,0
296.8204,-167.431641,-3.612183,-0.087891,0
296.8356,-167.519531,-3.613733,-0.087891,0
296.8508,-167.519531,-3.613733,0.000000,0
296.8660,-167.607422,-3.615283,-0.087891,0
296.8813,-167.695312,-3.616833,-0.087891,0
296.8966,-167.783203,-3.618384,-0.087891,0
296.9118,-167.871094,-3.619934,-0.087891,0
296.9270,-167.958984,-3.621484,-0.087891,0
296.9422,-168.046875,-3.623035,-0.087891,0
296.9574,-168.046875,-3.623035,0.000000,0
296.9726,-168.046875,-3.623035,0.000000,0
296.9879,-168.134766,-3.624585,-0.087891,0
297.0034,-168.222656,-3.626135,-0.087891,0
297.0186,-168.310547,-3.627686,-0.087891,0
297.0339,-168.398438,-3.629236,-0.087891,0
297.0492,-168.486328,-3.630786,-0.087891,0
297.0644,-168.574219,-3.632336,-0.087891,0
297.0796,-168.662109,-3.633887,-0.087891,0
297.0949,-168.750000,-3.635437,-0.087891,0
297.1101,-168.750000,-3.635437,0.000000,0
297.1254,-168.837891,-3.636987,-0.087891,0
297.1406,-169.013672,-3.640088,-0.175781,0
297.1558,-169.013672,-3.640088,0.000000,0
297.1710,-169.189453,-3.643188,-0.175781,0
297.1862,-169.189453,-3.643188,0.000000,0
297.2014,-169.365234,-3.646289,-0.175781,0
297.2166,-169.365234,-3.646289,0.000000,0
297.2321,-169.453125,-3.647839,-0.087891,0
297.2473,-169.541016,-3.649390,-0.087891,0
297.2626,-169.628906,-3.650940,-0.087891,0
297.2779,-169.628906,-3.650940,0.000000,0
297.2932,-169.716797,-3.652490,-0.087891,0
297.3084,-169.804688,-3.654041,-0.087891,0
297.3236,-169.804688,-3.654041,0.000000,0
297.3389,-169.892578,-3.655591,-0.087891,0
297.3542,-169.980469,-3.657141,-0.087891,0
297.3694,-170.068359,-3.658691,-0.087891,0
297.3846,-170.068359,-3.658691,0.000000,0
297.3998,-170.156250,-3.660242,-0.087891,0
297.4151,-170.244141,-3.661792,-0.087891,0
297.4304,-170.332031,-3.663342,-0.087891,0
297.4456,-170.332031,-3.663342,0.000000,0
297.4608,-170.419922,-3.664893,-0.087891,0
297.4760,-170.507812,-3.666443,-0.087891,0
297.5002,-170.595703,-3.667993,-0.087891,0
297.5154,-170.683594,-3.669543,-0.087891,0
297.5306,-170.683594,-3.669543,0.000000,0
297.5458,-170.771484,-3.671094,-0.087891,0
297.5610,-170.859375,-3.672644,-0.087891,0
297.5762,-170.947266,-3.674194,-0.087891,0
297.5915,-171.035156,-3.675745,-0.087891,0
297.6067,-171.123047,-3.677295,-0.087891,0
297.6219,-171.123047,-3.677295,0.000000,0
297.6372,-171.210938,-3.678845,-0.087891,0
297.6524,-171.298828,-3.680396,-0.087891,0
297.6676,-171.386719,-3.681946,-0.087891,0
297.6829,-171.474609,-3.683496,-0.087891,0
297.6981,-171.474609,-3.683496,0.000000,0
297.7133,-171.562500,-3.685046,-0.087891,0
297.7286,-171.650391,-3.686597,-0.087891,0
297.7438,-171.650391,-3.686597,0.000000,0
297.7590,-171.738281,-3.688147,-0.087891,0
297.7742,-171.826172,-3.689697,-0.087891,0
297.7897,-172.001953,-3.692798,-0.175781,0
297.8049,-172.001953,-3.692798,0.000000,0
297.8202,-172.089844,-3.694348,-0.087891,0
297.8355,-172.177734,-3.695898,-0.087891,0
297.8507,-172.265625,-3.697449,-0.087891,0
297.8659,-172.353516,-3.698999,-0.087891,0
297.8811,-172.529297,-3.702100,-0.175781,0
297.8964,-172.529297,-3.702100,0.000000,0
297.9116,-172.617188,-3.703650,-0.087891,0
297.9268,-172.705078,-3.705200,-0.087891,0
297.9421,-172.792969,-3.706750,-0.087891,0
297.9574,-172.880859,-3.708301,-0.087891,0
297.9726,-172.968750,-3.709851,-0.087891,0
297.9879,-173.056641,-3.711401,-0.087891,0
298.0031,-173.056641,-3.711401,0.000000,0
298.0183,-173.144531,-3.712952,-0.087891,0
298.0336,-173.144531,-3.712952,0.000000,0
298.0488,-173.320312,-3.716052,-0.175781,0
298.0641,-173.320312,-3.716052,0.000000,0
298.0794,-173.408203,-3.717603,-0.087891,0
298.0948,-173.496094,-3.719153,-0.087891,0
298.1107,-173.496094,-3.719153,0.000000,0
298.1259,-173.583984,-3.720703,-0.087891,0
298.1418,-173.671875,-3.722253,-0.087891,0
298.1570,-173.759766,-3.723804,-0.087891,0
298.1723,-173.759766,-3.723804,0.000000,0
298.1875,-173.847656,-3.725354,-0.087891,0
298.2027,-173.847656,-3.725354,0.000000,0
298.2179,-173.935547,-3.726904,-0.087891,0
298.2332,-174.023438,-3.728455,-0.087891,0
298.2484,-174.111328,-3.730005,-0.087891,0
298.2636,-174.111328,-3.730005,0.000000,0
298.2788,-174.199219,-3.731555,-0.087891,0
298.2940,-174.287109,-3.733105,-0.087891,0
298.3094,-174.375000,-3.734656,-0.087891,0
298.3246,-174.462891,-3.736206,-0.087891,0
298.3399,-174.462891,-3.736206,0.000000,0
298.3551,-174.550781,-3.737756,-0.087891,0
298.3703,-174.638672,-3.739307,-0.087891,0
298.3855,-174.726562,-3.740857,-0.087891,0
298.4009,-174.814453,-3.742407,-0.087891,0
298.4161,-174.902344,-3.743958,-0.087891,0
298.4314,-174.902344,-3.743958,0.000000,0
298.4466,-174.990234,-3.745508,-0.087891,0
298.4618,-175.078125,-3.747058,-0.087891,0
298.4770,-175.078125,-3.747058,0.000000,0
298.4922,-175.166016,-3.748608,-0.087891,0
298.5079,-175.253906,-3.750159,-0.087891,0
298.5231,-175.341797,-3.751709,-0.087891,0
298.5383,-175.429688,-3.753259,-0.087891,0
298.5535,-175.517578,-3.754810,-0.087891,0
298.5687,-175.605469,-3.756360,-0.087891,0
298.5839,-175.693359,-3.757910,-0.087891,0
298.5992,-175.781250,-3.759460,-0.087891,0
298.6147,-175.957031,-3.762561,-0.175781,0
298.6299,-175.957031,-3.762561,0.000000,0
298.6451,-176.044922,-3.764111,-0.087891,0
298.6604,-176.132812,-3.765662,-0.087891,0
298.6756,-176.220703,-3.767212,-0.087891,0
298.6908,-176.308594,-3.768762,-0.087891,0
298.7061,-176.308594,-3.768762,0.000000,0
298.7213,-176.396484,-3.770313,-0.087891,0
298.7365,-176.484375,-3.771863,-0.087891,0
298.7520,-176.572266,-3.773413,-0.087891,0
298.7673,-176.660156,-3.774963,-0.087891,0
298.7825,-176.748047,-3.776514,-0.087891,0
298.7977,-176.748047,-3.776514,0.000000,0
298.8130,-176.835938,-3.778064,-0.087891,0
298.8282,-176.835938,-3.778064,0.000000,0
298.8435,-176.923828,-3.779614,-0.087891,0
298.8587,-177.011719,-3.781165,-0.087891,0
298.8739,-177.011719,-3.781165,0.000000,0
298.8892,-177.099609,-3.782715,-0.087891,0
298.9045,-177.187500,-3.784265,-0.087891,0
298.9198,-177.275391,-3.785815,-0.087891,0
298.9350,-177.275391,-3.785815,0.000000,0
298.9502,-177.451172,-3.788916,-0.175781,0
298.9654,-177.451172,-3.788916,0.000000,0
298.9807,-177.539062,-3.790466,-0.087891,0
298.9959,-177.626953,-3.792017,-0.087891,0
299.0111,-177.626953,-3.792017,0.000000,0
299.0263,-177.714844,-3.793567,-0.087891,0
299.0416,-177.802734,-3.795117,-0.087891,0
299.0568,-177.890625,-3.796667,-0.087891,0
299.0720,-177.978516,-3.798218,-0.087891,0
299.0876,-177.978516,-3.798218,0.000000,0
299.1029,-178.066406,-3.799768,-0.087891,0
299.1181,-178.154297,-3.801318,-0.087891,0
299.1333,-178.242188,-3.802869,-0.087891,0
299.1486,-178.330078,-3.804419,-0.087891,0
299.1639,-178.330078,-3.804419,0.000000,0
299.1791,-178.417969,-3.805969,-0.087891,0
299.1943,-178.505859,-3.807520,-0.087891,0
299.2096,-178.505859,-3.807520,0.000000,0
299.2248,-178.593750,-3.809070,-0.087891,0
299.2400,-178.681641,-3.810620,-0.087891,0
299.2553,-178.769531,-3.812170,-0.087891,0
299.2706,-178.857422,-3.813721,-0.087891,0
299.2858,-179.033203,-3.816821,-0.175781,0
299.3010,-179.033203,-3.816821,0.000000,0
299.3162,-179.208984,-3.819922,-0.175781,0
299.3315,-179.208984,-3.819922,0.000000,0
299.3467,-179.296875,-3.821472,-0.087891,0
299.3619,-179.384766,-3.823022,-0.087891,0
299.3772,-179.472656,-3.824573,-0.087891,0
299.3924,-179.560547,-3.826123,-0.087891,0
299.4076,-179.648438,-3.827673,-0.087891,0
299.4228,-179.736328,-3.829224,-0.087891,0
299.4380,-179.824219,-3.830774,-0.087891,0
299.4532,-179.912109,-3.832324,-0.087891,0
299.4685,-179.912109,-3.832324,0.000000,0
299.4837,-180.000000,-3.833875,-0.087891,0
299.4989,-180.000000,-3.833875,0.000000,0
299.5142,-180.087891,-3.835425,-0.087891,0
299.5307,-180.175781,-3.836975,-0.087891,0
299.5498,-180.263672,-3.838525,-0.087891,0
299.5651,-180.351562,-3.840076,-0.087891,0
299.5803,-180.439453,-3.841626,-0.087891,0
299.5955,-180.439453,-3.841626,0.000000,0
299.6108,-180.527344,-3.843176,-0.087891,0
299.6260,-180.615234,-3.844727,-0.087891,0
299.6413,-180.703125,-3.846277,-0.087891,0
299.6565,-180.703125,-3.846277,0.000000,0
299.6717,-180.703125,-3.846277,0.000000,0
299.6870,-180.878906,-3.849377,-0.175781,0
299.7023,-180.878906,-3.849377,0.000000,0
299.7176,-180.966797,-3.850928,-0.087891,0
299.7329,-181.054688,-3.852478,-0.087891,0
299.7481,-181.142578,-3.854028,-0.087891,0
299.7634,-181.230469,-3.855579,-0.087891,0
299.7786,-181.318359,-3.857129,-0.087891,0
299.7938,-181.318359,-3.857129,0.000000,0
299.8091,-181.406250,-3.858679,-0.087891,0
299.8243,-181.494141,-3.860229,-0.087891,0
299.8395,-181.494141,-3.860229,0.000000,0
299.8547,-181.669922,-3.863330,-0.175781,0
299.8699,-181.669922,-3.863330,0.000000,0
299.8852,-181.757812,-3.864880,-0.087891,0
299.9004,-181.757812,-3.864880,0.000000,0
299.9156,-181.845703,-3.866431,-0.087891,0
299.9309,-181.933594,-3.867981,-0.087891,0
299.9461,-182.021484,-3.869531,-0.087891,0
299.9613,-182.109375,-3.871082,-0.087891,0
299.9765,-182.285156,-3.874182,-0.175781,0
299.9917,-182.285156,-3.874182,0.000000,0
300.0069,-182.373047,-3.875732,-0.087891,0
300.0222,-182.460938,-3.877283,-0.087891,0
300.0374,-182.460938,-3.877283,0.000000,0
300.0528,-182.636719,-3.880383,-0.175781,0
300.0680,-182.636719,-3.880383,0.000000,0
300.0833,-182.812500,-3.883484,-0.175781,0
300.0985,-182.900391,-3.885034,-0.087891,0
300.1137,-182.988281,-3.886584,-0.087891,0
300.1289,-182.988281,-3.886584,0.000000,0
300.1442,-183.076172,-3.888135,-0.087891,0
300.1594,-183.164062,-3.889685,-0.087891,0
300.1749,-183.251953,-3.891235,-0.087891,0
300.1901,-183.339844,-3.892786,-0.087891,0
300.2054,-183.339844,-3.892786,0.000000,0
300.2206,-183.427734,-3.894336,-0.087891,0
300.2358,-183.515625,-3.895886,-0.087891,0
300.2510,-183.603516,-3.897437,-0.087891,0
300.2662,-183.603516,-3.897437,0.000000,0
300.2814,-183.691406,-3.898987,-0.087891,0
300.2966,-183.691406,-3.898987,0.000000,0
300.3119,-183.867188,-3.902087,-0.175781,0
300.3271,-183.867188,-3.902087,0.000000,0
300.3424,-183.955078,-3.903638,-0.087891,0
300.3576,-183.955078,-3.903638,0.000000,0
300.3728,-184.042969,-3.905188,-0.087891,0
300.3881,-184.130859,-3.906738,-0.087891,0
300.4033,-184.218750,-3.908289,-0.087891,0
300.4185,-184.306641,-3.909839,-0.087891,0
300.4339,-184.306641,-3.909839,0.000000,0
300.4492,-184.482422,-3.912939,-0.175781,0
300.4644,-184.482422,-3.912939,0.000000,0
300.4797,-184.570312,-3.914490,-0.087891,0
300.4951,-184.658203,-3.916040,-0.087891,0
300.5103,-184.658203,-3.916040,0.000000,0
300.5256,-184.746094,-3.917590,-0.087891,0
300.5409,-184.833984,-3.919141,-0.087891,0
300.5568,-184.921875,-3.920691,-0.087891,0
300.5720,-184.921875,-3.920691,0.000000,0
300.5873,-185.009766,-3.922241,-0.087891,0
300.6025,-185.097656,-3.923792,-0.087891,0
300.6177,-185.185547,-3.925342,-0.087891,0
300.6330,-185.273438,-3.926892,-0.087891,0
300.6483,-185.361328,-3.928442,-0.087891,0
300.6635,-185.449219,-3.929993,-0.087891,0
300.6787,-185.537109,-3.931543,-0.087891,0
300.6940,-185.537109,-3.931543,0.000000,0
300.7101,-185.712891,-3.934644,-0.175781,0
300.7253,-185.800781,-3.936194,-0.087891,0
300.7406,-185.800781,-3.936194,0.000000,0
300.7558,-185.976562,-3.939294,-0.175781,0
300.7710,-185.976562,-3.939294,0.000000,0
300.7863,-186.064453,-3.940845,-0.087891,0
300.8015,-186.152344,-3.942395,-0.087891,0
300.8167,-186.240234,-3.943945,-0.087891,0
300.8320,-186.328125,-3.945496,-0.087891,0
300.8477,-186.416016,-3.947046,-0.087891,0
300.8629,-186.416016,-3.947046,0.000000,0
300.8783,-186.591797,-3.950146,-0.175781,0
300.8935,-186.591797,-3.950146,0.000000,0
300.9087,-186.679688,-3.951697,-0.087891,0
300.9239,-186.679688,-3.951697,0.000000,0
300.9392,-186.767578,-3.953247,-0.087891,0
300.9544,-186.855469,-3.954797,-0.087891,0
300.9696,-186.855469,-3.954797,0.000000,0
300.9848,-187.031250,-3.957898,-0.175781,0
301.0000,-187.031250,-3.957898,0.000000,0
301.0154,-187.119141,-3.959448,-0.087891,0
301.0306,-187.207031,-3.960999,-0.087891,0
301.0459,-187.294922,-3.962549,-0.087891,0
301.0611,-187.294922,-3.962549,0.000000,0
301.0764,-187.382812,-3.964099,-0.087891,0
301.0917,-187.470703,-3.965649,-0.087891,0
301.1069,-187.470703,-3.965649,0.000000,0
301.1221,-187.558594,-3.967200,-0.087891,0
301.1374,-187.646484,-3.968750,-0.087891,0
301.1526,-187.734375,-3.970300,-0.087891,0
301.1678,-187.822266,-3.971851,-0.087891,0
301.1830,-187.822266,-3.971851,0.000000,0
301.1983,-187.910156,-3.973401,-0.087891,0
301.2135,-187.998047,-3.974951,-0.087891,0
301.2289,-188.085938,-3.976501,-0.087891,0
301.2442,-188.085938,-3.976501,0.000000,0
301.2595,-188.261719,-3.979602,-0.175781,0
301.2749,-188.261719,-3.979602,0.000000,0
301.2901,-188.349609,-3.981152,-0.087891,0
301.3061,-188.437500,-3.982703,-0.087891,0
301.3217,-188.525391,-3.984253,-0.087891,0
301.3369,-188.525391,-3.984253,0.000000,0
301.3522,-188.701172,-3.987354,-0.175781,0
301.3680,-188.701172,-3.987354,0.000000,0
301.3833,-188.789062,-3.988904,-0.087891,0
301.3985,-188.876953,-3.990454,-0.087891,0
301.4137,-188.964844,-3.992004,-0.087891,0
301.4289,-189.052734,-3.993555,-0.087891,0
301.4441,-189.228516,-3.996655,-0.175781,0
301.4594,-189.228516,-3.996655,0.000000,0
301.4746,-189.316406,-3.998206,-0.087891,0
301.4900,-189.404297,-3.999756,-0.087891,0
301.5053,-189.492188,-4.001306,-0.087891,0
301.5205,-189.580078,-4.002856,-0.087891,0
301.5357,-189.667969,-4.004407,-0.087891,0
301.5510,-189.755859,-4.005957,-0.087891,0
301.5662,-189.755859,-4.005957,0.000000,0
301.5815,-189.843750,-4.007507,-0.087891,0
301.5967,-189.931641,-4.009058,-0.087891,0
301.6119,-190.019531,-4.010608,-0.087891,0
301.6272,-190.019531,-4.010608,0.000000,0
301.6425,-190.107422,-4.012158,-0.087891,0
301.6577,-190.195312,-4.013708,-0.087891,0
301.6729,-190.195312,-4.013708,0.000000,0
301.6881,-190.283203,-4.015259,-0.087891,0
301.7033,-190.371094,-4.016809,-0.087891,0
301.7186,-190.458984,-4.018359,-0.087891,0
301.7338,-190.458984,-4.018359,0.000000,0
301.7491,-190.546875,-4.019910,-0.087891,0
301.7648,-190.634766,-4.021460,-0.087891,0
301.7800,-190.722656,-4.023010,-0.087891,0
301.7953,-190.722656,-4.023010,0.000000,0
301.8105,-190.810547,-4.024561,-0.087891,0
301.8257,-190.898438,-4.026111,-0.087891,0
301.8409,-190.986328,-4.027661,-0.087891,0
301.8561,-191.074219,-4.029211,-0.087891,0
301.8714,-191.074219,-4.029211,0.000000,0
301.8866,-191.162109,-4.030762,-0.087891,0
301.9018,-191.250000,-4.032312,-0.087891,0
301.9171,-191.337891,-4.033862,-0.087891,0
301.9323,-191.425781,-4.035413,-0.087891,0
301.9475,-191.513672,-4.036963,-0.087891,0
301.9627,-191.601562,-4.038513,-0.087891,0
301.9779,-191.601562,-4.038513,0.000000,0
301.9936,-191.689453,-4.040063,-0.087891,0
302.0088,-191.689453,-4.040063,0.000000,0
302.0240,-191.777344,-4.041614,-0.087891,0
302.0393,-191.865234,-4.043164,-0.087891,0
302.0547,-191.953125,-4.044714,-0.087891,0
302.0700,-192.041016,-4.046265,-0.087891,0
302.0869,-192.128906,-4.047815,-0.087891,0
302.1021,-192.216797,-4.049365,-0.087891,0
302.1173,-192.304688,-4.050916,-0.087891,0
302.1326,-192.392578,-4.052466,-0.087891,0
302.1478,-192.480469,-4.054016,-0.087891,0
302.1633,-192.480469,-4.054016,0.000000,0
302.1785,-192.656250,-4.057117,-0.175781,0
302.1937,-192.744141,-4.058667,-0.087891,0
302.2089,-192.832031,-4.060217,-0.087891,0
302.2241,-192.919922,-4.061768,-0.087891,0
302.2394,-192.919922,-4.061768,0.000000,0
302.2551,-193.007812,-4.063318,-0.087891,0
302.2711,-193.095703,-4.064868,-0.087891,0
302.2863,-193.183594,-4.066418,-0.087891,0
302.3016,-193.183594,-4.066418,0.000000,0
302.3168,-193.271484,-4.067969,-0.087891,0
302.3323,-193.359375,-4.069519,-0.087891,0
302.3475,-193.447266,-4.071069,-0.087891,0
302.3628,-193.447266,-4.071069,0.000000,0
302.3780,-193.623047,-4.074170,-0.175781,0
302.3932,-193.623047,-4.074170,0.000000,0
302.4084,-193.710938,-4.075720,-0.087891,0
302.4237,-193.710938,-4.075720,0.000000,0
302.4390,-193.798828,-4.077271,-0.087891,0
302.4542,-193.886719,-4.078821,-0.087891,0
302.4695,-193.886719,-4.078821,0.000000,0
302.4847,-193.974609,-4.080371,-0.087891,0
302.4999,-194.062500,-4.081921,-0.087891,0
302.5151,-194.150391,-4.083472,-0.087891,0
302.5303,-194.238281,-4.085022,-0.087891,0
302.5455,-194.326172,-4.086572,-0.087891,0
302.5608,-194.414062,-4.088123,-0.087891,0
302.5760,-194.501953,-4.089673,-0.087891,0
302.5916,-194.501953,-4.089673,0.000000,0
302.6068,-194.589844,-4.091223,-0.087891,0
302.6220,-194.677734,-4.092773,-0.087891,0
302.6372,-194.765625,-4.094324,-0.087891,0
302.6525,-194.765625,-4.094324,0.000000,0
302.6679,-194.853516,-4.095874,-0.087891,0
302.6832,-194.941406,-4.097424,-0.087891,0
302.6984,-194.941406,-4.097424,0.000000,0
302.7136,-195.117188,-4.100525,-0.175781,0
302.7289,-195.117188,-4.100525,0.000000,0
302.7442,-195.292969,-4.103625,-0.175781,0
302.7594,-195.292969,-4.103625,0.000000,0
302.7746,-195.468750,-4.106726,-0.175781,0
302.7899,-195.468750,-4.106726,0.000000,0
302.8051,-195.468750,-4.106726,0.000000,0
302.8203,-195.644531,-4.109827,-0.175781,0
302.8355,-195.644531,-4.109827,0.000000,0
302.8507,-195.820312,-4.112927,-0.175781,0
302.8662,-195.908203,-4.114478,-0.087891,0
302.8815,-195.996094,-4.116028,-0.087891,0
302.8968,-196.083984,-4.117578,-0.087891,0
302.9120,-196.083984,-4.117578,0.000000,0
302.9277,-196.171875,-4.119128,-0.087891,0
302.9429,-196.259766,-4.120679,-0.087891,0
302.9583,-196.347656,-4.122229,-0.087891,0
302.9735,-196.435547,-4.123779,-0.087891,0
302.9887,-196.523438,-4.125330,-0.087891,0
303.0039,-196.523438,-4.125330,0.000000,0
303.0191,-196.611328,-4.126880,-0.087891,0
303.0350,-196.611328,-4.126880,0.000000,0
303.0503,-196.699219,-4.128430,-0.087891,0
303.0655,-196.787109,-4.129980,-0.087891,0
303.0807,-196.875000,-4.131531,-0.087891,0
303.0959,-196.962891,-4.133081,-0.087891,0
303.1111,-197.050781,-4.134631,-0.087891,0
303.1263,-197.050781,-4.134631,0.000000,0
303.1419,-197.138672,-4.136182,-0.087891,0
303.1572,-197.226562,-4.137732,-0.087891,0
303.1725,-197.226562,-4.137732,0.000000,0
303.1877,-197.314453,-4.139282,-0.087891,0
303.2029,-197.314453,-4.139282,0.000000,0
303.2182,-197.490234,-4.142383,-0.175781,0
303.2334,-197.490234,-4.142383,0.000000,0
303.2490,-197.666016,-4.145483,-0.175781,0
303.2642,-197.666016,-4.145483,0.000000,0
303.2796,-197.753906,-4.147034,-0.087891,0
303.2948,-197.841797,-4.148584,-0.087891,0
303.3100,-197.929688,-4.150134,-0.087891,0
303.3252,-197.929688,-4.150134,0.000000,0
303.3404,-198.017578,-4.151685,-0.087891,0
303.3563,-198.105469,-4.153235,-0.087891,0
303.3715,-198.105469,-4.153235,0.000000,0
303.3867,-198.193359,-4.154785,-0.087891,0
303.4019,-198.281250,-4.156335,-0.087891,0
303.4172,-198.369141,-4.157886,-0.087891,0
303.4325,-198.457031,-4.159436,-0.087891,0
303.4477,-198.544922,-4.160986,-0.087891,0
303.4630,-198.544922,-4.160986,0.000000,0
303.4783,-198.720703,-4.164087,-0.175781,0
303.4935,-198.808594,-4.165637,-0.087891,0
303.5087,-198.984375,-4.168738,-0.175781,0
303.5239,-198.984375,-4.168738,0.000000,0
303.5392,-199.072266,-4.170288,-0.087891,0
303.5544,-199.160156,-4.171838,-0.087891,0
303.5697,-199.160156,-4.171838,0.000000,0
303.5849,-199.335938,-4.174939,-0.175781,0
303.6001,-199.335938,-4.174939,0.000000,0
303.6153,-199.423828,-4.176489,-0.087891,0
303.6306,-199.511719,-4.178040,-0.087891,0
303.6459,-199.599609,-4.179590,-0.087891,0
303.6611,-199.687500,-4.181140,-0.087891,0
303.6765,-199.687500,-4.181140,0.000000,0
303.6917,-199.775391,-4.182690,-0.087891,0
303.7069,-199.775391,-4.182690,0.000000,0
303.7221,-199.951172,-4.185791,-0.175781,0
303.7374,-199.951172,-4.185791,0.000000,0
303.7526,-200.039062,-4.187341,-0.087891,0
303.7678,-200.126953,-4.188892,-0.087891,0
303.7830,-200.214844,-4.190442,-0.087891,0
303.7983,-200.214844,-4.190442,0.000000,0
303.8135,-200.302734,-4.191992,-0.087891,0
303.8287,-200.390625,-4.193542,-0.087891,0
303.8440,-200.390625,-4.193542,0.000000,0
303.8592,-200.478516,-4.195093,-0.087891,0
303.8745,-200.566406,-4.196643,-0.087891,0
303.8898,-200.654297,-4.198193,-0.087891,0
303.9051,-200.654297,-4.198193,0.000000,0
303.9203,-200.830078,-4.201294,-0.175781,0
303.9355,-200.830078,-4.201294,0.000000,0
303.9507,-201.005859,-4.204395,-0.175781,0
303.9660,-201.005859,-4.204395,0.000000,0
303.9812,-201.093750,-4.205945,-0.087891,0
303.9964,-201.181641,-4.207495,-0.087891,0
304.0117,-201.269531,-4.209045,-0.087891,0
304.0269,-201.357422,-4.210596,-0.087891,0
304.0421,-201.357422,-4.210596,0.000000,0
304.0573,-201.445312,-4.212146,-0.087891,0
304.0725,-201.445312,-4.212146,0.000000,0
304.0878,-201.621094,-4.215247,-0.175781,0
304.1030,-201.621094,-4.215247,0.000000,0
304.1182,-201.708984,-4.216797,-0.087891,0
304.1334,-201.796875,-4.218347,-0.087891,0
304.1487,-201.884766,-4.219897,-0.087891,0
304.1639,-201.972656,-4.221448,-0.087891,0
304.1791,-202.060547,-4.222998,-0.087891,0
304.1943,-202.148438,-4.224548,-0.087891,0
304.2095,-202.148438,-4.224548,0.000000,0
304.2248,-202.324219,-4.227649,-0.175781,0
304.2400,-202.324219,-4.227649,0.000000,0
304.2552,-202.500000,-4.230750,-0.175781,0
304.2705,-202.500000,-4.230750,0.000000,0
304.2857,-202.587891,-4.232300,-0.087891,0
304.3009,-202.675781,-4.233850,-0.087891,0
304.3161,-202.763672,-4.235400,-0.087891,0
304.3313,-202.851562,-4.236951,-0.087891,0
304.3466,-202.939453,-4.238501,-0.087891,0
304.3618,-202.939453,-4.238501,0.000000,0
304.3770,-203.027344,-4.240051,-0.087891,0
304.3922,-203.027344,-4.240051,0.000000,0
304.4074,-203.115234,-4.241602,-0.087891,0
304.4228,-203.203125,-4.243152,-0.087891,0
304.4380,-203.291016,-4.244702,-0.087891,0
304.4532,-203.378906,-4.246252,-0.087891,0
304.4685,-203.378906,-4.246252,0.000000,0
304.4838,-203.554688,-4.249353,-0.175781,0
304.4991,-203.554688,-4.249353,0.000000,0
304.5143,-203.642578,-4.250903,-0.087891,0
304.5296,-203.730469,-4.252454,-0.087891,0
304.5448,-203.730469,-4.252454,0.000000,0
304.5600,-203.818359,-4.254004,-0.087891,0
304.5757,-203.906250,-4.255554,-0.087891,0
304.5911,-203.994141,-4.257104,-0.087891,0
304.6063,-204.082031,-4.258655,-0.087891,0
304.6215,-204.082031,-4.258655,0.000000,0
304.6368,-204.169922,-4.260205,-0.087891,0
304.6520,-204.257812,-4.261755,-0.087891,0
304.6672,-204.257812,-4.261755,0.000000,0
304.6825,-204.433594,-4.264856,-0.175781,0
304.6984,-204.433594,-4.264856,0.000000,0
304.7136,-204.609375,-4.267957,-0.175781,0
304.7289,-204.609375,-4.267957,0.000000,0
304.7443,-204.609375,-4.267957,0.000000,0
304.7596,-204.785156,-4.271057,-0.175781,0
304.7748,-204.785156,-4.271057,0.000000,0
304.7901,-204.873047,-4.272607,-0.087891,0
304.8053,-204.960938,-4.274158,-0.087891,0
304.8205,-205.136719,-4.277258,-0.175781,0
304.8357,-205.136719,-4.277258,0.000000,0
304.8510,-205.224609,-4.278809,-0.087891,0
304.8662,-205.312500,-4.280359,-0.087891,0
304.8814,-205.400391,-4.281909,-0.087891,0
304.8967,-205.488281,-4.283459,-0.087891,0
304.9120,-205.576172,-4.285010,-0.087891,0
304.9272,-205.664062,-4.286560,-0.087891,0
304.9426,-205.664062,-4.286560,0.000000,0
304.9578,-205.839844,-4.289661,-0.175781,0
304.9730,-205.839844,-4.289661,0.000000,0
304.9882,-205.927734,-4.291211,-0.087891,0
305.0034,-206.015625,-4.292761,-0.087891,0
305.0187,-206.103516,-4.294312,-0.087891,0
305.0339,-206.191406,-4.295862,-0.087891,0
305.0492,-206.279297,-4.297412,-0.087891,0
305.0644,-206.367188,-4.298962,-0.087891,0
305.0797,-206.367188,-4.298962,0.000000,0
305.0952,-206.455078,-4.300513,-0.087891,0
305.1104,-206.455078,-4.300513,0.000000,0
305.1256,-206.630859,-4.303613,-0.175781,0
305.1408,-206.630859,-4.303613,0.000000,0
305.1560,-206.718750,-4.305164,-0.087891,0
305.1713,-206.718750,-4.305164,0.000000,0
305.1866,-206.806641,-4.306714,-0.087891,0
305.2018,-206.894531,-4.308264,-0.087891,0
305.2170,-206.982422,-4.309814,-0.087891,0
305.2324,-207.070312,-4.311365,-0.087891,0
305.2476,-207.070312,-4.311365,0.000000,0
305.2628,-207.158203,-4.312915,-0.087891,0
305.2781,-207.246094,-4.314465,-0.087891,0
305.2934,-207.246094,-4.314465,0.000000,0
305.3087,-207.333984,-4.316016,-0.087891,0
305.3239,-207.421875,-4.317566,-0.087891,0
305.3391,-207.509766,-4.319116,-0.087891,0
305.3543,-207.597656,-4.320667,-0.087891,0
305.3696,-207.685547,-4.322217,-0.087891,0
305.3848,-207.773438,-4.323767,-0.087891,0
305.4000,-207.773438,-4.323767,0.000000,0
305.4153,-207.861328,-4.325317,-0.087891,0
305.4305,-207.949219,-4.326868,-0.087891,0
305.4458,-207.949219,-4.326868,0.000000,0
305.4610,-208.037109,-4.328418,-0.087891,0
305.4762,-208.125000,-4.329968,-0.087891,0
305.4915,-208.212891,-4.331519,-0.087891,0
305.5067,-208.300781,-4.333069,-0.087891,0
305.5219,-208.388672,-4.334619,-0.087891,0
305.5372,-208.388672,-4.334619,0.000000,0
305.5524,-208.564453,-4.337720,-0.175781,0
305.5676,-208.652344,-4.339270,-0.087891,0
305.5828,-208.652344,-4.339270,0.000000,0
305.5981,-208.828125,-4.342371,-0.175781,0
305.6133,-208.828125,-4.342371,0.000000,0
305.6285,-209.003906,-4.345471,-0.175781,0
305.6438,-209.003906,-4.345471,0.000000,0
305.6590,-209.091797,-4.347021,-0.087891,0
305.6742,-209.179688,-4.348572,-0.087891,0
305.6895,-209.267578,-4.350122,-0.087891,0
305.7048,-209.355469,-4.351672,-0.087891,0
305.7200,-209.443359,-4.353223,-0.087891,0
305.7352,-209.531250,-4.354773,-0.087891,0
305.7504,-209.531250,-4.354773,0.000000,0
305.7657,-209.619141,-4.356323,-0.087891,0
305.7809,-209.707031,-4.357874,-0.087891,0
305.7961,-209.794922,-4.359424,-0.087891,0
305.8114,-209.794922,-4.359424,0.000000,0
305.8266,-209.882812,-4.360974,-0.087891,0
305.8418,-209.970703,-4.362524,-0.087891,0
305.8570,-210.058594,-4.364075,-0.087891,0
305.8723,-210.146484,-4.365625,-0.087891,0
305.8876,-210.234375,-4.367175,-0.087891,0
305.9029,-210.234375,-4.367175,0.000000,0
305.9181,-210.322266,-4.368726,-0.087891,0
305.9333,-210.322266,-4.368726,0.000000,0
305.9485,-210.410156,-4.370276,-0.087891,0
305.9637,-210.498047,-4.371826,-0.087891,0
305.9790,-210.498047,-4.371826,0.000000,0
305.9942,-210.673828,-4.374927,-0.175781,0
306.0094,-210.673828,-4.374927,0.000000,0
306.0248,-210.849609,-4.378027,-0.175781,0
306.0401,-210.849609,-4.378027,0.000000,0
306.0554,-210.937500,-4.379578,-0.087891,0
306.0706,-211.025391,-4.381128,-0.087891,0
306.0858,-211.025391,-4.381128,0.000000,0
306.1013,-211.113281,-4.382678,-0.087891,0
306.1165,-211.201172,-4.384229,-0.087891,0
306.1318,-211.289062,-4.385779,-0.087891,0
306.1470,-211.289062,-4.385779,0.000000,0
306.1623,-211.376953,-4.387329,-0.087891,0
306.1775,-211.464844,-4.388879,-0.087891,0
306.1928,-211.552734,-4.390430,-0.087891,0
306.2080,-211.552734,-4.390430,0.000000,0
306.2237,-211.728516,-4.393530,-0.175781,0
306.2389,-211.728516,-4.393530,0.000000,0
306.2542,-211.904297,-4.396631,-0.175781,0
306.2694,-211.904297,-4.396631,0.000000,0
306.2846,-211.992188,-4.398181,-0.087891,0
306.2998,-212.080078,-4.399731,-0.087891,0
306.3152,-212.167969,-4.401282,-0.087891,0
306.3304,-212.255859,-4.402832,-0.087891,0
306.3456,-212.343750,-4.404382,-0.087891,0
306.3608,-212.431641,-4.405933,-0.087891,0
306.3761,-212.519531,-4.407483,-0.087891,0
306.3914,-212.607422,-4.409033,-0.087891,0
306.4072,-212.695312,-4.410583,-0.087891,0
306.4224,-212.783203,-4.412134,-0.087891,0
306.4376,-212.783203,-4.412134,0.000000,0
306.4529,-212.871094,-4.413684,-0.087891,0
306.4681,-212.958984,-4.415234,-0.087891,0
306.4833,-212.958984,-4.415234,0.000000,0
306.4986,-213.046875,-4.416785,-0.087891,0
306.5138,-213.134766,-4.418335,-0.087891,0
306.5290,-213.222656,-4.419885,-0.087891,0
306.5442,-213.310547,-4.421436,-0.087891,0
306.5595,-213.398438,-4.422986,-0.087891,0
306.5747,-213.398438,-4.422986,0.000000,0
306.5899,-213.486328,-4.424536,-0.087891,0
306.6052,-213.574219,-4.426086,-0.087891,0
306.6204,-213.574219,-4.426086,0.000000,0
306.6356,-213.662109,-4.427637,-0.087891,0
306.6508,-213.750000,-4.429187,-0.087891,0
306.6661,-213.837891,-4.430737,-0.087891,0
306.6814,-213.925781,-4.432288,-0.087891,0
306.6966,-214.013672,-4.433838,-0.087891,0
306.7118,-214.013672,-4.433838,0.000000,0
306.7271,-214.101562,-4.435388,-0.087891,0
306.7423,-214.189453,-4.436938,-0.087891,0
306.7576,-214.277344,-4.438489,-0.087891,0
306.7728,-214.365234,-4.440039,-0.087891,0
306.7881,-214.365234,-4.440039,0.000000,0
306.8033,-214.541016,-4.443140,-0.175781,0
306.8185,-214.541016,-4.443140,0.000000,0
306.8338,-214.628906,-4.444690,-0.087891,0
306.8490,-214.628906,-4.444690,0.000000,0
306.8642,-214.716797,-4.446240,-0.087891,0
306.8794,-214.804688,-4.447791,-0.087891,0
306.8946,-214.892578,-4.449341,-0.087891,0
306.9103,-214.980469,-4.450891,-0.087891,0
306.9255,-215.068359,-4.452441,-0.087891,0
306.9408,-215.156250,-4.453992,-0.087891,0
306.9560,-215.244141,-4.455542,-0.087891,0
306.9712,-215.244141,-4.455542,0.000000,0
306.9866,-215.332031,-4.457092,-0.087891,0
307.0019,-215.419922,-4.458643,-0.087891,0
307.0171,-215.507812,-4.460193,-0.087891,0
307.0324,-215.595703,-4.461743,-0.087891,0
307.0477,-215.683594,-4.463293,-0.087891,0
307.0629,-215.771484,-4.464844,-0.087891,0
307.0781,-215.771484,-4.464844,0.000000,0
307.0935,-215.947266,-4.467944,-0.175781,0
307.1088,-215.947266,-4.467944,0.000000,0
307.1241,-216.035156,-4.469495,-0.087891,0
307.1394,-216.123047,-4.471045,-0.087891,0
307.1546,-216.210938,-4.472595,-0.087891,0
307.1698,-216.298828,-4.474146,-0.087891,0
307.1850,-216.298828,-4.474146,0.000000,0
307.2003,-216.386719,-4.475696,-0.087891,0
307.2156,-216.474609,-4.477246,-0.087891,0
307.2308,-216.562500,-4.478796,-0.087891,0
307.2490,-216.650391,-4.480347,-0.087891,0
307.2642,-216.738281,-4.481897,-0.087891,0
307.2793,-216.738281,-4.481897,0.000000,0
307.2945,-216.826172,-4.483447,-0.087891,0
307.3098,-216.914062,-4.484998,-0.087891,0
307.3250,-217.001953,-4.486548,-0.087891,0
307.3402,-217.001953,-4.486548,0.000000,0
307.3555,-217.177734,-4.489648,-0.175781,0
307.3707,-217.177734,-4.489648,0.000000,0
307.3859,-217.265625,-4.491199,-0.087891,0
307.4011,-217.265625,-4.491199,0.000000,0
307.4163,-217.353516,-4.492749,-0.087891,0
307.4315,-217.441406,-4.494299,-0.087891,0
307.4468,-217.529297,-4.495850,-0.087891,0
307.4620,-217.617188,-4.497400,-0.087891,0
307.4772,-217.705078,-4.498950,-0.087891,0
307.4925,-217.792969,-4.500500,-0.087891,0
307.5087,-217.792969,-4.500500,0.000000,0
307.5241,-217.880859,-4.502051,-0.087891,0
307.5394,-217.880859,-4.502051,0.000000,0
307.5547,-218.056641,-4.505151,-0.175781,0
307.5701,-218.056641,-4.505151,0.000000,0
307.5853,-218.144531,-4.506702,-0.087891,0
307.6005,-218.232422,-4.508252,-0.087891,0
307.6157,-218.320312,-4.509802,-0.087891,0
307.6310,-218.408203,-4.511353,-0.087891,0
307.6462,-218.496094,-4.512903,-0.087891,0
307.6615,-218.583984,-4.514453,-0.087891,0
307.6768,-218.583984,-4.514453,0.000000,0
307.6920,-218.759766,-4.517554,-0.175781,0
307.7073,-218.759766,-4.517554,0.000000,0
307.7227,-218.935547,-4.520654,-0.175781,0
307.7379,-218.935547,-4.520654,0.000000,0
307.7532,-219.023438,-4.522205,-0.087891,0
307.7684,-219.111328,-4.523755,-0.087891,0
307.7836,-219.111328,-4.523755,0.000000,0
307.7989,-219.287109,-4.526855,-0.175781,0
307.8143,-219.287109,-4.526855,0.000000,0
307.8295,-219.462891,-4.529956,-0.175781,0
307.8448,-219.462891,-4.529956,0.000000,0
307.8600,-219.638672,-4.533057,-0.175781,0
307.8753,-219.638672,-4.533057,0.000000,0
307.8905,-219.726562,-4.534607,-0.087891,0
307.9057,-219.726562,-4.534607,0.000000,0
307.9209,-219.814453,-4.536157,-0.087891,0
307.9361,-219.902344,-4.537708,-0.087891,0
307.9514,-219.902344,-4.537708,0.000000,0
307.9666,-220.078125,-4.540808,-0.175781,0
307.9818,-220.078125,-4.540808,0.000000,0
307.9970,-220.166016,-4.542358,-0.087891,0
308.0122,-220.166016,-4.542358,0.000000,0
308.0275,-220.253906,-4.543909,-0.087891,0
308.0427,-220.341797,-4.545459,-0.087891,0
308.0579,-220.429688,-4.547009,-0.087891,0
308.0732,-220.517578,-4.548560,-0.087891,0
308.0884,-220.605469,-4.550110,-0.087891,0
308.1037,-220.693359,-4.551660,-0.087891,0
308.1189,-220.693359,-4.551660,0.000000,0
308.1341,-220.781250,-4.553210,-0.087891,0
308.1494,-220.869141,-4.554761,-0.087891,0
308.1646,-220.957031,-4.556311,-0.087891,0
308.1798,-220.957031,-4.556311,0.000000,0
308.1951,-221.044922,-4.557861,-0.087891,0
308.2103,-221.132812,-4.559412,-0.087891,0
308.2257,-221.220703,-4.560962,-0.087891,0
308.2410,-221.220703,-4.560962,0.000000,0
308.2566,-221.396484,-4.564063,-0.175781,0
308.2719,-221.396484,-4.564063,0.000000,0
308.2871,-221.484375,-4.565613,-0.087891,0
308.3023,-221.572266,-4.567163,-0.087891,0
308.3175,-221.572266,-4.567163,0.000000,0
308.3330,-221.748047,-4.570264,-0.175781,0
308.3486,-221.748047,-4.570264,0.000000,0
308.3638,-221.923828,-4.573364,-0.175781,0
308.3790,-221.923828,-4.573364,0.000000,0
308.3942,-222.011719,-4.574915,-0.087891,0
308.4095,-222.099609,-4.576465,-0.087891,0
308.4250,-222.275391,-4.579565,-0.175781,0
308.4402,-222.275391,-4.579565,0.000000,0
308.4555,-222.363281,-4.581116,-0.087891,0
308.4707,-222.451172,-4.582666,-0.087891,0
308.4859,-222.539062,-4.584216,-0.087891,0
308.5011,-222.626953,-4.585767,-0.087891,0
308.5164,-222.626953,-4.585767,0.000000,0
308.5321,-222.714844,-4.587317,-0.087891,0
308.5474,-222.802734,-4.588867,-0.087891,0
308.5626,-222.890625,-4.590417,-0.087891,0
308.5778,-222.978516,-4.591968,-0.087891,0
308.5932,-223.066406,-4.593518,-0.087891,0
308.6084,-223.154297,-4.595068,-0.087891,0
308.6236,-223.242188,-4.596619,-0.087891,0
308.6391,-223.242188,-4.596619,0.000000,0
308.6544,-223.330078,-4.598169,-0.087891,0
308.6696,-223.330078,-4.598169,0.000000,0
308.6850,-223.417969,-4.599719,-0.087891,0
308.7003,-223.505859,-4.601270,-0.087891,0
308.7156,-223.593750,-4.602820,-0.087891,0
308.7308,-223.593750,-4.602820,0.000000,0
308.7460,-223.681641,-4.604370,-0.087891,0
308.7612,-223.769531,-4.605920,-0.087891,0
308.7766,-223.769531,-4.605920,0.000000,0
308.7919,-223.857422,-4.607471,-0.087891,0
308.8071,-224.033203,-4.610571,-0.175781,0
308.8224,-224.121094,-4.612122,-0.087891,0
308.8376,-224.121094,-4.612122,0.000000,0
308.8529,-224.208984,-4.613672,-0.087891,0
308.8681,-224.296875,-4.615222,-0.087891,0
308.8834,-224.384766,-4.616772,-0.087891,0
308.8989,-224.472656,-4.618323,-0.087891,0
308.9141,-224.472656,-4.618323,0.000000,0
308.9294,-224.560547,-4.619873,-0.087891,0
308.9446,-224.560547,-4.619873,0.000000,0
308.9599,-224.648438,-4.621423,-0.087891,0
308.9751,-224.736328,-4.622974,-0.087891,0
308.9903,-224.824219,-4.624524,-0.087891,0
309.0056,-224.824219,-4.624524,0.000000,0
309.0208,-225.000000,-4.627625,-0.175781,0
309.0360,-225.087891,-4.629175,-0.087891,0
309.0513,-225.175781,-4.630725,-0.087891,0
309.0665,-225.175781,-4.630725,0.000000,0
309.0817,-225.263672,-4.632275,-0.087891,0
309.0969,-225.439453,-4.635376,-0.175781,0
309.1122,-225.439453,-4.635376,0.000000,0
309.1274,-225.615234,-4.638477,-0.175781,0
309.1426,-225.615234,-4.638477,0.000000,0
309.1578,-225.791016,-4.641577,-0.175781,0
309.1731,-225.791016,-4.641577,0.000000,0
309.1883,-225.878906,-4.643127,-0.087891,0
309.2035,-225.966797,-4.644678,-0.087891,0
309.2187,-225.966797,-4.644678,0.000000,0
309.2340,-226.142578,-4.647778,-0.175781,0
309.2493,-226.142578,-4.647778,0.000000,0
309.2645,-226.230469,-4.649329,-0.087891,0
309.2797,-226.318359,-4.650879,-0.087891,0
309.2949,-226.406250,-4.652429,-0.087891,0
309.3102,-226.406250,-4.652429,0.000000,0
309.3258,-226.494141,-4.653979,-0.087891,0
309.3416,-226.582031,-4.655530,-0.087891,0
309.3569,-226.669922,-4.657080,-0.087891,0
309.3721,-226.669922,-4.657080,0.000000,0
309.3874,-226.845703,-4.660181,-0.175781,0
309.4027,-226.845703,-4.660181,0.000000,0
309.4179,-226.933594,-4.661731,-0.087891,0
309.4332,-227.021484,-4.663281,-0.087891,0
309.4486,-227.021484,-4.663281,0.000000,0
309.4638,-227.109375,-4.664832,-0.087891,0
309.4790,-227.197266,-4.666382,-0.087891,0
309.4942,-227.285156,-4.667932,-0.087891,0
309.5094,-227.285156,-4.667932,0.000000,0
309.5246,-227.373047,-4.669482,-0.087891,0
309.5399,-227.460938,-4.671033,-0.087891,0
309.5551,-227.548828,-4.672583,-0.087891,0
309.5705,-227.636719,-4.674133,-0.087891,0
309.5857,-227.724609,-4.675684,-0.087891,0
309.6009,-227.724609,-4.675684,0.000000,0
309.6162,-227.812500,-4.677234,-0.087891,0
309.6314,-227.900391,-4.678784,-0.087891,0
309.6469,-227.988281,-4.680334,-0.087891,0
309.6621,-227.988281,-4.680334,0.000000,0
309.6773,-228.076172,-4.681885,-0.087891,0
309.6926,-228.164062,-4.683435,-0.087891,0
309.7078,-228.251953,-4.684985,-0.087891,0
309.7230,-228.339844,-4.686536,-0.087891,0
309.7383,-228.339844,-4.686536,0.000000,0
309.7535,-228.427734,-4.688086,-0.087891,0
309.7688,-228.603516,-4.691187,-0.175781,0
309.7840,-228.603516,-4.691187,0.000000,0
309.7993,-228.691406,-4.692737,-0.087891,0
309.8145,-228.779297,-4.694287,-0.087891,0
309.8298,-228.955078,-4.697388,-0.175781,0
309.8450,-228.955078,-4.697388,0.000000,0
309.8602,-229.130859,-4.700488,-0.175781,0
309.8754,-229.130859,-4.700488,0.000000,0
309.8908,-229.218750,-4.702039,-0.087891,0
309.9060,-229.306641,-4.703589,-0.087891,0
309.9212,-229.394531,-4.705139,-0.087891,0
309.9364,-229.482422,-4.706689,-0.087891,0
309.9518,-229.482422,-4.706689,0.000000,0
309.9670,-229.658203,-4.709790,-0.175781,0
309.9822,-229.658203,-4.709790,0.000000,0
309.9974,-229.746094,-4.711340,-0.087891,0
310.0126,-229.746094,-4.711340,0.000000,0
310.0279,-229.833984,-4.712891,-0.087891,0
310.0432,-229.921875,-4.714441,-0.087891,0
310.0585,-230.009766,-4.715991,-0.087891,0
310.0737,-230.097656,-4.717542,-0.087891,0
310.0890,-230.097656,-4.717542,0.000000,0
310.1043,-230.185547,-4.719092,-0.087891,0
310.1195,-230.273438,-4.720642,-0.087891,0
310.1347,-230.361328,-4.722192,-0.087891,0
310.1501,-230.449219,-4.723743,-0.087891,0
310.1654,-230.537109,-4.725293,-0.087891,0
310.1806,-230.537109,-4.725293,0.000000,0
310.1958,-230.625000,-4.726843,-0.087891,0
310.2110,-230.712891,-4.728394,-0.087891,0
310.2266,-230.800781,-4.729944,-0.087891,0
310.2418,-230.800781,-4.729944,0.000000,0
310.2570,-230.888672,-4.731494,-0.087891,0
310.2723,-230.976562,-4.733044,-0.087891,0
310.2875,-231.064453,-4.734595,-0.087891,0
310.3027,-231.152344,-4.736145,-0.087891,0
310.3179,-231.152344,-4.736145,0.000000,0
310.3331,-231.328125,-4.739246,-0.175781,0
310.3484,-231.328125,-4.739246,0.000000,0
310.3636,-231.416016,-4.740796,-0.087891,0
310.3788,-231.503906,-4.742346,-0.087891,0
310.3940,-231.503906,-4.742346,0.000000,0
310.4092,-231.591797,-4.743896,-0.087891,0
310.4245,-231.591797,-4.743896,0.000000,0
310.4397,-231.679688,-4.745447,-0.087891,0
310.4550,-231.767578,-4.746997,-0.087891,0
310.4702,-231.943359,-4.750098,-0.175781,0
310.4854,-231.943359,-4.750098,0.000000,0
310.5006,-232.119141,-4.753198,-0.175781,0
310.5158,-232.119141,-4.753198,0.000000,0
310.5311,-232.294922,-4.756299,-0.175781,0
310.5463,-232.294922,-4.756299,0.000000,0
310.5615,-232.382812,-4.757849,-0.087891,0
310.5767,-232.470703,-4.759399,-0.087891,0
310.5919,-232.558594,-4.760950,-0.087891,0
310.6071,-232.646484,-4.762500,-0.087891,0
310.6223,-232.646484,-4.762500,0.000000,0
310.6376,-232.822266,-4.765601,-0.175781,0
310.6528,-232.822266,-4.765601,0.000000,0
310.6681,-232.910156,-4.767151,-0.087891,0
310.6833,-232.998047,-4.768701,-0.087891,0
310.6985,-233.085938,-4.770251,-0.087891,0
310.7137,-233.173828,-4.771802,-0.087891,0
310.7290,-233.261719,-4.773352,-0.087891,0
310.7442,-233.261719,-4.773352,0.000000,0
310.7595,-233.349609,-4.774902,-0.087891,0
310.7747,-233.437500,-4.776453,-0.087891,0
310.7899,-233.437500,-4.776453,0.000000,0
310.8051,-233.525391,-4.778003,-0.087891,0
310.8203,-233.613281,-4.779553,-0.087891,0
310.8355,-233.701172,-4.781104,-0.087891,0
310.8508,-233.789062,-4.782654,-0.087891,0
310.8661,-233.876953,-4.784204,-0.087891,0
310.8813,-233.876953,-4.784204,0.000000,0
310.8966,-233.964844,-4.785754,-0.087891,0
310.9118,-234.052734,-4.787305,-0.087891,0
310.9270,-234.052734,-4.787305,0.000000,0
310.9422,-234.140625,-4.788855,-0.087891,0
310.9577,-234.228516,-4.790405,-0.087891,0
310.9732,-234.316406,-4.791956,-0.087891,0
310.9884,-234.404297,-4.793506,-0.087891,0
311.0036,-234.492188,-4.795056,-0.087891,0
311.0188,-234.492188,-4.795056,0.000000,0
311.0341,-234.580078,-4.796606,-0.087891,0
311.0493,-234.667969,-4.798157,-0.087891,0
311.0645,-234.755859,-4.799707,-0.087891,0
311.0797,-234.843750,-4.801257,-0.087891,0
311.0949,-234.931641,-4.802808,-0.087891,0
311.1102,-235.019531,-4.804358,-0.087891,0
311.1254,-235.019531,-4.804358,0.000000,0
311.1406,-235.107422,-4.805908,-0.087891,0
311.1558,-235.195312,-4.807458,-0.087891,0
311.1711,-235.283203,-4.809009,-0.087891,0
311.1863,-235.283203,-4.809009,0.000000,0
311.2015,-235.458984,-4.812109,-0.175781,0
311.2168,-235.546875,-4.813660,-0.087891,0
311.2320,-235.634766,-4.815210,-0.087891,0
311.2472,-235.634766,-4.815210,0.000000,0
311.2625,-235.722656,-4.816760,-0.087891,0
311.2777,-235.810547,-4.818311,-0.087891,0
311.2929,-235.898438,-4.819861,-0.087891,0
311.3081,-235.986328,-4.821411,-0.087891,0
311.3234,-236.074219,-4.822961,-0.087891,0
311.3387,-236.162109,-4.824512,-0.087891,0
311.3541,-236.250000,-4.826062,-0.087891,0
311.3693,-236.337891,-4.827612,-0.087891,0
311.3845,-236.337891,-4.827612,0.000000,0
311.3997,-236.425781,-4.829163,-0.087891,0
311.4150,-236.513672,-4.830713,-0.087891,0
311.4302,-236.601562,-4.832263,-0.087891,0
311.4454,-236.689453,-4.833813,-0.087891,0
311.4606,-236.689453,-4.833813,0.000000,0
311.4758,-236.777344,-4.835364,-0.087891,0
311.4910,-236.865234,-4.836914,-0.087891,0
311.5063,-236.953125,-4.838464,-0.087891,0
311.5215,-236.953125,-4.838464,0.000000,0
311.5367,-237.041016,-4.840015,-0.087891,0
311.5521,-237.128906,-4.841565,-0.087891,0
311.5673,-237.216797,-4.843115,-0.087891,0
311.5826,-237.216797,-4.843115,0.000000,0
311.5978,-237.304688,-4.844666,-0.087891,0
311.6131,-237.392578,-4.846216,-0.087891,0
311.6283,-237.480469,-4.847766,-0.087891,0
311.6435,-237.568359,-4.849316,-0.087891,0
311.6597,-237.568359,-4.849316,0.000000,0
311.6750,-237.656250,-4.850867,-0.087891,0
311.6906,-237.744141,-4.852417,-0.087891,0
311.7068,-237.832031,-4.853967,-0.087891,0
311.7220,-237.832031,-4.853967,0.000000,0
311.7372,-238.007812,-4.857068,-0.175781,0
311.7524,-238.007812,-4.857068,0.000000,0
311.7677,-238.095703,-4.858618,-0.087891,0
311.7829,-238.183594,-4.860168,-0.087891,0
311.7981,-238.271484,-4.861719,-0.087891,0
311.8133,-238.359375,-4.863269,-0.087891,0
311.8286,-238.359375,-4.863269,0.000000,0
311.8438,-238.447266,-4.864819,-0.087891,0
311.8590,-238.447266,-4.864819,0.000000,0
311.8742,-238.623047,-4.867920,-0.175781,0
311.8894,-238.623047,-4.867920,0.000000,0
311.9047,-238.710938,-4.869470,-0.087891,0
311.9199,-238.798828,-4.871021,-0.087891,0
311.9352,-238.886719,-4.872571,-0.087891,0
311.9504,-238.974609,-4.874121,-0.087891,0
311.9657,-239.062500,-4.875671,-0.087891,0
311.9809,-239.150391,-4.877222,-0.087891,0
311.9961,-239.150391,-4.877222,0.000000,0
312.0113,-239.326172,-4.880322,-0.175781,0
312.0266,-239.326172,-4.880322,0.000000,0
312.0418,-239.414062,-4.881873,-0.087891,0
312.0570,-239.501953,-4.883423,-0.087891,0
312.0722,-239.589844,-4.884973,-0.087891,0
312.0874,-239.677734,-4.886523,-0.087891,0
312.1027,-239.765625,-4.888074,-0.087891,0
312.1180,-239.853516,-4.889624,-0.087891,0
312.1333,-239.941406,-4.891174,-0.087891,0
312.1485,-240.029297,-4.892725,-0.087891,0
312.1637,-240.029297,-4.892725,0.000000,0
312.1789,-240.117188,-4.894275,-0.087891,0
312.1942,-240.205078,-4.895825,-0.087891,0
312.2094,-240.205078,-4.895825,0.000000,0
312.2246,-240.292969,-4.897375,-0.087891,0
312.2398,-240.380859,-4.898926,-0.087891,0
312.2550,-240.468750,-4.900476,-0.087891,0
312.2703,-240.556641,-4.902026,-0.087891,0
312.2855,-240.644531,-4.903577,-0.087891,0
312.3036,-240.644531,-4.903577,0.000000,0
312.3188,-240.732422,-4.905127,-0.087891,0
312.3340,-240.820312,-4.906677,-0.087891,0
312.3510,-240.908203,-4.908228,-0.087891,0
312.3663,-240.996094,-4.909778,-0.087891,0
312.3815,-241.083984,-4.911328,-0.087891,0
312.3967,-241.171875,-4.912878,-0.087891,0
312.4119,-241.259766,-4.914429,-0.087891,0
312.4272,-241.259766,-4.914429,0.000000,0
312.4424,-241.347656,-4.915979,-0.087891,0
312.4576,-241.347656,-4.915979,0.000000,0
312.4730,-241.435547,-4.917529,-0.087891,0
312.4883,-241.523438,-4.919080,-0.087891,0
312.5035,-241.611328,-4.920630,-0.087891,0
312.5188,-241.699219,-4.922180,-0.087891,0
312.5340,-241.787109,-4.923730,-0.087891,0
312.5492,-241.787109,-4.923730,0.000000,0
312.5644,-241.962891,-4.926831,-0.175781,0
312.5797,-241.962891,-4.926831,0.000000,0
312.5949,-242.050781,-4.928381,-0.087891,0
312.6101,-242.050781,-4.928381,0.000000,0
312.6253,-242.138672,-4.929932,-0.087891,0
312.6405,-242.226562,-4.931482,-0.087891,0
312.6557,-242.226562,-4.931482,0.000000,0
312.6710,-242.402344,-4.934583,-0.175781,0
312.6862,-242.490234,-4.936133,-0.087891,0
312.7014,-242.578125,-4.937683,-0.087891,0
312.7166,-242.578125,-4.937683,0.000000,0
312.7319,-242.753906,-4.940784,-0.175781,0
312.7471,-242.841797,-4.942334,-0.087891,0
312.7623,-242.929688,-4.943884,-0.087891,0
312.7776,-242.929688,-4.943884,0.000000,0
312.7929,-243.017578,-4.945435,-0.087891,0
312.8082,-243.105469,-4.946985,-0.087891,0
312.8234,-243.193359,-4.948535,-0.087891,0
312.8386,-243.281250,-4.950085,-0.087891,0
312.8539,-243.369141,-4.951636,-0.087891,0
312.8691,-243.457031,-4.953186,-0.087891,0
312.8844,-243.544922,-4.954736,-0.087891,0
312.8996,-243.632812,-4.956287,-0.087891,0
312.9148,-243.720703,-4.957837,-0.087891,0
312.9300,-243.808594,-4.959387,-0.087891,0
312.9452,-243.808594,-4.959387,0.000000,0
312.9605,-243.808594,-4.959387,0.000000,0
312.9757,-243.896484,-4.960938,-0.087891,0
312.9958,-244.072266,-4.964038,-0.175781,0
313.0114,-244.072266,-4.964038,0.000000,0
313.0266,-244.160156,-4.965588,-0.087891,0
313.0418,-244.248047,-4.967139,-0.087891,0
313.0571,-244.335938,-4.968689,-0.087891,0
313.0725,-244.335938,-4.968689,0.000000,0
313.0878,-244.423828,-4.970239,-0.087891,0
313.1030,-244.511719,-4.971790,-0.087891,0
313.1183,-244.599609,-4.973340,-0.087891,0
313.1335,-244.599609,-4.973340,0.000000,0
313.1487,-244.687500,-4.974890,-0.087891,0
313.1639,-244.775391,-4.976440,-0.087891,0
313.1804,-244.775391,-4.976440,0.000000,0
313.1956,-244.951172,-4.979541,-0.175781,0
313.2109,-244.951172,-4.979541,0.000000,0
313.2261,-245.039062,-4.981091,-0.087891,0
313.2414,-245.126953,-4.982642,-0.087891,0
313.2574,-245.214844,-4.984192,-0.087891,0
313.2730,-245.302734,-4.985742,-0.087891,0
313.2882,-245.390625,-4.987292,-0.087891,0
313.3083,-245.478516,-4.988843,-0.087891,0
313.3242,-245.566406,-4.990393,-0.087891,0
313.3394,-245.566406,-4.990393,0.000000,0
313.3589,-245.654297,-4.991943,-0.087891,0
313.3741,-245.742188,-4.993494,-0.087891,0
313.3893,-245.830078,-4.995044,-0.087891,0
313.4046,-245.830078,-4.995044,0.000000,0
313.4198,-245.917969,-4.996594,-0.087891,0
313.4350,-246.093750,-4.999695,-0.175781,0
313.4503,-246.093750,-4.999695,0.000000,0
313.4656,-246.269531,-5.002795,-0.175781,0
313.4809,-246.269531,-5.002795,0.000000,0
313.4961,-246.357422,-5.004346,-0.087891,0
313.5114,-246.445312,-5.005896,-0.087891,0
313.5266,-246.533203,-5.007446,-0.087891,0
313.5418,-246.621094,-5.008997,-0.087891,0
313.5570,-246.621094,-5.008997,0.000000,0
313.5730,-246.796875,-5.012097,-0.175781,0
313.5882,-246.796875,-5.012097,0.000000,0
313.6035,-246.972656,-5.015198,-0.175781,0
313.6188,-246.972656,-5.015198,0.000000,0
313.6340,-247.060547,-5.016748,-0.087891,0
313.6492,-247.148438,-5.018298,-0.087891,0
313.6644,-247.236328,-5.019849,-0.087891,0
313.6797,-247.324219,-5.021399,-0.087891,0
313.6953,-247.412109,-5.022949,-0.087891,0
313.7105,-247.412109,-5.022949,0.000000,0
313.7257,-247.500000,-5.024500,-0.087891,0
313.7409,-247.587891,-5.026050,-0.087891,0
313.7561,-247.587891,-5.026050,0.000000,0
313.7713,-247.763672,-5.029150,-0.175781,0
313.7867,-247.763672,-5.029150,0.000000,0
313.8020,-247.851562,-5.030701,-0.087891,0
313.8172,-247.939453,-5.032251,-0.087891,0
313.8324,-248.027344,-5.033801,-0.087891,0
313.8476,-248.027344,-5.033801,0.000000,0
313.8628,-248.115234,-5.035352,-0.087891,0
313.8780,-248.203125,-5.036902,-0.087891,0
313.8933,-248.203125,-5.036902,0.000000,0
313.9085,-248.378906,-5.040002,-0.175781,0
313.9237,-248.378906,-5.040002,0.000000,0
313.9389,-248.466797,-5.041553,-0.087891,0
313.9541,-248.554688,-5.043103,-0.087891,0
313.9693,-248.642578,-5.044653,-0.087891,0
313.9845,-248.730469,-5.046204,-0.087891,0
313.9998,-248.818359,-5.047754,-0.087891,0
314.0150,-248.818359,-5.047754,0.000000,0
314.0302,-248.906250,-5.049304,-0.087891,0
314.0454,-248.994141,-5.050854,-0.087891,0
314.0607,-249.082031,-5.052405,-0.087891,0
314.0759,-249.169922,-5.053955,-0.087891,0
314.0911,-249.169922,-5.053955,0.000000,0
314.1065,-249.257812,-5.055505,-0.087891,0
314.1218,-249.257812,-5.055505,0.000000,0
314.1371,-249.433594,-5.058606,-0.175781,0
314.1523,-249.433594,-5.058606,0.000000,0
314.1675,-249.521484,-5.060156,-0.087891,0
314.1827,-249.609375,-5.061707,-0.087891,0
314.1980,-249.697266,-5.063257,-0.087891,0
314.2138,-249.785156,-5.064807,-0.087891,0
314.2290,-249.873047,-5.066357,-0.087891,0
314.2443,-249.960938,-5.067908,-0.087891,0
314.2598,-249.960938,-5.067908,0.000000,0
314.2750,-250.048828,-5.069458,-0.087891,0
314.2904,-250.136719,-5.071008,-0.087891,0
314.3056,-250.224609,-5.072559,-0.087891,0
314.3211,-250.312500,-5.074109,-0.087891,0
314.3363,-250.400391,-5.075659,-0.087891,0
314.3516,-250.488281,-5.077209,-0.087891,0
314.3668,-250.576172,-5.078760,-0.087891,0
314.3820,-250.664062,-5.080310,-0.087891,0
314.3972,-250.751953,-5.081860,-0.087891,0
314.4124,-250.751953,-5.081860,0.000000,0
314.4277,-250.839844,-5.083411,-0.087891,0
314.4429,-250.927734,-5.084961,-0.087891,0
314.4581,-251.015625,-5.086511,-0.087891,0
314.4733,-251.015625,-5.086511,0.000000,0
314.4885,-251.103516,-5.088062,-0.087891,0
314.5038,-251.191406,-5.089612,-0.087891,0
314.5190,-251.279297,-5.091162,-0.087891,0
314.5342,-251.367188,-5.092712,-0.087891,0
314.5494,-251.367188,-5.092712,0.000000,0
314.5648,-251.455078,-5.094263,-0.087891,0
314.5800,-251.542969,-5.095813,-0.087891,0
314.5953,-251.630859,-5.097363,-0.087891,0
314.6113,-251.630859,-5.097363,0.000000,0
314.6265,-251.718750,-5.098914,-0.087891,0
314.6417,-251.806641,-5.100464,-0.087891,0
314.6570,-251.894531,-5.102014,-0.087891,0
314.6723,-251.982422,-5.103564,-0.087891,0
314.6875,-251.982422,-5.103564,0.000000,0
314.7027,-252.070312,-5.105115,-0.087891,0
314.7180,-252.158203,-5.106665,-0.087891,0
314.7337,-252.246094,-5.108215,-0.087891,0
314.7489,-252.333984,-5.109766,-0.087891,0
314.7641,-252.421875,-5.111316,-0.087891,0
314.7797,-252.421875,-5.111316,0.000000,0
314.7952,-252.597656,-5.114417,-0.175781,0
314.8109,-252.597656,-5.114417,0.000000,0
314.8262,-252.685547,-5.115967,-0.087891,0
314.8414,-252.685547,-5.115967,0.000000,0
314.8567,-252.773438,-5.117517,-0.087891,0
314.8719,-252.861328,-5.119067,-0.087891,0
314.8871,-252.949219,-5.120618,-0.087891,0
314.9023,-253.037109,-5.122168,-0.087891,0
314.9182,-253.037109,-5.122168,0.000000,0
314.9334,-253.212891,-5.125269,-0.175781,0
314.9487,-253.212891,-5.125269,0.000000,0
314.9639,-253.388672,-5.128369,-0.175781,0
314.9791,-253.388672,-5.128369,0.000000,0
314.9944,-253.564453,-5.131470,-0.175781,0
315.0096,-253.564453,-5.131470,0.000000,0
315.0249,-253.652344,-5.133020,-0.087891,0
315.0401,-253.740234,-5.134570,-0.087891,0
315.0554,-253.828125,-5.136121,-0.087891,0
315.0707,-253.916016,-5.137671,-0.087891,0
315.0859,-253.916016,-5.137671,0.000000,0
315.1012,-254.091797,-5.140771,-0.175781,0
315.1164,-254.091797,-5.140771,0.000000,0
315.1318,-254.267578,-5.143872,-0.175781,0
315.1470,-254.267578,-5.143872,0.000000,0
315.1623,-254.443359,-5.146973,-0.175781,0
315.1776,-254.443359,-5.146973,0.000000,0
315.1928,-254.531250,-5.148523,-0.087891,0
315.2080,-254.531250,-5.148523,0.000000,0
315.2233,-254.619141,-5.150073,-0.087891,0
315.2385,-254.707031,-5.151624,-0.087891,0
315.2537,-254.707031,-5.151624,0.000000,0
315.2695,-254.882812,-5.154724,-0.175781,0
315.2847,-254.882812,-5.154724,0.000000,0
315.3000,-254.970703,-5.156274,-0.087891,0
315.3152,-255.058594,-5.157825,-0.087891,0
315.3304,-255.146484,-5.159375,-0.087891,0
315.3457,-255.146484,-5.159375,0.000000,0
315.3609,-255.234375,-5.160925,-0.087891,0
315.3761,-255.322266,-5.162476,-0.087891,0
315.3913,-255.322266,-5.162476,0.000000,0
315.4066,-255.498047,-5.165576,-0.175781,0
315.4218,-255.498047,-5.165576,0.000000,0
315.4370,-255.585938,-5.167126,-0.087891,0
315.4522,-255.585938,-5.167126,0.000000,0
315.4674,-255.673828,-5.168677,-0.087891,0
315.4827,-255.761719,-5.170227,-0.087891,0
315.4979,-255.849609,-5.171777,-0.087891,0
315.5131,-255.937500,-5.173328,-0.087891,0
315.5284,-256.025391,-5.174878,-0.087891,0
315.5436,-256.113281,-5.176428,-0.087891,0
315.5589,-256.113281,-5.176428,0.000000,0
315.5741,-256.289062,-5.179529,-0.175781,0
315.5894,-256.289062,-5.179529,0.000000,0
315.6047,-256.376953,-5.181079,-0.087891,0
315.6199,-256.464844,-5.182629,-0.087891,0
315.6351,-256.552734,-5.184180,-0.087891,0
315.6504,-256.552734,-5.184180,0.000000,0
315.6656,-256.640625,-5.185730,-0.087891,0
315.6808,-256.728516,-5.187280,-0.087891,0
315.6960,-256.816406,-5.188831,-0.087891,0
315.7113,-256.904297,-5.190381,-0.087891,0
315.7267,-256.904297,-5.190381,0.000000,0
315.7420,-257.080078,-5.193481,-0.175781,0
315.7573,-257.080078,-5.193481,0.000000,0
315.7725,-257.255859,-5.196582,-0.175781,0
315.7877,-257.255859,-5.196582,0.000000,0
315.8029,-257.431641,-5.199683,-0.175781,0
315.8181,-257.431641,-5.199683,0.000000,0
315.8334,-257.519531,-5.201233,-0.087891,0
315.8486,-257.607422,-5.202783,-0.087891,0
315.8638,-257.695312,-5.204333,-0.087891,0
315.8790,-257.783203,-5.205884,-0.087891,0
315.8943,-257.783203,-5.205884,0.000000,0
315.9096,-257.871094,-5.207434,-0.087891,0
315.9248,-257.958984,-5.208984,-0.087891,0
315.9401,-258.046875,-5.210535,-0.087891,0
315.9554,-258.134766,-5.212085,-0.087891,0
315.9707,-258.222656,-5.213635,-0.087891,0
315.9859,-258.222656,-5.213635,0.000000,0
316.0011,-258.310547,-5.215186,-0.087891,0
316.0163,-258.398438,-5.216736,-0.087891,0
316.0316,-258.486328,-5.218286,-0.087891,0
316.0468,-258.486328,-5.218286,0.000000,0
316.0621,-258.574219,-5.219836,-0.087891,0
316.0773,-258.662109,-5.221387,-0.087891,0
316.0925,-258.662109,-5.221387,0.000000,0
316.1077,-258.837891,-5.224487,-0.175781,0
316.1229,-258.837891,-5.224487,0.000000,0
316.1382,-258.925781,-5.226038,-0.087891,0
316.1534,-259.013672,-5.227588,-0.087891,0
316.1686,-259.101562,-5.229138,-0.087891,0
316.1840,-259.189453,-5.230688,-0.087891,0
316.1994,-259.277344,-5.232239,-0.087891,0
316.2146,-259.277344,-5.232239,0.000000,0
316.2299,-259.277344,-5.232239,0.000000,0
316.2451,-259.453125,-5.235339,-0.175781,0
316.2603,-259.453125,-5.235339,0.000000,0
316.2755,-259.541016,-5.236890,-0.087891,0
316.2907,-259.628906,-5.238440,-0.087891,0
316.3059,-259.716797,-5.239990,-0.087891,0
316.3218,-259.804688,-5.241541,-0.087891,0
316.3371,-259.892578,-5.243091,-0.087891,0
316.3528,-259.980469,-5.244641,-0.087891,0
316.3682,-260.068359,-5.246191,-0.087891,0
316.3834,-260.068359,-5.246191,0.000000,0
316.3986,-260.244141,-5.249292,-0.175781,0
316.4139,-260.244141,-5.249292,0.000000,0
316.4292,-260.244141,-5.249292,0.000000,0
316.4444,-260.332031,-5.250842,-0.087891,0
316.4596,-260.419922,-5.252393,-0.087891,0
316.4748,-260.507812,-5.253943,-0.087891,0
316.4900,-260.595703,-5.255493,-0.087891,0
316.5053,-260.595703,-5.255493,0.000000,0
316.5205,-260.683594,-5.257043,-0.087891,0
316.5358,-260.859375,-5.260144,-0.175781,0
316.5511,-260.859375,-5.260144,0.000000,0
316.5663,-261.035156,-5.263245,-0.175781,0
316.5815,-261.035156,-5.263245,0.000000,0
316.5967,-261.123047,-5.264795,-0.087891,0
316.6120,-261.210938,-5.266345,-0.087891,0
316.6273,-261.298828,-5.267896,-0.087891,0
316.6425,-261.386719,-5.269446,-0.087891,0
316.6577,-261.386719,-5.269446,0.000000,0
316.6729,-261.562500,-5.272546,-0.175781,0
316.6881,-261.562500,-5.272546,0.000000,0
316.7034,-261.738281,-5.275647,-0.175781,0
316.7186,-261.738281,-5.275647,0.000000,0
316.7338,-261.826172,-5.277197,-0.087891,0
316.7491,-261.914062,-5.278748,-0.087891,0
316.7643,-261.914062,-5.278748,0.000000,0
316.7796,-262.001953,-5.280298,-0.087891,0
316.7948,-262.089844,-5.281848,-0.087891,0
316.8100,-262.177734,-5.283398,-0.087891,0
316.8252,-262.177734,-5.283398,0.000000,0
316.8405,-262.353516,-5.286499,-0.175781,0
316.8557,-262.353516,-5.286499,0.000000,0
316.8710,-262.441406,-5.288049,-0.087891,0
316.8862,-262.529297,-5.289600,-0.087891,0
316.9015,-262.617188,-5.291150,-0.087891,0
316.9167,-262.617188,-5.291150,0.000000,0
316.9319,-262.705078,-5.292700,-0.087891,0
316.9472,-262.792969,-5.294250,-0.087891,0
316.9624,-262.792969,-5.294250,0.000000,0
316.9776,-262.880859,-5.295801,-0.087891,0
316.9928,-262.968750,-5.297351,-0.087891,0
317.0081,-263.056641,-5.298901,-0.087891,0
317.0233,-263.144531,-5.300452,-0.087891,0
317.0386,-263.232422,-5.302002,-0.087891,0
317.0538,-263.232422,-5.302002,0.000000,0
317.0690,-263.320312,-5.303552,-0.087891,0
317.0843,-263.408203,-5.305103,-0.087891,0
317.0996,-263.496094,-5.306653,-0.087891,0
317.1148,-263.583984,-5.308203,-0.087891,0
317.1300,-263.583984,-5.308203,0.000000,0
317.1452,-263.759766,-5.311304,-0.175781,0
317.1604,-263.759766,-5.311304,0.000000,0
317.1757,-263.847656,-5.312854,-0.087891,0
317.1909,-263.935547,-5.314404,-0.087891,0
317.2061,-264.023438,-5.315955,-0.087891,0
317.2213,-264.023438,-5.315955,0.000000,0
317.2366,-264.111328,-5.317505,-0.087891,0
317.2521,-264.199219,-5.319055,-0.087891,0
317.2673,-264.199219,-5.319055,0.000000,0
317.2826,-264.375000,-5.322156,-0.175781,0
317.2978,-264.375000,-5.322156,0.000000,0
317.3130,-264.462891,-5.323706,-0.087891,0
317.3282,-264.550781,-5.325256,-0.087891,0
317.3434,-264.638672,-5.326807,-0.087891,0
317.3587,-264.726562,-5.328357,-0.087891,0
317.3739,-264.814453,-5.329907,-0.087891,0
317.3892,-264.902344,-5.331458,-0.087891,0
317.4044,-264.902344,-5.331458,0.000000,0
317.4196,-265.078125,-5.334558,-0.175781,0
317.4348,-265.166016,-5.336108,-0.087891,0
317.4500,-265.253906,-5.337659,-0.087891,0
317.4654,-265.253906,-5.337659,0.000000,0
317.4806,-265.429688,-5.340759,-0.175781,0
317.4958,-265.429688,-5.340759,0.000000,0
317.5110,-265.517578,-5.342310,-0.087891,0
317.5263,-265.605469,-5.343860,-0.087891,0
317.5415,-265.693359,-5.345410,-0.087891,0
317.5567,-265.781250,-5.346960,-0.087891,0
317.5719,-265.781250,-5.346960,0.000000,0
317.5875,-265.869141,-5.348511,-0.087891,0
317.6027,-265.957031,-5.350061,-0.087891,0
317.6179,-265.957031,-5.350061,0.000000,0
317.6332,-266.044922,-5.351611,-0.087891,0
317.6484,-266.132812,-5.353162,-0.087891,0
317.6637,-266.220703,-5.354712,-0.087891,0
317.6789,-266.308594,-5.356262,-0.087891,0
317.6941,-266.308594,-5.356262,0.000000,0
317.7093,-266.396484,-5.357813,-0.087891,0
317.7246,-266.484375,-5.359363,-0.087891,0
317.7400,-266.572266,-5.360913,-0.087891,0
317.7554,-266.660156,-5.362463,-0.087891,0
317.7707,-266.660156,-5.362463,0.000000,0
317.7859,-266.748047,-5.364014,-0.087891,0
317.8011,-266.748047,-5.364014,0.000000,0
317.8163,-266.835938,-5.365564,-0.087891,0
317.8319,-266.923828,-5.367114,-0.087891,0
317.8471,-267.011719,-5.368665,-0.087891,0
317.8624,-267.099609,-5.370215,-0.087891,0
317.8776,-267.187500,-5.371765,-0.087891,0
317.8928,-267.275391,-5.373315,-0.087891,0
317.9081,-267.363281,-5.374866,-0.087891,0
317.9234,-267.451172,-5.376416,-0.087891,0
317.9386,-267.451172,-5.376416,0.000000,0
317.9538,-267.539062,-5.377966,-0.087891,0
317.9690,-267.626953,-5.379517,-0.087891,0
317.9843,-267.714844,-5.381067,-0.087891,0
317.9995,-267.802734,-5.382617,-0.087891,0
318.0149,-267.802734,-5.382617,0.000000,0
318.0301,-267.890625,-5.384167,-0.087891,0
318.0453,-267.978516,-5.385718,-0.087891,0
318.0607,-267.978516,-5.385718,0.000000,0
318.0759,-268.066406,-5.387268,-0.087891,0
318.0911,-268.154297,-5.388818,-0.087891,0
318.1064,-268.154297,-5.388818,0.000000,0
318.1216,-268.330078,-5.391919,-0.175781,0
318.1368,-268.417969,-5.393469,-0.087891,0
318.1520,-268.505859,-5.395020,-0.087891,0
318.1673,-268.593750,-5.396570,-0.087891,0
318.1825,-268.769531,-5.399670,-0.175781,0
318.1977,-268.769531,-5.399670,0.000000,0
318.2129,-268.857422,-5.401221,-0.087891,0
318.2281,-268.945312,-5.402771,-0.087891,0
318.2434,-269.033203,-5.404321,-0.087891,0
318.2588,-269.121094,-5.405872,-0.087891,0
318.2742,-269.121094,-5.405872,0.000000,0
318.2894,-269.296875,-5.408972,-0.175781,0
318.3051,-269.296875,-5.408972,0.000000,0
318.3203,-269.384766,-5.410522,-0.087891,0
318.3355,-269.472656,-5.412073,-0.087891,0
318.3509,-269.560547,-5.413623,-0.087891,0
318.3661,-269.648438,-5.415173,-0.087891,0
318.3813,-269.648438,-5.415173,0.000000,0
318.3966,-269.736328,-5.416724,-0.087891,0
318.4118,-269.824219,-5.418274,-0.087891,0
318.4279,-269.824219,-5.418274,0.000000,0
318.4431,-269.912109,-5.419824,-0.087891,0
318.4584,-270.000000,-5.421375,-0.087891,0
318.4737,-270.087891,-5.422925,-0.087891,0
318.4889,-270.087891,-5.422925,0.000000,0
318.5041,-270.175781,-5.424475,-0.087891,0
318.5194,-270.263672,-5.426025,-0.087891,0
318.5346,-270.263672,-5.426025,0.000000,0
318.5498,-270.351562,-5.427576,-0.087891,0
318.5650,-270.439453,-5.429126,-0.087891,0
318.5803,-270.527344,-5.430676,-0.087891,0
318.5955,-270.527344,-5.430676,0.000000,0
318.6107,-270.615234,-5.432227,-0.087891,0
318.6259,-270.703125,-5.433777,-0.087891,0
318.6417,-270.791016,-5.435327,-0.087891,0
318.6569,-270.878906,-5.436877,-0.087891,0
318.6721,-270.878906,-5.436877,0.000000,0
318.6874,-271.054688,-5.439978,-0.175781,0
318.7026,-271.142578,-5.441528,-0.087891,0
318.7178,-271.142578,-5.441528,0.000000,0
318.7331,-271.230469,-5.443079,-0.087891,0
318.7483,-271.318359,-5.444629,-0.087891,0
318.7636,-271.406250,-5.446179,-0.087891,0
318.7789,-271.494141,-5.447729,-0.087891,0
318.7941,-271.582031,-5.449280,-0.087891,0
318.8093,-271.669922,-5.450830,-0.087891,0
318.8245,-271.669922,-5.450830,0.000000,0
318.8397,-271.669922,-5.450830,0.000000,0
318.8549,-271.757812,-5.452380,-0.087891,0
318.8705,-271.845703,-5.453931,-0.087891,0
318.8858,-271.933594,-5.455481,-0.087891,0
318.9010,-272.021484,-5.457031,-0.087891,0
318.9162,-272.109375,-5.458582,-0.087891,0
318.9315,-272.197266,-5.460132,-0.087891,0
318.9467,-272.373047,-5.463232,-0.175781,0
318.9620,-272.373047,-5.463232,0.000000,0
318.9772,-272.460938,-5.464783,-0.087891,0
318.9925,-272.548828,-5.466333,-0.087891,0
319.0077,-272.548828,-5.466333,0.000000,0
319.0229,-272.636719,-5.467883,-0.087891,0
319.0381,-272.724609,-5.469434,-0.087891,0
319.0533,-272.812500,-5.470984,-0.087891,0
319.0686,-272.900391,-5.472534,-0.087891,0
319.0838,-272.988281,-5.474084,-0.087891,0
319.0990,-272.988281,-5.474084,0.000000,0
319.1143,-273.164062,-5.477185,-0.175781,0
319.1295,-273.164062,-5.477185,0.000000,0
319.1447,-273.251953,-5.478735,-0.087891,0
319.1599,-273.339844,-5.480286,-0.087891,0
319.1754,-273.427734,-5.481836,-0.087891,0
319.1906,-273.515625,-5.483386,-0.087891,0
319.2058,-273.515625,-5.483386,0.000000,0
319.2210,-273.603516,-5.484937,-0.087891,0
319.2362,-273.603516,-5.484937,0.000000,0
319.2515,-273.691406,-5.486487,-0.087891,0
319.2667,-273.779297,-5.488037,-0.087891,0
319.2820,-273.867188,-5.489587,-0.087891,0
319.2973,-273.955078,-5.491138,-0.087891,0
319.3125,-274.042969,-5.492688,-0.087891,0
319.3277,-274.042969,-5.492688,0.000000,0
319.3429,-274.130859,-5.494238,-0.087891,0
319.3581,-274.218750,-5.495789,-0.087891,0
319.3739,-274.218750,-5.495789,0.000000,0
319.3892,-274.394531,-5.498889,-0.175781,0
319.4044,-274.394531,-5.498889,0.000000,0
319.4196,-274.482422,-5.500439,-0.087891,0
319.4348,-274.570312,-5.501990,-0.087891,0
319.4500,-274.658203,-5.503540,-0.087891,0
319.4653,-274.746094,-5.505090,-0.087891,0
319.4805,-274.833984,-5.506641,-0.087891,0
319.4957,-274.921875,-5.508191,-0.087891,0
319.5109,-274.921875,-5.508191,0.000000,0
319.5262,-275.009766,-5.509741,-0.087891,0
319.5414,-275.097656,-5.511292,-0.087891,0
319.5566,-275.185547,-5.512842,-0.087891,0
319.5719,-275.185547,-5.512842,0.000000,0
319.5871,-275.273438,-5.514392,-0.087891,0
319.6023,-275.361328,-5.515942,-0.087891,0
319.6175,-275.449219,-5.517493,-0.087891,0
319.6328,-275.449219,-5.517493,0.000000,0
319.6492,-275.537109,-5.519043,-0.087891,0
319.6647,-275.625000,-5.520593,-0.087891,0
319.6804,-275.712891,-5.522144,-0.087891,0
319.6956,-275.712891,-5.522144,0.000000,0
319.7109,-275.888672,-5.525244,-0.175781,0
319.7261,-275.976562,-5.526794,-0.087891,0
319.7413,-276.064453,-5.528345,-0.087891,0
319.7565,-276.152344,-5.529895,-0.087891,0
319.7718,-276.152344,-5.529895,0.000000,0
319.7870,-276.240234,-5.531445,-0.087891,0
319.8022,-276.328125,-5.532996,-0.087891,0
319.8182,-276.416016,-5.534546,-0.087891,0
319.8334,-276.503906,-5.536096,-0.087891,0
319.8486,-276.591797,-5.537646,-0.087891,0
319.8644,-276.679688,-5.539197,-0.087891,0
319.8804,-276.767578,-5.540747,-0.087891,0
319.8956,-276.767578,-5.540747,0.000000,0
319.9109,-276.943359,-5.543848,-0.175781,0
319.9261,-276.943359,-5.543848,0.000000,0
319.9413,-277.119141,-5.546948,-0.175781,0
319.9566,-277.119141,-5.546948,0.000000,0
319.9718,-277.207031,-5.548499,-0.087891,0
319.9871,-277.294922,-5.550049,-0.087891,0
320.0023,-277.294922,-5.550049,0.000000,0
320.0178,-277.470703,-5.553149,-0.175781,0
320.0330,-277.470703,-5.553149,0.000000,0
320.0482,-277.558594,-5.554700,-0.087891,0
320.0634,-277.558594,-5.554700,0.000000,0
320.0786,-277.646484,-5.556250,-0.087891,0
320.0939,-277.734375,-5.557800,-0.087891,0
320.1092,-277.822266,-5.559351,-0.087891,0
320.1244,-277.910156,-5.560901,-0.087891,0
320.1396,-277.910156,-5.560901,0.000000,0
320.1549,-277.998047,-5.562451,-0.087891,0
320.1701,-277.998047,-5.562451,0.000000,0
320.1859,-278.085938,-5.564001,-0.087891,0
320.2012,-278.173828,-5.565552,-0.087891,0
320.2164,-278.261719,-5.567102,-0.087891,0
320.2316,-278.349609,-5.568652,-0.087891,0
320.2468,-278.437500,-5.570203,-0.087891,0
320.2620,-278.525391,-5.571753,-0.087891,0
320.2773,-278.613281,-5.573303,-0.087891,0
320.2925,-278.613281,-5.573303,0.000000,0
320.3077,-278.789062,-5.576404,-0.175781,0
320.3229,-278.789062,-5.576404,0.000000,0
320.3381,-278.876953,-5.577954,-0.087891,0
320.3540,-278.964844,-5.579504,-0.087891,0
320.3692,-279.052734,-5.581055,-0.087891,0
320.3852,-279.140625,-5.582605,-0.087891,0
320.4004,-279.140625,-5.582605,0.000000,0
320.4156,-279.228516,-5.584155,-0.087891,0
320.4309,-279.316406,-5.585706,-0.087891,0
320.4462,-279.316406,-5.585706,0.000000,0
320.4614,-279.404297,-5.587256,-0.087891,0
320.4767,-279.492188,-5.588806,-0.087891,0
320.4926,-279.580078,-5.590356,-0.087891,0
320.5078,-279.667969,-5.591907,-0.087891,0
320.5230,-279.755859,-5.593457,-0.087891,0
320.5385,-279.843750,-5.595007,-0.087891,0
320.5537,-279.931641,-5.596558,-0.087891,0
320.5689,-279.931641,-5.596558,0.000000,0
320.5842,-280.107422,-5.599658,-0.175781,0
320.5995,-280.107422,-5.599658,0.000000,0
320.6147,-280.283203,-5.602759,-0.175781,0
320.6299,-280.283203,-5.602759,0.000000,0
320.6451,-280.371094,-5.604309,-0.087891,0
320.6603,-280.458984,-5.605859,-0.087891,0
320.6756,-280.546875,-5.607410,-0.087891,0
320.6909,-280.546875,-5.607410,0.000000,0
320.7061,-280.722656,-5.610510,-0.175781,0
320.7213,-280.722656,-5.610510,0.000000,0
320.7370,-280.810547,-5.612061,-0.087891,0
320.7522,-280.898438,-5.613611,-0.087891,0
320.7674,-280.986328,-5.615161,-0.087891,0
320.7827,-281.074219,-5.616711,-0.087891,0
320.7980,-281.074219,-5.616711,0.000000,0
320.8133,-281.250000,-5.619812,-0.175781,0
320.8285,-281.250000,-5.619812,0.000000,0
320.8437,-281.337891,-5.621362,-0.087891,0
320.8589,-281.337891,-5.621362,0.000000,0
320.8742,-281.425781,-5.622913,-0.087891,0
320.8894,-281.513672,-5.624463,-0.087891,0
320.9047,-281.601562,-5.626013,-0.087891,0
320.9202,-281.689453,-5.627563,-0.087891,0
320.9354,-281.689453,-5.627563,0.000000,0
320.9507,-281.777344,-5.629114,-0.087891,0
320.9659,-281.865234,-5.630664,-0.087891,0
320.9811,-281.865234,-5.630664,0.000000,0
320.9963,-281.953125,-5.632214,-0.087891,0
321.0116,-282.041016,-5.633765,-0.087891,0
321.0268,-282.128906,-5.635315,-0.087891,0
321.0420,-282.216797,-5.636865,-0.087891,0
321.0573,-282.216797,-5.636865,0.000000,0
321.0726,-282.304688,-5.638416,-0.087891,0
321.0878,-282.304688,-5.638416,0.000000,0
321.1030,-282.392578,-5.639966,-0.087891,0
321.1182,-282.568359,-5.643066,-0.175781,0
321.1335,-282.568359,-5.643066,0.000000,0
321.1487,-282.656250,-5.644617,-0.087891,0
321.1639,-282.744141,-5.646167,-0.087891,0
321.1791,-282.832031,-5.647717,-0.087891,0
321.1943,-282.919922,-5.649268,-0.087891,0
321.2095,-283.007812,-5.650818,-0.087891,0
321.2247,-283.007812,-5.650818,0.000000,0
321.2400,-283.095703,-5.652368,-0.087891,0
321.2552,-283.183594,-5.653918,-0.087891,0
321.2705,-283.271484,-5.655469,-0.087891,0
321.2857,-283.271484,-5.655469,0.000000,0
321.3010,-283.359375,-5.657019,-0.087891,0
321.3166,-283.447266,-5.658569,-0.087891,0
321.3319,-283.447266,-5.658569,0.000000,0
321.3471,-283.623047,-5.661670,-0.175781,0
321.3623,-283.710938,-5.663220,-0.087891,0
321.3775,-283.886719,-5.666321,-0.175781,0
321.3928,-283.886719,-5.666321,0.000000,0
321.4080,-283.974609,-5.667871,-0.087891,0
321.4237,-284.062500,-5.669421,-0.087891,0
321.4389,-284.150391,-5.670972,-0.087891,0
321.4542,-284.238281,-5.672522,-0.087891,0
321.4694,-284.238281,-5.672522,0.000000,0
321.4846,-284.326172,-5.674072,-0.087891,0
321.5000,-284.414062,-5.675623,-0.087891,0
321.5152,-284.501953,-5.677173,-0.087891,0
321.5311,-284.589844,-5.678723,-0.087891,0
321.5463,-284.677734,-5.680273,-0.087891,0
321.5616,-284.677734,-5.680273,0.000000,0
321.5768,-284.853516,-5.683374,-0.175781,0
321.5921,-284.853516,-5.683374,0.000000,0
321.6074,-284.941406,-5.684924,-0.087891,0
321.6227,-285.029297,-5.686475,-0.087891,0
321.6380,-285.117188,-5.688025,-0.087891,0
321.6532,-285.205078,-5.689575,-0.087891,0
321.6684,-285.205078,-5.689575,0.000000,0
321.6836,-285.292969,-5.691125,-0.087891,0
321.6996,-285.292969,-5.691125,0.000000,0
321.7151,-285.380859,-5.692676,-0.087891,0
321.7303,-285.468750,-5.694226,-0.087891,0
321.7456,-285.556641,-5.695776,-0.087891,0
321.7622,-285.556641,-5.695776,0.000000,0
321.7774,-285.732422,-5.698877,-0.175781,0
321.7927,-285.732422,-5.698877,0.000000,0
321.8083,-285.820312,-5.700427,-0.087891,0
321.8235,-285.908203,-5.701978,-0.087891,0
321.8387,-285.996094,-5.703528,-0.087891,0
321.8541,-285.996094,-5.703528,0.000000,0
321.8693,-286.083984,-5.705078,-0.087891,0
321.8845,-286.171875,-5.706628,-0.087891,0
321.8998,-286.171875,-5.706628,0.000000,0
321.9151,-286.259766,-5.708179,-0.087891,0
321.9305,-286.347656,-5.709729,-0.087891,0
321.9463,-286.435547,-5.711279,-0.087891,0
321.9616,-286.523438,-5.712830,-0.087891,0
321.9768,-286.611328,-5.714380,-0.087891,0
321.9921,-286.699219,-5.715930,-0.087891,0
322.0073,-286.787109,-5.717480,-0.087891,0
322.0225,-286.875000,-5.719031,-0.087891,0
322.0378,-286.962891,-5.720581,-0.087891,0
322.0537,-286.962891,-5.720581,0.000000,0
322.0690,-287.138672,-5.723682,-0.175781,0
322.0842,-287.138672,-5.723682,0.000000,0
322.0994,-287.226562,-5.725232,-0.087891,0
322.1148,-287.226562,-5.725232,0.000000,0
322.1301,-287.226562,-5.725232,0.000000,0
322.1453,-287.314453,-5.726782,-0.087891,0
322.1605,-287.402344,-5.728333,-0.087891,0
322.1757,-287.578125,-5.731433,-0.175781,0
322.1909,-287.666016,-5.732983,-0.087891,0
322.2062,-287.753906,-5.734534,-0.087891,0
322.2214,-287.841797,-5.736084,-0.087891,0
322.2366,-287.929688,-5.737634,-0.087891,0
322.2521,-288.017578,-5.739185,-0.087891,0
322.2674,-288.105469,-5.740735,-0.087891,0
322.2830,-288.105469,-5.740735,0.000000,0
322.2982,-288.193359,-5.742285,-0.087891,0
322.3134,-288.281250,-5.743835,-0.087891,0
322.3286,-288.369141,-5.745386,-0.087891,0
322.3439,-288.457031,-5.746936,-0.087891,0
322.3591,-288.544922,-5.748486,-0.087891,0
322.3743,-288.632812,-5.750037,-0.087891,0
322.3895,-288.632812,-5.750037,0.000000,0
322.4050,-288.808594,-5.753137,-0.175781,0
322.4203,-288.808594,-5.753137,0.000000,0
322.4355,-288.896484,-5.754688,-0.087891,0
322.4508,-288.984375,-5.756238,-0.087891,0
322.4661,-289.072266,-5.757788,-0.087891,0
322.4813,-289.072266,-5.757788,0.000000,0
322.4965,-289.160156,-5.759338,-0.087891,0
322.5119,-289.248047,-5.760889,-0.087891,0
322.5272,-289.248047,-5.760889,0.000000,0
322.5424,-289.335938,-5.762439,-0.087891,0
322.5576,-289.423828,-5.763989,-0.087891,0
322.5728,-289.511719,-5.765540,-0.087891,0
322.5880,-289.511719,-5.765540,0.000000,0
322.6033,-289.687500,-5.768640,-0.175781,0
322.6186,-289.687500,-5.768640,0.000000,0
322.6338,-289.775391,-5.770190,-0.087891,0
322.6490,-289.863281,-5.771741,-0.087891,0
322.6642,-289.863281,-5.771741,0.000000,0
322.6794,-289.951172,-5.773291,-0.087891,0
322.6947,-290.039062,-5.774841,-0.087891,0
322.7100,-290.126953,-5.776392,-0.087891,0
322.7258,-290.214844,-5.777942,-0.087891,0
322.7410,-290.214844,-5.777942,0.000000,0
322.7563,-290.302734,-5.779492,-0.087891,0
322.7715,-290.390625,-5.781042,-0.087891,0
322.7868,-290.478516,-5.782593,-0.087891,0
322.8020,-290.566406,-5.784143,-0.087891,0
322.8173,-290.654297,-5.785693,-0.087891,0
322.8325,-290.742188,-5.787244,-0.087891,0
322.8477,-290.742188,-5.787244,0.000000,0
322.8629,-290.830078,-5.788794,-0.087891,0
322.8782,-290.917969,-5.790344,-0.087891,0
322.8934,-291.005859,-5.791895,-0.087891,0
322.9086,-291.093750,-5.793445,-0.087891,0
322.9241,-291.093750,-5.793445,0.000000,0
322.9394,-291.181641,-5.794995,-0.087891,0
322.9548,-291.181641,-5.794995,0.000000,0
322.9700,-291.357422,-5.798096,-0.175781,0
322.9852,-291.357422,-5.798096,0.000000,0
323.0005,-291.445312,-5.799646,-0.087891,0
323.0157,-291.533203,-5.801196,-0.087891,0
323.0309,-291.621094,-5.802747,-0.087891,0
323.0461,-291.708984,-5.804297,-0.087891,0
323.0613,-291.708984,-5.804297,0.000000,0
323.0766,-291.884766,-5.807397,-0.175781,0
323.0918,-291.972656,-5.808948,-0.087891,0
323.1070,-292.060547,-5.810498,-0.087891,0
323.1222,-292.148438,-5.812048,-0.087891,0
323.1375,-292.236328,-5.813599,-0.087891,0
323.1527,-292.236328,-5.813599,0.000000,0
323.1679,-292.324219,-5.815149,-0.087891,0
323.1831,-292.412109,-5.816699,-0.087891,0
323.1983,-292.500000,-5.818250,-0.087891,0
323.2135,-292.587891,-5.819800,-0.087891,0
323.2287,-292.675781,-5.821350,-0.087891,0
323.2439,-292.763672,-5.822900,-0.087891,0
323.2593,-292.763672,-5.822900,0.000000,0
323.2745,-292.851562,-5.824451,-0.087891,0
323.2910,-292.939453,-5.826001,-0.087891,0
323.3062,-293.027344,-5.827551,-0.087891,0
323.3214,-293.115234,-5.829102,-0.087891,0
323.3368,-293.115234,-5.829102,0.000000,0
323.3520,-293.203125,-5.830652,-0.087891,0
323.3672,-293.203125,-5.830652,0.000000,0
323.3825,-293.291016,-5.832202,-0.087891,0
323.3977,-293.378906,-5.833752,-0.087891,0
323.4130,-293.466797,-5.835303,-0.087891,0
323.4282,-293.466797,-5.835303,0.000000,0
323.4434,-293.554688,-5.836853,-0.087891,0
323.4586,-293.642578,-5.838403,-0.087891,0
323.4739,-293.730469,-5.839954,-0.087891,0
323.4891,-293.818359,-5.841504,-0.087891,0
323.5043,-293.818359,-5.841504,0.000000,0
323.5195,-293.906250,-5.843054,-0.087891,0
323.5347,-293.994141,-5.844604,-0.087891,0
323.5499,-293.994141,-5.844604,0.000000,0
323.5652,-294.082031,-5.846155,-0.087891,0
323.5804,-294.169922,-5.847705,-0.087891,0
323.5956,-294.257812,-5.849255,-0.087891,0
323.6108,-294.345703,-5.850806,-0.087891,0
323.6260,-294.433594,-5.852356,-0.087891,0
323.6413,-294.521484,-5.853906,-0.087891,0
323.6565,-294.521484,-5.853906,0.000000,0
323.6717,-294.609375,-5.855457,-0.087891,0
323.6870,-294.697266,-5.857007,-0.087891,0
323.7022,-294.785156,-5.858557,-0.087891,0
323.7174,-294.873047,-5.860107,-0.087891,0
323.7327,-294.873047,-5.860107,0.000000,0
323.7480,-295.048828,-5.863208,-0.175781,0
323.7633,-295.048828,-5.863208,0.000000,0
323.7785,-295.136719,-5.864758,-0.087891,0
323.7939,-295.136719,-5.864758,0.000000,0
323.8091,-295.224609,-5.866309,-0.087891,0
323.8243,-295.224609,-5.866309,0.000000,0
323.8396,-295.400391,-5.869409,-0.175781,0
323.8548,-295.488281,-5.870959,-0.087891,0
323.8700,-295.488281,-5.870959,0.000000,0
323.8852,-295.664062,-5.874060,-0.175781,0
323.9004,-295.751953,-5.875610,-0.087891,0
323.9158,-295.839844,-5.877161,-0.087891,0
323.9310,-295.839844,-5.877161,0.000000,0
323.9463,-296.015625,-5.880261,-0.175781,0
323.9617,-296.015625,-5.880261,0.000000,0
323.9769,-296.103516,-5.881812,-0.087891,0
323.9921,-296.191406,-5.883362,-0.087891,0
324.0074,-296.279297,-5.884912,-0.087891,0
324.0226,-296.367188,-5.886462,-0.087891,0
324.0378,-296.367188,-5.886462,0.000000,0
324.0530,-296.542969,-5.889563,-0.175781,0
324.0682,-296.542969,-5.889563,0.000000,0
324.0839,-296.630859,-5.891113,-0.087891,0
324.0991,-296.718750,-5.892664,-0.087891,0
324.1143,-296.806641,-5.894214,-0.087891,0
324.1298,-296.894531,-5.895764,-0.087891,0
324.1450,-296.982422,-5.897314,-0.087891,0
324.1603,-296.982422,-5.897314,0.000000,0
324.1755,-297.070312,-5.898865,-0.087891,0
324.1908,-297.158203,-5.900415,-0.087891,0
324.2061,-297.158203,-5.900415,0.000000,0
324.2214,-297.246094,-5.901965,-0.087891,0
324.2366,-297.246094,-5.901965,0.000000,0
324.2518,-297.421875,-5.905066,-0.175781,0
324.2670,-297.421875,-5.905066,0.000000,0
324.2828,-297.509766,-5.906616,-0.087891,0
324.2984,-297.597656,-5.908167,-0.087891,0
324.3136,-297.685547,-5.909717,-0.087891,0
324.3288,-297.685547,-5.909717,0.000000,0
324.3441,-297.773438,-5.911267,-0.087891,0
324.3594,-297.861328,-5.912817,-0.087891,0
324.3746,-297.949219,-5.914368,-0.087891,0
324.3898,-297.949219,-5.914368,0.000000,0
324.4052,-298.125000,-5.917468,-0.175781,0
324.4204,-298.125000,-5.917468,0.000000,0
324.4356,-298.212891,-5.919019,-0.087891,0
324.4508,-298.300781,-5.920569,-0.087891,0
324.4662,-298.300781,-5.920569,0.000000,0
324.4814,-298.476562,-5.923669,-0.175781,0
324.4966,-298.476562,-5.923669,0.000000,0
324.5118,-298.564453,-5.925220,-0.087891,0
324.5270,-298.652344,-5.926770,-0.087891,0
324.5424,-298.740234,-5.928320,-0.087891,0
324.5576,-298.740234,-5.928320,0.000000,0
324.5728,-298.916016,-5.931421,-0.175781,0
324.5881,-298.916016,-5.931421,0.000000,0
324.6033,-299.003906,-5.932971,-0.087891,0
324.6185,-299.091797,-5.934521,-0.087891,0
324.6337,-299.091797,-5.934521,0.000000,0
324.6490,-299.179688,-5.936072,-0.087891,0
324.6642,-299.267578,-5.937622,-0.087891,0
324.6794,-299.355469,-5.939172,-0.087891,0
324.6946,-299.443359,-5.940723,-0.087891,0
324.7098,-299.531250,-5.942273,-0.087891,0
324.7258,-299.619141,-5.943823,-0.087891,0
324.7410,-299.707031,-5.945374,-0.087891,0
324.7562,-299.794922,-5.946924,-0.087891,0
324.7714,-299.794922,-5.946924,0.000000,0
324.7868,-299.882812,-5.948474,-0.087891,0
324.8020,-299.970703,-5.950024,-0.087891,0
324.8172,-300.058594,-5.951575,-0.087891,0
324.8324,-300.146484,-5.953125,-0.087891,0
324.8477,-300.234375,-5.954675,-0.087891,0
324.8630,-300.322266,-5.956226,-0.087891,0
324.8782,-300.410156,-5.957776,-0.087891,0
324.8934,-300.410156,-5.957776,0.000000,0
324.9086,-300.498047,-5.959326,-0.087891,0
324.9238,-300.585938,-5.960876,-0.087891,0
324.9390,-300.673828,-5.962427,-0.087891,0
324.9543,-300.761719,-5.963977,-0.087891,0
324.9695,-300.849609,-5.965527,-0.087891,0
324.9847,-300.849609,-5.965527,0.000000,0
324.9999,-300.937500,-5.967078,-0.087891,0
325.0151,-301.025391,-5.968628,-0.087891,0
325.0304,-301.025391,-5.968628,0.000000,0
325.0456,-301.113281,-5.970178,-0.087891,0
325.0608,-301.201172,-5.971729,-0.087891,0
325.0760,-301.289062,-5.973279,-0.087891,0
325.0913,-301.289062,-5.973279,0.000000,0
325.1065,-301.376953,-5.974829,-0.087891,0
325.1218,-301.464844,-5.976379,-0.087891,0
325.1371,-301.464844,-5.976379,0.000000,0
325.1523,-301.552734,-5.977930,-0.087891,0
325.1676,-301.640625,-5.979480,-0.087891,0
325.1828,-301.728516,-5.981030,-0.087891,0
325.1981,-301.728516,-5.981030,0.000000,0
325.2140,-301.816406,-5.982581,-0.087891,0
325.2292,-301.904297,-5.984131,-0.087891,0
325.2446,-301.992188,-5.985681,-0.087891,0
325.2598,-302.080078,-5.987231,-0.087891,0
325.2751,-302.080078,-5.987231,0.000000,0
325.2903,-302.167969,-5.988782,-0.087891,0
325.3055,-302.167969,-5.988782,0.000000,0
325.3208,-302.343750,-5.991882,-0.175781,0
325.3362,-302.431641,-5.993433,-0.087891,0
325.3515,-302.519531,-5.994983,-0.087891,0
325.3667,-302.519531,-5.994983,0.000000,0
325.3819,-302.607422,-5.996533,-0.087891,0
325.3971,-302.695312,-5.998083,-0.087891,0
325.4123,-302.871094,-6.001184,-0.175781,0
325.4276,-302.871094,-6.001184,0.000000,0
325.4428,-302.958984,-6.002734,-0.087891,0
325.4580,-302.958984,-6.002734,0.000000,0
325.4732,-303.046875,-6.004285,-0.087891,0
325.4885,-303.134766,-6.005835,-0.087891,0
325.5037,-303.134766,-6.005835,0.000000,0
325.5189,-303.310547,-6.008936,-0.175781,0
325.5341,-303.310547,-6.008936,0.000000,0
325.5493,-303.486328,-6.012036,-0.175781,0
325.5646,-303.486328,-6.012036,0.000000,0
325.5798,-303.574219,-6.013586,-0.087891,0
325.5950,-303.662109,-6.015137,-0.087891,0
325.6102,-303.750000,-6.016687,-0.087891,0
325.6254,-303.925781,-6.019788,-0.175781,0
325.6407,-303.925781,-6.019788,0.000000,0
325.6562,-304.013672,-6.021338,-0.087891,0
325.6714,-304.101562,-6.022888,-0.087891,0
325.6866,-304.189453,-6.024438,-0.087891,0
325.7018,-304.189453,-6.024438,0.000000,0
325.7170,-304.365234,-6.027539,-0.175781,0
325.7323,-304.365234,-6.027539,0.000000,0
325.7475,-304.453125,-6.029089,-0.087891,0
325.7627,-304.541016,-6.030640,-0.087891,0
325.7780,-304.628906,-6.032190,-0.087891,0
325.7932,-304.628906,-6.032190,0.000000,0
325.8085,-304.716797,-6.033740,-0.087891,0
325.8237,-304.804688,-6.035291,-0.087891,0
325.8389,-304.804688,-6.035291,0.000000,0
325.8549,-304.892578,-6.036841,-0.087891,0
325.8706,-304.980469,-6.038391,-0.087891,0
325.8860,-305.068359,-6.039941,-0.087891,0
325.9012,-305.068359,-6.039941,0.000000,0
325.9164,-305.244141,-6.043042,-0.175781,0
325.9317,-305.244141,-6.043042,0.000000,0
325.9470,-305.332031,-6.044592,-0.087891,0
325.9622,-305.332031,-6.044592,0.000000,0
325.9775,-305.419922,-6.046143,-0.087891,0
325.9927,-305.507812,-6.047693,-0.087891,0
326.0080,-305.507812,-6.047693,0.000000,0
326.0232,-305.683594,-6.050793,-0.175781,0
326.0384,-305.683594,-6.050793,0.000000,0
326.0537,-305.771484,-6.052344,-0.087891,0
326.0695,-305.771484,-6.052344,0.000000,0
326.0850,-305.859375,-6.053894,-0.087891,0
326.1002,-305.947266,-6.055444,-0.087891,0
326.1155,-306.035156,-6.056995,-0.087891,0
326.1308,-306.123047,-6.058545,-0.087891,0
326.1460,-306.210938,-6.060095,-0.087891,0
326.1618,-306.298828,-6.061646,-0.087891,0
326.1770,-306.386719,-6.063196,-0.087891,0
326.1922,-306.474609,-6.064746,-0.087891,0
326.2074,-306.474609,-6.064746,0.000000,0
326.2226,-306.562500,-6.066296,-0.087891,0
326.2379,-306.650391,-6.067847,-0.087891,0
326.2532,-306.738281,-6.069397,-0.087891,0
326.2684,-306.738281,-6.069397,0.000000,0
326.2836,-306.826172,-6.070947,-0.087891,0
326.2989,-306.914062,-6.072498,-0.087891,0
326.3142,-307.001953,-6.074048,-0.087891,0
326.3294,-307.001953,-6.074048,0.000000,0
326.3446,-307.089844,-6.075598,-0.087891,0
326.3605,-307.177734,-6.077148,-0.087891,0
326.3757,-307.265625,-6.078699,-0.087891,0
326.3909,-307.441406,-6.081799,-0.175781,0
326.4071,-307.529297,-6.083350,-0.087891,0
326.4224,-307.617188,-6.084900,-0.087891,0
326.4377,-307.617188,-6.084900,0.000000,0
326.4529,-307.705078,-6.086450,-0.087891,0
326.4681,-307.792969,-6.088000,-0.087891,0
326.4835,-307.880859,-6.089551,-0.087891,0
326.4987,-307.968750,-6.091101,-0.087891,0
326.5139,-308.056641,-6.092651,-0.087891,0
326.5291,-308.056641,-6.092651,0.000000,0
326.5443,-308.232422,-6.095752,-0.175781,0
326.5595,-308.232422,-6.095752,0.000000,0
326.5747,-308.320312,-6.097302,-0.087891,0
326.5900,-308.408203,-6.098853,-0.087891,0
326.6052,-308.408203,-6.098853,0.000000,0
326.6204,-308.583984,-6.101953,-0.175781,0
326.6356,-308.583984,-6.101953,0.000000,0
326.6508,-308.671875,-6.103503,-0.087891,0
326.6661,-308.671875,-6.103503,0.000000,0
326.6813,-308.759766,-6.105054,-0.087891,0
326.6977,-308.847656,-6.106604,-0.087891,0
326.7129,-308.935547,-6.108154,-0.087891,0
326.7282,-308.935547,-6.108154,0.000000,0
326.7435,-309.023438,-6.109705,-0.087891,0
326.7587,-309.111328,-6.111255,-0.087891,0
326.7739,-309.199219,-6.112805,-0.087891,0
326.7892,-309.199219,-6.112805,0.000000,0
326.8045,-309.287109,-6.114355,-0.087891,0
326.8199,-309.375000,-6.115906,-0.087891,0
326.8351,-309.462891,-6.117456,-0.087891,0
326.8503,-309.550781,-6.119006,-0.087891,0
326.8656,-309.550781,-6.119006,0.000000,0
326.8810,-309.638672,-6.120557,-0.087891,0
326.8962,-309.726562,-6.122107,-0.087891,0
326.9115,-309.814453,-6.123657,-0.087891,0
326.9267,-309.902344,-6.125208,-0.087891,0
326.9420,-309.990234,-6.126758,-0.087891,0
326.9572,-309.990234,-6.126758,0.000000,0
326.9725,-310.078125,-6.128308,-0.087891,0
326.9878,-310.166016,-6.129858,-0.087891,0
327.0030,-310.253906,-6.131409,-0.087891,0
327.0183,-310.253906,-6.131409,0.000000,0
327.0335,-310.341797,-6.132959,-0.087891,0
327.0489,-310.429688,-6.134509,-0.087891,0
327.0641,-310.517578,-6.136060,-0.087891,0
327.0793,-310.517578,-6.136060,0.000000,0
327.0946,-310.605469,-6.137610,-0.087891,0
327.1098,-310.693359,-6.139160,-0.087891,0
327.1250,-310.781250,-6.140710,-0.087891,0
327.1403,-310.869141,-6.142261,-0.087891,0
327.1555,-310.957031,-6.143811,-0.087891,0
327.1707,-311.044922,-6.145361,-0.087891,0
327.1859,-311.132812,-6.146912,-0.087891,0
327.2012,-311.220703,-6.148462,-0.087891,0
327.2165,-311.308594,-6.150012,-0.087891,0
327.2320,-311.308594,-6.150012,0.000000,0
327.2473,-311.396484,-6.151563,-0.087891,0
327.2626,-311.484375,-6.153113,-0.087891,0
327.2778,-311.572266,-6.154663,-0.087891,0
327.2930,-311.660156,-6.156213,-0.087891,0
327.3082,-311.748047,-6.157764,-0.087891,0
327.3235,-311.835938,-6.159314,-0.087891,0
327.3388,-311.835938,-6.159314,0.000000,0
327.3540,-311.923828,-6.160864,-0.087891,0
327.3693,-312.011719,-6.162415,-0.087891,0
327.3845,-312.099609,-6.163965,-0.087891,0
327.3998,-312.187500,-6.165515,-0.087891,0
327.4150,-312.275391,-6.167065,-0.087891,0
327.4302,-312.363281,-6.168616,-0.087891,0
327.4459,-312.451172,-6.170166,-0.087891,0
327.4612,-312.451172,-6.170166,0.000000,0
327.4765,-312.539062,-6.171716,-0.087891,0
327.4918,-312.626953,-6.173267,-0.087891,0
327.5070,-312.626953,-6.173267,0.000000,0
327.5223,-312.714844,-6.174817,-0.087891,0
327.5375,-312.714844,-6.174817,0.000000,0
327.5528,-312.802734,-6.176367,-0.087891,0
327.5680,-312.890625,-6.177917,-0.087891,0
327.5833,-312.978516,-6.179468,-0.087891,0
327.5985,-313.066406,-6.181018,-0.087891,0
327.6137,-313.066406,-6.181018,0.000000,0
327.6289,-313.154297,-6.182568,-0.087891,0
327.6441,-313.242188,-6.184119,-0.087891,0
327.6611,-313.330078,-6.185669,-0.087891,0
327.6767,-313.417969,-6.187219,-0.087891,0
327.6920,-313.417969,-6.187219,0.000000,0
327.7073,-313.505859,-6.188770,-0.087891,0
327.7226,-313.593750,-6.190320,-0.087891,0
327.7378,-313.681641,-6.191870,-0.087891,0
327.7531,-313.769531,-6.193420,-0.087891,0
327.7683,-313.769531,-6.193420,0.000000,0
327.7836,-313.945312,-6.196521,-0.175781,0
327.7988,-313.945312,-6.196521,0.000000,0
327.8140,-314.033203,-6.198071,-0.087891,0
327.8292,-314.121094,-6.199622,-0.087891,0
327.8444,-314.208984,-6.201172,-0.087891,0
327.8597,-314.208984,-6.201172,0.000000,0
327.8749,-314.296875,-6.202722,-0.087891,0
327.8904,-314.384766,-6.204272,-0.087891,0
327.9056,-314.472656,-6.205823,-0.087891,0
327.9209,-314.560547,-6.207373,-0.087891,0
327.9361,-314.560547,-6.207373,0.000000,0
327.9513,-314.736328,-6.210474,-0.175781,0
327.9666,-314.736328,-6.210474,0.000000,0
327.9818,-314.912109,-6.213574,-0.175781,0
327.9970,-314.912109,-6.213574,0.000000,0
328.0122,-315.087891,-6.216675,-0.175781,0
328.0274,-315.087891,-6.216675,0.000000,0
328.0427,-315.175781,-6.218225,-0.087891,0
328.0579,-315.263672,-6.219775,-0.087891,0
328.0732,-315.351562,-6.221326,-0.087891,0
328.0884,-315.439453,-6.222876,-0.087891,0
328.1037,-315.439453,-6.222876,0.000000,0
328.1189,-315.527344,-6.224426,-0.087891,0
328.1341,-315.615234,-6.225977,-0.087891,0
328.1494,-315.791016,-6.229077,-0.175781,0
328.1647,-315.791016,-6.229077,0.000000,0
328.1800,-315.878906,-6.230627,-0.087891,0
328.1954,-315.878906,-6.230627,0.000000,0
328.2106,-316.054688,-6.233728,-0.175781,0
328.2262,-316.054688,-6.233728,0.000000,0
328.2414,-316.142578,-6.235278,-0.087891,0
328.2566,-316.230469,-6.236829,-0.087891,0
328.2718,-316.230469,-6.236829,0.000000,0
328.2871,-316.318359,-6.238379,-0.087891,0
328.3023,-316.318359,-6.238379,0.000000,0
328.3175,-316.406250,-6.239929,-0.087891,0
328.3327,-316.494141,-6.241479,-0.087891,0
328.3479,-316.582031,-6.243030,-0.087891,0
328.3631,-316.582031,-6.243030,0.000000,0
328.3784,-316.669922,-6.244580,-0.087891,0
328.3937,-316.757812,-6.246130,-0.087891,0
328.4089,-316.845703,-6.247681,-0.087891,0
328.4241,-316.933594,-6.249231,-0.087891,0
328.4393,-316.933594,-6.249231,0.000000,0
328.4545,-317.109375,-6.252332,-0.175781,0
328.4697,-317.109375,-6.252332,0.000000,0
328.4851,-317.197266,-6.253882,-0.087891,0
328.5011,-317.197266,-6.253882,0.000000,0
328.5163,-317.373047,-6.256982,-0.175781,0
328.5315,-317.373047,-6.256982,0.000000,0
328.5467,-317.460938,-6.258533,-0.087891,0
328.5619,-317.548828,-6.260083,-0.087891,0
328.5771,-317.636719,-6.261633,-0.087891,0
328.5924,-317.724609,-6.263184,-0.087891,0
328.6076,-317.812500,-6.264734,-0.087891,0
328.6228,-317.812500,-6.264734,0.000000,0
328.6380,-317.900391,-6.266284,-0.087891,0
328.6532,-317.988281,-6.267834,-0.087891,0
328.6684,-317.988281,-6.267834,0.000000,0
328.6837,-318.076172,-6.269385,-0.087891,0
328.6989,-318.076172,-6.269385,0.000000,0
328.7141,-318.251953,-6.272485,-0.175781,0
328.7293,-318.339844,-6.274036,-0.087891,0
328.7445,-318.427734,-6.275586,-0.087891,0
328.7597,-318.515625,-6.277136,-0.087891,0
328.7750,-318.603516,-6.278687,-0.087891,0
328.7902,-318.691406,-6.280237,-0.087891,0
328.8054,-318.779297,-6.281787,-0.087891,0
328.8206,-318.867188,-6.283337,-0.087891,0
328.8358,-318.955078,-6.284888,-0.087891,0
328.8511,-318.955078,-6.284888,0.000000,0
328.8663,-319.042969,-6.286438,-0.087891,0
328.8815,-319.130859,-6.287988,-0.087891,0
328.8969,-319.218750,-6.289539,-0.087891,0
328.9124,-319.306641,-6.291089,-0.087891,0
328.9276,-319.394531,-6.292639,-0.087891,0
328.9429,-319.482422,-6.294189,-0.087891,0
328.9581,-319.482422,-6.294189,0.000000,0
328.9733,-319.570312,-6.295740,-0.087891,0
328.9885,-319.658203,-6.297290,-0.087891,0
329.0039,-319.746094,-6.298840,-0.087891,0
329.0191,-319.833984,-6.300391,-0.087891,0
329.0343,-319.921875,-6.301941,-0.087891,0
329.0495,-319.921875,-6.301941,0.000000,0
329.0647,-319.921875,-6.301941,0.000000,0
329.0799,-320.009766,-6.303491,-0.087891,0
329.0953,-320.097656,-6.305042,-0.087891,0
329.1105,-320.097656,-6.305042,0.000000,0
329.1257,-320.185547,-6.306592,-0.087891,0
329.1409,-320.273438,-6.308142,-0.087891,0
329.1562,-320.361328,-6.309692,-0.087891,0
329.1714,-320.361328,-6.309692,0.000000,0
329.1866,-320.449219,-6.311243,-0.087891,0
329.2018,-320.537109,-6.312793,-0.087891,0
329.2171,-320.625000,-6.314343,-0.087891,0
329.2323,-320.712891,-6.315894,-0.087891,0
329.2475,-320.800781,-6.317444,-0.087891,0
329.2629,-320.800781,-6.317444,0.000000,0
329.2781,-320.888672,-6.318994,-0.087891,0
329.2935,-320.976562,-6.320544,-0.087891,0
329.3088,-320.976562,-6.320544,0.000000,0
329.3248,-321.152344,-6.323645,-0.175781,0
329.3402,-321.152344,-6.323645,0.000000,0
329.3554,-321.240234,-6.325195,-0.087891,0
329.3707,-321.328125,-6.326746,-0.087891,0
329.3859,-321.416016,-6.328296,-0.087891,0
329.4012,-321.416016,-6.328296,0.000000,0
329.4164,-321.591797,-6.331396,-0.175781,0
329.4316,-321.591797,-6.331396,0.000000,0
329.4470,-321.679688,-6.332947,-0.087891,0
329.4622,-321.679688,-6.332947,0.000000,0
329.4774,-321.855469,-6.336047,-0.175781,0
329.4928,-321.943359,-6.337598,-0.087891,0
329.5081,-321.943359,-6.337598,0.000000,0
329.5233,-322.031250,-6.339148,-0.087891,0
329.5386,-322.119141,-6.340698,-0.087891,0
329.5538,-322.207031,-6.342249,-0.087891,0
329.5690,-322.294922,-6.343799,-0.087891,0
329.5842,-322.382812,-6.345349,-0.087891,0
329.5995,-322.470703,-6.346899,-0.087891,0
329.6147,-322.558594,-6.348450,-0.087891,0
329.6299,-322.646484,-6.350000,-0.087891,0
329.6451,-322.734375,-6.351550,-0.087891,0
329.6603,-322.734375,-6.351550,0.000000,0
329.6756,-322.822266,-6.353101,-0.087891,0
329.6908,-322.910156,-6.354651,-0.087891,0
329.7061,-322.998047,-6.356201,-0.087891,0
329.7213,-323.085938,-6.357751,-0.087891,0
329.7368,-323.173828,-6.359302,-0.087891,0
329.7521,-323.261719,-6.360852,-0.087891,0
329.7675,-323.261719,-6.360852,0.000000,0
329.7827,-323.349609,-6.362402,-0.087891,0
329.7980,-323.437500,-6.363953,-0.087891,0
329.8133,-323.525391,-6.365503,-0.087891,0
329.8285,-323.525391,-6.365503,0.000000,0
329.8437,-323.613281,-6.367053,-0.087891,0
329.8590,-323.701172,-6.368604,-0.087891,0
329.8742,-323.701172,-6.368604,0.000000,0
329.8894,-323.789062,-6.370154,-0.087891,0
329.9047,-323.876953,-6.371704,-0.087891,0
329.9199,-323.964844,-6.373254,-0.087891,0
329.9351,-323.964844,-6.373254,0.000000,0
329.9503,-324.140625,-6.376355,-0.175781,0
329.9655,-324.140625,-6.376355,0.000000,0
329.9807,-324.228516,-6.377905,-0.087891,0
329.9960,-324.316406,-6.379456,-0.087891,0
330.0112,-324.404297,-6.381006,-0.087891,0
330.0265,-324.492188,-6.382556,-0.087891,0
330.0417,-324.492188,-6.382556,0.000000,0
330.0569,-324.580078,-6.384106,-0.087891,0
330.0721,-324.580078,-6.384106,0.000000,0
330.0873,-324.755859,-6.387207,-0.175781,0
330.1028,-324.755859,-6.387207,0.000000,0
330.1180,-324.843750,-6.388757,-0.087891,0
330.1332,-324.931641,-6.390308,-0.087891,0
330.1485,-325.019531,-6.391858,-0.087891,0
330.1637,-325.107422,-6.393408,-0.087891,0
330.1789,-325.107422,-6.393408,0.000000,0
330.1943,-325.195312,-6.394958,-0.087891,0
330.2096,-325.283203,-6.396509,-0.087891,0
330.2248,-325.371094,-6.398059,-0.087891,0
330.2400,-325.371094,-6.398059,0.000000,0
330.2553,-325.458984,-6.399609,-0.087891,0
330.2705,-325.546875,-6.401160,-0.087891,0
330.2858,-325.634766,-6.402710,-0.087891,0
330.3010,-325.722656,-6.404260,-0.087891,0
330.3164,-325.810547,-6.405811,-0.087891,0
330.3320,-325.898438,-6.407361,-0.087891,0
330.3475,-325.986328,-6.408911,-0.087891,0
330.3628,-325.986328,-6.408911,0.000000,0
330.3781,-326.074219,-6.410461,-0.087891,0
330.3933,-326.250000,-6.413562,-0.175781,0
330.4086,-326.250000,-6.413562,0.000000,0
330.4238,-326.337891,-6.415112,-0.087891,0
330.4390,-326.425781,-6.416663,-0.087891,0
330.4542,-326.513672,-6.418213,-0.087891,0
330.4694,-326.601562,-6.419763,-0.087891,0
330.4847,-326.689453,-6.421313,-0.087891,0
330.4999,-326.777344,-6.422864,-0.087891,0
330.5151,-326.865234,-6.424414,-0.087891,0
330.5303,-326.953125,-6.425964,-0.087891,0
330.5456,-326.953125,-6.425964,0.000000,0
330.5608,-327.041016,-6.427515,-0.087891,0
330.5761,-327.041016,-6.427515,0.000000,0
330.5913,-327.128906,-6.429065,-0.087891,0
330.6065,-327.216797,-6.430615,-0.087891,0
330.6218,-327.304688,-6.432166,-0.087891,0
330.6370,-327.304688,-6.432166,0.000000,0
330.6522,-327.392578,-6.433716,-0.087891,0
330.6674,-327.480469,-6.435266,-0.087891,0
330.6826,-327.480469,-6.435266,0.000000,0
330.6978,-327.568359,-6.436816,-0.087891,0
330.7133,-327.656250,-6.438367,-0.087891,0
330.7286,-327.744141,-6.439917,-0.087891,0
330.7438,-327.744141,-6.439917,0.000000,0
330.7591,-327.919922,-6.443018,-0.175781,0
330.7743,-327.919922,-6.443018,0.000000,0
330.7900,-328.007812,-6.444568,-0.087891,0
330.8052,-328.095703,-6.446118,-0.087891,0
330.8204,-328.183594,-6.447668,-0.087891,0
330.8359,-328.183594,-6.447668,0.000000,0
330.8511,-328.271484,-6.449219,-0.087891,0
330.8664,-328.359375,-6.450769,-0.087891,0
330.8816,-328.447266,-6.452319,-0.087891,0
330.8968,-328.535156,-6.453870,-0.087891,0
330.9123,-328.535156,-6.453870,0.000000,0
330.9275,-328.710938,-6.456970,-0.175781,0
330.9428,-328.710938,-6.456970,0.000000,0
330.9580,-328.798828,-6.458521,-0.087891,0
330.9732,-328.886719,-6.460071,-0.087891,0
330.9884,-328.974609,-6.461621,-0.087891,0
331.0036,-328.974609,-6.461621,0.000000,0
331.0189,-329.062500,-6.463171,-0.087891,0
331.0342,-329.150391,-6.464722,-0.087891,0
331.0494,-329.150391,-6.464722,0.000000,0
331.0646,-329.238281,-6.466272,-0.087891,0
331.0798,-329.326172,-6.467822,-0.087891,0
331.0950,-329.414062,-6.469373,-0.087891,0
331.1102,-329.501953,-6.470923,-0.087891,0
331.1255,-329.677734,-6.474023,-0.175781,0
331.1407,-329.765625,-6.475574,-0.087891,0
331.1559,-329.853516,-6.477124,-0.087891,0
331.1711,-329.853516,-6.477124,0.000000,0
331.1864,-330.029297,-6.480225,-0.175781,0
331.2016,-330.029297,-6.480225,0.000000,0
331.2170,-330.117188,-6.481775,-0.087891,0
331.2322,-330.205078,-6.483325,-0.087891,0
331.2474,-330.292969,-6.484875,-0.087891,0
331.2626,-330.380859,-6.486426,-0.087891,0
331.2780,-330.380859,-6.486426,0.000000,0
331.2932,-330.556641,-6.489526,-0.175781,0
331.3084,-330.556641,-6.489526,0.000000,0
331.3237,-330.644531,-6.491077,-0.087891,0
331.3389,-330.732422,-6.492627,-0.087891,0
331.3541,-330.820312,-6.494177,-0.087891,0
331.3693,-330.820312,-6.494177,0.000000,0
331.3845,-330.820312,-6.494177,0.000000,0
331.3997,-330.908203,-6.495728,-0.087891,0
331.4150,-330.996094,-6.497278,-0.087891,0
331.4302,-331.083984,-6.498828,-0.087891,0
331.4455,-331.171875,-6.500378,-0.087891,0
331.4612,-331.171875,-6.500378,0.000000,0
331.4764,-331.259766,-6.501929,-0.087891,0
331.4916,-331.347656,-6.503479,-0.087891,0
331.5068,-331.435547,-6.505029,-0.087891,0
331.5221,-331.523438,-6.506580,-0.087891,0
331.5373,-331.523438,-6.506580,0.000000,0
331.5525,-331.611328,-6.508130,-0.087891,0
331.5677,-331.699219,-6.509680,-0.087891,0
331.5830,-331.787109,-6.511230,-0.087891,0
331.5983,-331.875000,-6.512781,-0.087891,0
331.6135,-331.875000,-6.512781,0.000000,0
331.6287,-331.962891,-6.514331,-0.087891,0
331.6439,-332.050781,-6.515881,-0.087891,0
331.6591,-332.138672,-6.517432,-0.087891,0
331.6743,-332.226562,-6.518982,-0.087891,0
331.6895,-332.314453,-6.520532,-0.087891,0
331.7048,-332.314453,-6.520532,0.000000,0
331.7201,-332.402344,-6.522083,-0.087891,0
331.7354,-332.490234,-6.523633,-0.087891,0
331.7506,-332.490234,-6.523633,0.000000,0
331.7659,-332.578125,-6.525183,-0.087891,0
331.7831,-332.666016,-6.526733,-0.087891,0
331.7983,-332.753906,-6.528284,-0.087891,0
331.8136,-332.753906,-6.528284,0.000000,0
331.8288,-332.929688,-6.531384,-0.175781,0
331.8441,-332.929688,-6.531384,0.000000,0
331.8594,-333.105469,-6.534485,-0.175781,0
331.8746,-333.105469,-6.534485,0.000000,0
331.8899,-333.193359,-6.536035,-0.087891,0
331.9052,-333.281250,-6.537585,-0.087891,0
331.9208,-333.369141,-6.539136,-0.087891,0
331.9361,-333.457031,-6.540686,-0.087891,0
331.9514,-333.544922,-6.542236,-0.087891,0
331.9666,-333.632812,-6.543787,-0.087891,0
331.9819,-333.720703,-6.545337,-0.087891,0
331.9971,-333.808594,-6.546887,-0.087891,0
332.0124,-333.808594,-6.546887,0.000000,0
332.0277,-333.984375,-6.549988,-0.175781,0
332.0430,-333.984375,-6.549988,0.000000,0
332.0582,-334.072266,-6.551538,-0.087891,0
332.0734,-334.160156,-6.553088,-0.087891,0
332.0886,-334.248047,-6.554639,-0.087891,0
332.1038,-334.335938,-6.556189,-0.087891,0
332.1190,-334.423828,-6.557739,-0.087891,0
332.1344,-334.423828,-6.557739,0.000000,0
332.1496,-334.511719,-6.559290,-0.087891,0
332.1648,-334.511719,-6.559290,0.000000,0
332.1801,-334.599609,-6.560840,-0.087891,0
332.1954,-334.687500,-6.562390,-0.087891,0
332.2107,-334.775391,-6.563940,-0.087891,0
332.2259,-334.863281,-6.565491,-0.087891,0
332.2413,-334.863281,-6.565491,0.000000,0
332.2565,-334.951172,-6.567041,-0.087891,0
332.2719,-335.039062,-6.568591,-0.087891,0
332.2871,-335.126953,-6.570142,-0.087891,0
332.3023,-335.126953,-6.570142,0.000000,0
332.3175,-335.302734,-6.573242,-0.175781,0
332.3328,-335.302734,-6.573242,0.000000,0
332.3480,-335.390625,-6.574792,-0.087891,0
332.3633,-335.478516,-6.576343,-0.087891,0
332.3785,-335.478516,-6.576343,0.000000,0
332.3937,-335.654297,-6.579443,-0.175781,0
332.4105,-335.654297,-6.579443,0.000000,0
332.4259,-335.742188,-6.580994,-0.087891,0
332.4411,-335.830078,-6.582544,-0.087891,0
332.4564,-335.917969,-6.584094,-0.087891,0
332.4720,-335.917969,-6.584094,0.000000,0
332.4879,-336.093750,-6.587195,-0.175781,0
332.5031,-336.093750,-6.587195,0.000000,0
332.5183,-336.181641,-6.588745,-0.087891,0
332.5340,-336.181641,-6.588745,0.000000,0
332.5492,-336.357422,-6.591846,-0.175781,0
332.5644,-336.357422,-6.591846,0.000000,0
332.5796,-336.445312,-6.593396,-0.087891,0
332.5948,-336.533203,-6.594946,-0.087891,0
332.6101,-336.533203,-6.594946,0.000000,0
332.6254,-336.708984,-6.598047,-0.175781,0
332.6409,-336.796875,-6.599597,-0.087891,0
332.6561,-336.884766,-6.601147,-0.087891,0
332.6714,-336.884766,-6.601147,0.000000,0
332.6866,-337.060547,-6.604248,-0.175781,0
332.7019,-337.060547,-6.604248,0.000000,0
332.7171,-337.236328,-6.607349,-0.175781,0
332.7323,-337.236328,-6.607349,0.000000,0
332.7476,-337.412109,-6.610449,-0.175781,0
332.7628,-337.412109,-6.610449,0.000000,0
332.7781,-337.500000,-6.612000,-0.087891,0
332.7933,-337.587891,-6.613550,-0.087891,0
332.8085,-337.587891,-6.613550,0.000000,0
332.8238,-337.763672,-6.616650,-0.175781,0
332.8391,-337.763672,-6.616650,0.000000,0
332.8543,-337.851562,-6.618201,-0.087891,0
332.8695,-337.939453,-6.619751,-0.087891,0
332.8847,-338.027344,-6.621301,-0.087891,0
332.8999,-338.027344,-6.621301,0.000000,0
332.9151,-338.115234,-6.622852,-0.087891,0
332.9304,-338.203125,-6.624402,-0.087891,0
332.9457,-338.203125,-6.624402,0.000000,0
332.9609,-338.291016,-6.625952,-0.087891,0
332.9761,-338.378906,-6.627502,-0.087891,0
332.9914,-338.466797,-6.629053,-0.087891,0
333.0066,-338.466797,-6.629053,0.000000,0
333.0218,-338.642578,-6.632153,-0.175781,0
333.0370,-338.642578,-6.632153,0.000000,0
333.0527,-338.730469,-6.633704,-0.087891,0
333.0679,-338.818359,-6.635254,-0.087891,0
333.0831,-338.818359,-6.635254,0.000000,0
333.0984,-338.906250,-6.636804,-0.087891,0
333.1136,-338.994141,-6.638354,-0.087891,0
333.1288,-339.082031,-6.639905,-0.087891,0
333.1440,-339.169922,-6.641455,-0.087891,0
333.1593,-339.257812,-6.643005,-0.087891,0
333.1745,-339.257812,-6.643005,0.000000,0
333.1897,-339.433594,-6.646106,-0.175781,0
333.2049,-339.433594,-6.646106,0.000000,0
333.2202,-339.521484,-6.647656,-0.087891,0
333.2354,-339.609375,-6.649207,-0.087891,0
333.2506,-339.697266,-6.650757,-0.087891,0
333.2658,-339.697266,-6.650757,0.000000,0
333.2812,-339.785156,-6.652307,-0.087891,0
333.2964,-339.873047,-6.653857,-0.087891,0
333.3116,-339.873047,-6.653857,0.000000,0
333.3269,-339.960938,-6.655408,-0.087891,0
333.3422,-340.048828,-6.656958,-0.087891,0
333.3577,-340.136719,-6.658508,-0.087891,0
333.3729,-340.224609,-6.660059,-0.087891,0
333.3882,-340.312500,-6.661609,-0.087891,0
333.4034,-340.400391,-6.663159,-0.087891,0
333.4187,-340.488281,-6.664709,-0.087891,0
333.4340,-340.576172,-6.666260,-0.087891,0
333.4502,-340.664062,-6.667810,-0.087891,0
333.4654,-340.751953,-6.669360,-0.087891,0
333.4806,-340.751953,-6.669360,0.000000,0
333.4959,-340.839844,-6.670911,-0.087891,0
333.5114,-340.927734,-6.672461,-0.087891,0
333.5266,-341.015625,-6.674011,-0.087891,0
333.5419,-341.103516,-6.675562,-0.087891,0
333.5572,-341.191406,-6.677112,-0.087891,0
333.5725,-341.279297,-6.678662,-0.087891,0
333.5877,-341.367188,-6.680212,-0.087891,0
333.6029,-341.455078,-6.681763,-0.087891,0
333.6181,-341.542969,-6.683313,-0.087891,0
333.6333,-341.542969,-6.683313,0.000000,0
333.6490,-341.718750,-6.686414,-0.175781,0
333.6643,-341.718750,-6.686414,0.000000,0
333.6796,-341.806641,-6.687964,-0.087891,0
333.6952,-341.806641,-6.687964,0.000000,0
333.7104,-341.806641,-6.687964,0.000000,0
333.7256,-341.982422,-6.691064,-0.175781,0
333.7408,-341.982422,-6.691064,0.000000,0
333.7560,-342.070312,-6.692615,-0.087891,0
333.7713,-342.070312,-6.692615,0.000000,0
333.7865,-342.246094,-6.695715,-0.175781,0
333.8020,-342.246094,-6.695715,0.000000,0
333.8172,-342.333984,-6.697266,-0.087891,0
333.8324,-342.421875,-6.698816,-0.087891,0
333.8478,-342.509766,-6.700366,-0.087891,0
333.8630,-342.509766,-6.700366,0.000000,0
333.8783,-342.597656,-6.701917,-0.087891,0
333.8935,-342.685547,-6.703467,-0.087891,0
333.9087,-342.773438,-6.705017,-0.087891,0
333.9240,-342.861328,-6.706567,-0.087891,0
333.9392,-342.861328,-6.706567,0.000000,0
333.9545,-342.949219,-6.708118,-0.087891,0
333.9701,-343.037109,-6.709668,-0.087891,0
333.9853,-343.125000,-6.711218,-0.087891,0
334.0005,-343.125000,-6.711218,0.000000,0
334.0157,-343.300781,-6.714319,-0.175781,0
334.0310,-343.300781,-6.714319,0.000000,0
334.0463,-343.388672,-6.715869,-0.087891,0
334.0615,-343.476562,-6.717419,-0.087891,0
334.0768,-343.564453,-6.718970,-0.087891,0
334.0920,-343.564453,-6.718970,0.000000,0
334.1075,-343.652344,-6.720520,-0.087891,0
334.1230,-343.740234,-6.722070,-0.087891,0
334.1382,-343.828125,-6.723621,-0.087891,0
334.1537,-343.916016,-6.725171,-0.087891,0
334.1689,-343.916016,-6.725171,0.000000,0
334.1841,-344.091797,-6.728271,-0.175781,0
334.1994,-344.091797,-6.728271,0.000000,0
334.2146,-344.267578,-6.731372,-0.175781,0
334.2298,-344.267578,-6.731372,0.000000,0
334.2450,-344.355469,-6.732922,-0.087891,0
334.2603,-344.443359,-6.734473,-0.087891,0
334.2755,-344.531250,-6.736023,-0.087891,0
334.2907,-344.619141,-6.737573,-0.087891,0
334.3059,-344.707031,-6.739124,-0.087891,0
334.3211,-344.794922,-6.740674,-0.087891,0
334.3363,-344.882812,-6.742224,-0.087891,0
334.3516,-344.970703,-6.743774,-0.087891,0
334.3668,-345.058594,-6.745325,-0.087891,0
334.3820,-345.058594,-6.745325,0.000000,0
334.3972,-345.234375,-6.748425,-0.175781,0
334.4125,-345.234375,-6.748425,0.000000,0
334.4277,-345.322266,-6.749976,-0.087891,0
334.4429,-345.410156,-6.751526,-0.087891,0
334.4581,-345.410156,-6.751526,0.000000,0
334.4733,-345.498047,-6.753076,-0.087891,0
334.4885,-345.498047,-6.753076,0.000000,0
334.5037,-345.585938,-6.754626,-0.087891,0
334.5190,-345.673828,-6.756177,-0.087891,0
334.5343,-345.761719,-6.757727,-0.087891,0
334.5496,-345.761719,-6.757727,0.000000,0
334.5649,-345.849609,-6.759277,-0.087891,0
334.5808,-345.937500,-6.760828,-0.087891,0
334.5960,-346.025391,-6.762378,-0.087891,0
334.6113,-346.113281,-6.763928,-0.087891,0
334.6265,-346.201172,-6.765479,-0.087891,0
334.6417,-346.289062,-6.767029,-0.087891,0
334.6571,-346.289062,-6.767029,0.000000,0
334.6724,-346.376953,-6.768579,-0.087891,0
334.6876,-346.376953,-6.768579,0.000000,0
334.7029,-346.464844,-6.770129,-0.087891,0
334.7181,-346.640625,-6.773230,-0.175781,0
334.7333,-346.640625,-6.773230,0.000000,0
334.7485,-346.728516,-6.774780,-0.087891,0
334.7638,-346.816406,-6.776331,-0.087891,0
334.7790,-346.816406,-6.776331,0.000000,0
334.7942,-346.904297,-6.777881,-0.087891,0
334.8095,-346.992188,-6.779431,-0.087891,0
334.8248,-347.080078,-6.780981,-0.087891,0
334.8400,-347.167969,-6.782532,-0.087891,0
334.8553,-347.167969,-6.782532,0.000000,0
334.8706,-347.255859,-6.784082,-0.087891,0
334.8858,-347.343750,-6.785632,-0.087891,0
334.9010,-347.431641,-6.787183,-0.087891,0
334.9162,-347.431641,-6.787183,0.000000,0
334.9314,-347.519531,-6.788733,-0.087891,0
334.9537,-347.695312,-6.791833,-0.175781,0
334.9690,-347.783203,-6.793384,-0.087891,0
334.9842,-347.871094,-6.794934,-0.087891,0
334.9995,-347.871094,-6.794934,0.000000,0
335.0147,-347.958984,-6.796484,-0.087891,0
335.0299,-348.046875,-6.798035,-0.087891,0
335.0451,-348.134766,-6.799585,-0.087891,0
335.0608,-348.222656,-6.801135,-0.087891,0
335.0763,-348.310547,-6.802686,-0.087891,0
335.0915,-348.398438,-6.804236,-0.087891,0
335.1067,-348.574219,-6.807336,-0.175781,0
335.1220,-348.574219,-6.807336,0.000000,0
335.1372,-348.662109,-6.808887,-0.087891,0
335.1524,-348.750000,-6.810437,-0.087891,0
335.1676,-348.837891,-6.811987,-0.087891,0
335.1836,-348.925781,-6.813538,-0.087891,0
335.1988,-349.013672,-6.815088,-0.087891,0
335.2141,-349.101562,-6.816638,-0.087891,0
335.2293,-349.101562,-6.816638,0.000000,0
335.2445,-349.189453,-6.818188,-0.087891,0
335.2597,-349.189453,-6.818188,0.000000,0
335.2750,-349.277344,-6.819739,-0.087891,0
335.2910,-349.365234,-6.821289,-0.087891,0
335.3063,-349.453125,-6.822839,-0.087891,0
335.3222,-349.453125,-6.822839,0.000000,0
335.3374,-349.541016,-6.824390,-0.087891,0
335.3526,-349.628906,-6.825940,-0.087891,0
335.3679,-349.716797,-6.827490,-0.087891,0
335.3835,-349.716797,-6.827490,0.000000,0
335.3991,-349.804688,-6.829041,-0.087891,0
335.4143,-349.892578,-6.830591,-0.087891,0
335.4295,-349.892578,-6.830591,0.000000,0
335.4447,-349.980469,-6.832141,-0.087891,0
335.4600,-350.068359,-6.833691,-0.087891,0
335.4753,-350.156250,-6.835242,-0.087891,0
335.4906,-350.156250,-6.835242,0.000000,0
335.5058,-350.332031,-6.838342,-0.175781,0
335.5211,-350.332031,-6.838342,0.000000,0
335.5363,-350.507812,-6.841443,-0.175781,0
335.5515,-350.507812,-6.841443,0.000000,0
335.5667,-350.595703,-6.842993,-0.087891,0
335.5824,-350.595703,-6.842993,0.000000,0
335.5976,-350.683594,-6.844543,-0.087891,0
335.6128,-350.859375,-6.847644,-0.175781,0
335.6280,-350.859375,-6.847644,0.000000,0
335.6433,-350.947266,-6.849194,-0.087891,0
335.6585,-350.947266,-6.849194,0.000000,0
335.6738,-351.035156,-6.850745,-0.087891,0
335.6890,-351.123047,-6.852295,-0.087891,0
335.7043,-351.210938,-6.853845,-0.087891,0
335.7195,-351.210938,-6.853845,0.000000,0
335.7348,-351.386719,-6.856946,-0.175781,0
335.7500,-351.474609,-6.858496,-0.087891,0
335.7652,-351.474609,-6.858496,0.000000,0
335.7806,-351.650391,-6.861597,-0.175781,0
335.7961,-351.650391,-6.861597,0.000000,0
335.8114,-351.738281,-6.863147,-0.087891,0
335.8266,-351.826172,-6.864697,-0.087891,0
335.8418,-352.001953,-6.867798,-0.175781,0
335.8570,-352.001953,-6.867798,0.000000,0
335.8722,-352.089844,-6.869348,-0.087891,0
335.8875,-352.177734,-6.870898,-0.087891,0
335.9028,-352.265625,-6.872449,-0.087891,0
335.9180,-352.353516,-6.873999,-0.087891,0
335.9332,-352.441406,-6.875549,-0.087891,0
335.9484,-352.529297,-6.877100,-0.087891,0
335.9636,-352.529297,-6.877100,0.000000,0
335.9789,-352.705078,-6.880200,-0.175781,0
335.9941,-352.705078,-6.880200,0.000000,0
336.0093,-352.792969,-6.881750,-0.087891,0
336.0245,-352.792969,-6.881750,0.000000,0
336.0397,-352.880859,-6.883301,-0.087891,0
336.0549,-352.968750,-6.884851,-0.087891,0
336.0702,-353.056641,-6.886401,-0.087891,0
336.0854,-353.144531,-6.887952,-0.087891,0
336.1006,-353.144531,-6.887952,0.000000,0
336.1158,-353.232422,-6.889502,-0.087891,0
336.1310,-353.232422,-6.889502,0.000000,0
336.1463,-353.320312,-6.891052,-0.087891,0
336.1615,-353.408203,-6.892603,-0.087891,0
336.1767,-353.496094,-6.894153,-0.087891,0
336.1919,-353.496094,-6.894153,0.000000,0
336.2073,-353.671875,-6.897253,-0.175781,0
336.2226,-353.671875,-6.897253,0.000000,0
336.2379,-353.759766,-6.898804,-0.087891,0
336.2531,-353.759766,-6.898804,0.000000,0
336.2684,-353.847656,-6.900354,-0.087891,0
336.2837,-353.935547,-6.901904,-0.087891,0
336.2989,-354.023438,-6.903455,-0.087891,0
336.3141,-354.111328,-6.905005,-0.087891,0
336.3293,-354.111328,-6.905005,0.000000,0
336.3446,-354.199219,-6.906555,-0.087891,0
336.3599,-354.287109,-6.908105,-0.087891,0
336.3752,-354.375000,-6.909656,-0.087891,0
336.3904,-354.462891,-6.911206,-0.087891,0
336.4056,-354.462891,-6.911206,0.000000,0
336.4208,-354.550781,-6.912756,-0.087891,0
336.4361,-354.550781,-6.912756,0.000000,0
336.4515,-354.726562,-6.915857,-0.175781,0
336.4667,-354.814453,-6.917407,-0.087891,0
336.4822,-354.902344,-6.918958,-0.087891,0
336.4974,-354.902344,-6.918958,0.000000,0
336.5126,-354.990234,-6.920508,-0.087891,0
336.5279,-355.078125,-6.922058,-0.087891,0
336.5431,-355.253906,-6.925159,-0.175781,0
336.5583,-355.253906,-6.925159,0.000000,0
336.5736,-355.429688,-6.928259,-0.175781,0
336.5889,-355.429688,-6.928259,0.000000,0
336.6042,-355.517578,-6.929810,-0.087891,0
336.6194,-355.605469,-6.931360,-0.087891,0
336.6346,-355.693359,-6.932910,-0.087891,0
336.6498,-355.781250,-6.934460,-0.087891,0
336.6651,-355.869141,-6.936011,-0.087891,0
336.6803,-355.957031,-6.937561,-0.087891,0
336.6956,-356.044922,-6.939111,-0.087891,0
336.7109,-356.132812,-6.940662,-0.087891,0
336.7261,-356.132812,-6.940662,0.000000,0
336.7413,-356.308594,-6.943762,-0.175781,0
336.7565,-356.308594,-6.943762,0.000000,0
336.7717,-356.396484,-6.945313,-0.087891,0
336.7870,-356.396484,-6.945313,0.000000,0
336.8022,-356.484375,-6.946863,-0.087891,0
336.8174,-356.572266,-6.948413,-0.087891,0
336.8326,-356.572266,-6.948413,0.000000,0
336.8479,-356.660156,-6.949963,-0.087891,0
336.8630,-356.748047,-6.951514,-0.087891,0
336.8782,-356.835938,-6.953064,-0.087891,0
336.8935,-356.835938,-6.953064,0.000000,0
336.9087,-356.923828,-6.954614,-0.087891,0
336.9239,-357.011719,-6.956165,-0.087891,0
336.9391,-357.011719,-6.956165,0.000000,0
336.9543,-357.187500,-6.959265,-0.175781,0
336.9695,-357.187500,-6.959265,0.000000,0
336.9848,-357.275391,-6.960815,-0.087891,0
337.0000,-357.275391,-6.960815,0.000000,0
337.0153,-357.451172,-6.963916,-0.175781,0
337.0305,-357.451172,-6.963916,0.000000,0
337.0457,-357.539062,-6.965466,-0.087891,0
337.0609,-357.626953,-6.967017,-0.087891,0
337.0761,-357.714844,-6.968567,-0.087891,0
337.0914,-357.802734,-6.970117,-0.087891,0
337.1066,-357.802734,-6.970117,0.000000,0
337.1218,-357.890625,-6.971667,-0.087891,0
337.1371,-357.890625,-6.971667,0.000000,0
337.1523,-357.978516,-6.973218,-0.087891,0
337.1675,-358.066406,-6.974768,-0.087891,0
337.1827,-358.154297,-6.976318,-0.087891,0
337.1980,-358.242188,-6.977869,-0.087891,0
337.2132,-358.330078,-6.979419,-0.087891,0
337.2285,-358.417969,-6.980969,-0.087891,0
337.2437,-358.505859,-6.982520,-0.087891,0
337.2589,-358.593750,-6.984070,-0.087891,0
337.2750,-358.681641,-6.985620,-0.087891,0
337.2903,-358.681641,-6.985620,0.000000,0
337.3058,-358.769531,-6.987170,-0.087891,0
337.3210,-358.857422,-6.988721,-0.087891,0
337.3362,-358.945312,-6.990271,-0.087891,0
337.3514,-359.121094,-6.993372,-0.175781,0
337.3666,-359.121094,-6.993372,0.000000,0
337.3819,-359.208984,-6.994922,-0.087891,0
337.3974,-359.296875,-6.996472,-0.087891,0
337.4127,-359.384766,-6.998022,-0.087891,0
337.4279,-359.472656,-6.999573,-0.087891,0
337.4431,-359.560547,-7.001123,-0.087891,0
337.4583,-359.648438,-7.002673,-0.087891,0
337.4735,-359.648438,-7.002673,0.000000,0
337.4888,-359.736328,-7.004224,-0.087891,0
337.5040,-359.824219,-7.005774,-0.087891,0
337.5193,-359.912109,-7.007324,-0.087891,0
337.5345,-359.912109,-7.007324,0.000000,0
337.5497,-360.000000,-7.008875,-0.087891,0
337.5649,-360.000000,-7.008875,0.000000,0
337.5801,-360.000000,-7.008875,0.000000,0
337.5955,-360.000000,-7.008875,0.000000,0
337.6111,-360.000000,-7.008875,0.000000,0
337.6269,-360.000000,-7.008875,0.000000,0
337.6421,-360.000000,-7.008875,0.000000,0
337.6573,-360.000000,-7.008875,0.000000,0
337.6725,-360.000000,-7.008875,0.000000,0
337.6878,-360.000000,-7.008875,0.000000,0
337.7030,-360.000000,-7.008875,0.000000,0
337.7182,-360.000000,-7.008875,0.000000,0
337.7335,-360.000000,-7.008875,0.000000,0
337.7487,-360.966797,-7.025928,-0.966797,0
337.7639,-361.054688,-7.027478,-0.087891,0
337.7791,-361.142578,-7.029028,-0.087891,0
337.7944,-361.230469,-7.030579,-0.087891,0
337.8096,-361.230469,-7.030579,0.000000,0
337.8249,-361.318359,-7.032129,-0.087891,0
337.8401,-361.406250,-7.033679,-0.087891,0
337.8554,-361.494141,-7.035229,-0.087891,0
337.8706,-361.582031,-7.036780,-0.087891,0
337.8858,-361.669922,-7.038330,-0.087891,0
337.9010,-361.669922,-7.038330,0.000000,0
337.9163,-361.757812,-7.039880,-0.087891,0
337.9315,-361.757812,-7.039880,0.000000,0
337.9467,-361.933594,-7.042981,-0.175781,0
337.9619,-361.933594,-7.042981,0.000000,0
337.9771,-362.021484,-7.044531,-0.087891,0
337.9924,-362.109375,-7.046082,-0.087891,0
338.0076,-362.197266,-7.047632,-0.087891,0
338.0228,-362.285156,-7.049182,-0.087891,0
338.0381,-362.285156,-7.049182,0.000000,0
338.0533,-362.460938,-7.052283,-0.175781,0
338.0685,-362.460938,-7.052283,0.000000,0
338.0837,-362.548828,-7.053833,-0.087891,0
338.0990,-362.636719,-7.055383,-0.087891,0
338.1147,-362.724609,-7.056934,-0.087891,0
338.1299,-362.812500,-7.058484,-0.087891,0
338.1451,-362.900391,-7.060034,-0.087891,0
338.1603,-362.988281,-7.061584,-0.087891,0
338.1755,-363.076172,-7.063135,-0.087891,0
338.1908,-363.164062,-7.064685,-0.087891,0
338.2063,-363.164062,-7.064685,0.000000,0
338.2215,-363.251953,-7.066235,-0.087891,0
338.2367,-363.339844,-7.067786,-0.087891,0
338.2519,-363.427734,-7.069336,-0.087891,0
338.2671,-363.515625,-7.070886,-0.087891,0
338.2824,-363.603516,-7.072437,-0.087891,0
338.2976,-363.603516,-7.072437,0.000000,0
338.3128,-363.691406,-7.073987,-0.087891,0
338.3280,-363.691406,-7.073987,0.000000,0
338.3433,-363.779297,-7.075537,-0.087891,0
338.3585,-363.867188,-7.077087,-0.087891,0
338.3737,-363.867188,-7.077087,0.000000,0
338.3890,-363.955078,-7.078638,-0.087891,0
338.4044,-364.042969,-7.080188,-0.087891,0
338.4196,-364.130859,-7.081738,-0.087891,0
338.4348,-364.218750,-7.083289,-0.087891,0
338.4501,-364.306641,-7.084839,-0.087891,0
338.4653,-364.306641,-7.084839,0.000000,0
338.4805,-364.394531,-7.086389,-0.087891,0
338.4957,-364.482422,-7.087939,-0.087891,0
338.5109,-364.482422,-7.087939,0.000000,0
338.5262,-364.570312,-7.089490,-0.087891,0
338.5415,-364.658203,-7.091040,-0.087891,0
338.5571,-364.746094,-7.092590,-0.087891,0
338.5723,-364.746094,-7.092590,0.000000,0
338.5875,-364.921875,-7.095691,-0.175781,0
338.6028,-364.921875,-7.095691,0.000000,0
338.6180,-365.009766,-7.097241,-0.087891,0
338.6332,-365.009766,-7.097241,0.000000,0
338.6484,-365.097656,-7.098792,-0.087891,0
338.6636,-365.185547,-7.100342,-0.087891,0
338.6789,-365.273438,-7.101892,-0.087891,0
338.6941,-365.361328,-7.103442,-0.087891,0
338.7094,-365.361328,-7.103442,0.000000,0
338.7246,-365.449219,-7.104993,-0.087891,0
338.7399,-365.537109,-7.106543,-0.087891,0
338.7551,-365.625000,-7.108093,-0.087891,0
338.7706,-365.625000,-7.108093,0.000000,0
338.7859,-365.800781,-7.111194,-0.175781,0
338.8012,-365.800781,-7.111194,0.000000,0
338.8164,-365.888672,-7.112744,-0.087891,0
338.8317,-365.976562,-7.114294,-0.087891,0
338.8469,-366.064453,-7.115845,-0.087891,0
338.8621,-366.152344,-7.117395,-0.087891,0
338.8780,-366.240234,-7.118945,-0.087891,0
338.8932,-366.328125,-7.120496,-0.087891,0
338.9086,-366.328125,-7.120496,0.000000,0
338.9239,-366.503906,-7.123596,-0.175781,0
338.9392,-366.503906,-7.123596,0.000000,0
338.9544,-366.679688,-7.126697,-0.175781,0
338.9696,-366.679688,-7.126697,0.000000,0
338.9849,-366.767578,-7.128247,-0.087891,0
339.0001,-366.855469,-7.129797,-0.087891,0
339.0155,-366.943359,-7.131348,-0.087891,0
339.0307,-367.031250,-7.132898,-0.087891,0
339.0460,-367.119141,-7.134448,-0.087891,0
339.0612,-367.207031,-7.135999,-0.087891,0
339.0765,-367.207031,-7.135999,0.000000,0
339.0917,-367.294922,-7.137549,-0.087891,0
339.1069,-367.294922,-7.137549,0.000000,0
339.1221,-367.382812,-7.139099,-0.087891,0
339.1374,-367.470703,-7.140649,-0.087891,0
339.1526,-367.470703,-7.140649,0.000000,0
339.1678,-367.558594,-7.142200,-0.087891,0
339.1830,-367.646484,-7.143750,-0.087891,0
339.1982,-367.734375,-7.145300,-0.087891,0
339.2135,-367.822266,-7.146851,-0.087891,0
339.2287,-367.822266,-7.146851,0.000000,0
339.2440,-367.910156,-7.148401,-0.087891,0
339.2593,-367.998047,-7.149951,-0.087891,0
339.2745,-367.998047,-7.149951,0.000000,0
339.2911,-368.085938,-7.151501,-0.087891,0
339.3064,-368.173828,-7.153052,-0.087891,0
339.3219,-368.261719,-7.154602,-0.087891,0
339.3372,-368.349609,-7.156152,-0.087891,0
339.3524,-368.437500,-7.157703,-0.087891,0
339.3677,-368.437500,-7.157703,0.000000,0
339.3829,-368.613281,-7.160803,-0.175781,0
339.3981,-368.613281,-7.160803,0.000000,0
339.4134,-368.613281,-7.160803,0.000000,0
339.4286,-368.701172,-7.162354,-0.087891,0
339.4438,-368.789062,-7.163904,-0.087891,0
339.4590,-368.876953,-7.165454,-0.087891,0
339.4743,-368.876953,-7.165454,0.000000,0
339.4895,-369.052734,-7.168555,-0.175781,0
339.5048,-369.052734,-7.168555,0.000000,0
339.5200,-369.140625,-7.170105,-0.087891,0
339.5353,-369.228516,-7.171655,-0.087891,0
339.5506,-369.316406,-7.173206,-0.087891,0
339.5658,-369.404297,-7.174756,-0.087891,0
339.5810,-369.492188,-7.176306,-0.087891,0
339.5962,-369.580078,-7.177856,-0.087891,0
339.6115,-369.667969,-7.179407,-0.087891,0
339.6267,-369.667969,-7.179407,0.000000,0
339.6419,-369.755859,-7.180957,-0.087891,0
339.6572,-369.931641,-7.184058,-0.175781,0
339.6724,-369.931641,-7.184058,0.000000,0
339.6881,-370.019531,-7.185608,-0.087891,0
339.7033,-370.107422,-7.187158,-0.087891,0
339.7192,-370.195312,-7.188708,-0.087891,0
339.7346,-370.283203,-7.190259,-0.087891,0
339.7499,-370.371094,-7.191809,-0.087891,0
339.7651,-370.458984,-7.193359,-0.087891,0
339.7803,-370.546875,-7.194910,-0.087891,0
339.7955,-370.546875,-7.194910,0.000000,0
339.8107,-370.634766,-7.196460,-0.087891,0
339.8259,-370.722656,-7.198010,-0.087891,0
339.8412,-370.722656,-7.198010,0.000000,0
339.8564,-370.810547,-7.199561,-0.087891,0
339.8716,-370.898438,-7.201111,-0.087891,0
339.8870,-370.898438,-7.201111,0.000000,0
339.9023,-370.986328,-7.202661,-0.087891,0
339.9176,-371.074219,-7.204211,-0.087891,0
339.9329,-371.162109,-7.205762,-0.087891,0
339.9481,-371.250000,-7.207312,-0.087891,0
339.9633,-371.250000,-7.207312,0.000000,0
339.9785,-371.425781,-7.210413,-0.175781,0
339.9937,-371.425781,-7.210413,0.000000,0
340.0090,-371.513672,-7.211963,-0.087891,0
340.0242,-371.601562,-7.213513,-0.087891,0
340.0395,-371.601562,-7.213513,0.000000,0
340.0547,-371.689453,-7.215063,-0.087891,0
340.0699,-371.777344,-7.216614,-0.087891,0
340.0851,-371.865234,-7.218164,-0.087891,0
340.1007,-371.865234,-7.218164,0.000000,0
340.1159,-371.953125,-7.219714,-0.087891,0
340.1311,-372.041016,-7.221265,-0.087891,0
340.1463,-372.128906,-7.222815,-0.087891,0
340.1615,-372.128906,-7.222815,0.000000,0
340.1767,-372.216797,-7.224365,-0.087891,0
340.1920,-372.304688,-7.225916,-0.087891,0
340.2072,-372.304688,-7.225916,0.000000,0
340.2225,-372.392578,-7.227466,-0.087891,0
340.2383,-372.480469,-7.229016,-0.087891,0
340.2535,-372.568359,-7.230566,-0.087891,0
340.2687,-372.656250,-7.232117,-0.087891,0
340.2840,-372.744141,-7.233667,-0.087891,0
340.2994,-372.832031,-7.235217,-0.087891,0
340.3147,-372.919922,-7.236768,-0.087891,0
340.3299,-373.007812,-7.238318,-0.087891,0
340.3451,-373.007812,-7.238318,0.000000,0
340.3618,-373.095703,-7.239868,-0.087891,0
340.3770,-373.271484,-7.242969,-0.175781,0
340.3922,-373.271484,-7.242969,0.000000,0
340.4075,-373.359375,-7.244519,-0.087891,0
340.4227,-373.535156,-7.247620,-0.175781,0
340.4380,-373.535156,-7.247620,0.000000,0
340.4532,-373.623047,-7.249170,-0.087891,0
340.4684,-373.710938,-7.250720,-0.087891,0
340.4837,-373.798828,-7.252271,-0.087891,0
340.4989,-373.886719,-7.253821,-0.087891,0
340.5144,-373.974609,-7.255371,-0.087891,0
340.5297,-374.062500,-7.256921,-0.087891,0
340.5450,-374.062500,-7.256921,0.000000,0
340.5603,-374.150391,-7.258472,-0.087891,0
340.5755,-374.150391,-7.258472,0.000000,0
340.5907,-374.238281,-7.260022,-0.087891,0
340.6059,-374.326172,-7.261572,-0.087891,0
340.6211,-374.414062,-7.263123,-0.087891,0
340.6364,-374.414062,-7.263123,0.000000,0
340.6516,-374.501953,-7.264673,-0.087891,0
340.6668,-374.589844,-7.266223,-0.087891,0
340.6820,-374.677734,-7.267773,-0.087891,0
340.6972,-374.677734,-7.267773,0.000000,0
340.7125,-374.853516,-7.270874,-0.175781,0
340.7278,-374.853516,-7.270874,0.000000,0
340.7430,-374.941406,-7.272424,-0.087891,0
340.7583,-374.941406,-7.272424,0.000000,0
340.7735,-375.029297,-7.273975,-0.087891,0
340.7888,-375.117188,-7.275525,-0.087891,0
340.8040,-375.117188,-7.275525,0.000000,0
340.8193,-375.292969,-7.278625,-0.175781,0
340.8345,-375.292969,-7.278625,0.000000,0
340.8498,-375.380859,-7.280176,-0.087891,0
340.8655,-375.468750,-7.281726,-0.087891,0
340.8807,-375.556641,-7.283276,-0.087891,0
340.8959,-375.556641,-7.283276,0.000000,0
340.9111,-375.644531,-7.284827,-0.087891,0
340.9263,-375.732422,-7.286377,-0.087891,0
340.9415,-375.820312,-7.287927,-0.087891,0
340.9568,-375.908203,-7.289478,-0.087891,0
340.9720,-375.908203,-7.289478,0.000000,0
340.9873,-376.083984,-7.292578,-0.175781,0
341.0026,-376.083984,-7.292578,0.000000,0
341.0178,-376.171875,-7.294128,-0.087891,0
341.0330,-376.259766,-7.295679,-0.087891,0
341.0482,-376.347656,-7.297229,-0.087891,0
341.0634,-376.435547,-7.298779,-0.087891,0
341.0786,-376.435547,-7.298779,0.000000,0
341.0938,-376.611328,-7.301880,-0.175781,0
341.1091,-376.611328,-7.301880,0.000000,0
341.1243,-376.699219,-7.303430,-0.087891,0
341.1395,-376.787109,-7.304980,-0.087891,0
341.1547,-376.875000,-7.306531,-0.087891,0
341.1702,-376.962891,-7.308081,-0.087891,0
341.1855,-377.050781,-7.309631,-0.087891,0
341.2008,-377.138672,-7.311182,-0.087891,0
341.2160,-377.226562,-7.312732,-0.087891,0
341.2313,-377.314453,-7.314282,-0.087891,0
341.2469,-377.402344,-7.315833,-0.087891,0
341.2621,-377.490234,-7.317383,-0.087891,0
341.2773,-377.490234,-7.317383,0.000000,0
341.2926,-377.578125,-7.318933,-0.087891,0
341.3078,-377.578125,-7.318933,0.000000,0
341.3230,-377.666016,-7.320483,-0.087891,0
341.3386,-377.753906,-7.322034,-0.087891,0
341.3540,-377.841797,-7.323584,-0.087891,0
341.3692,-377.841797,-7.323584,0.000000,0
341.3845,-377.929688,-7.325134,-0.087891,0
341.3997,-378.017578,-7.326685,-0.087891,0
341.4149,-378.105469,-7.328235,-0.087891,0
341.4301,-378.105469,-7.328235,0.000000,0
341.4454,-378.193359,-7.329785,-0.087891,0
341.4606,-378.281250,-7.331335,-0.087891,0
341.4758,-378.281250,-7.331335,0.000000,0
341.4911,-378.457031,-7.334436,-0.175781,0
341.5068,-378.457031,-7.334436,0.000000,0
341.5220,-378.544922,-7.335986,-0.087891,0
341.5372,-378.544922,-7.335986,0.000000,0
341.5525,-378.720703,-7.339087,-0.175781,0
341.5677,-378.720703,-7.339087,0.000000,0
341.5830,-378.808594,-7.340637,-0.087891,0
341.5982,-378.896484,-7.342188,-0.087891,0
341.6141,-378.984375,-7.343738,-0.087891,0
341.6293,-378.984375,-7.343738,0.000000,0
341.6445,-379.072266,-7.345288,-0.087891,0
341.6598,-379.160156,-7.346838,-0.087891,0
341.6750,-379.248047,-7.348389,-0.087891,0
341.6902,-379.335938,-7.349939,-0.087891,0
341.7054,-379.335938,-7.349939,0.000000,0
341.7206,-379.423828,-7.351489,-0.087891,0
341.7359,-379.511719,-7.353040,-0.087891,0
341.7511,-379.599609,-7.354590,-0.087891,0
341.7663,-379.687500,-7.356140,-0.087891,0
341.7815,-379.775391,-7.357690,-0.087891,0
341.7967,-379.863281,-7.359241,-0.087891,0
341.8120,-379.863281,-7.359241,0.000000,0
341.8273,-379.951172,-7.360791,-0.087891,0
341.8425,-380.039062,-7.362341,-0.087891,0
341.8577,-380.126953,-7.363892,-0.087891,0
341.8729,-380.214844,-7.365442,-0.087891,0
341.8881,-380.390625,-7.368542,-0.175781,0
341.9033,-380.390625,-7.368542,0.000000,0
341.9186,-380.478516,-7.370093,-0.087891,0
341.9338,-380.566406,-7.371643,-0.087891,0
341.9490,-380.654297,-7.373193,-0.087891,0
341.9642,-380.742188,-7.374744,-0.087891,0
341.9794,-380.830078,-7.376294,-0.087891,0
341.9946,-380.830078,-7.376294,0.000000,0
342.0099,-380.917969,-7.377844,-0.087891,0
342.0251,-381.005859,-7.379395,-0.087891,0
342.0404,-381.005859,-7.379395,0.000000,0
342.0556,-381.093750,-7.380945,-0.087891,0
342.0709,-381.181641,-7.382495,-0.087891,0
342.0861,-381.269531,-7.384045,-0.087891,0
342.1013,-381.269531,-7.384045,0.000000,0
342.1165,-381.357422,-7.385596,-0.087891,0
342.1319,-381.445312,-7.387146,-0.087891,0
342.1472,-381.445312,-7.387146,0.000000,0
342.1627,-381.621094,-7.390247,-0.175781,0
342.1779,-381.621094,-7.390247,0.000000,0
342.1931,-381.796875,-7.393347,-0.175781,0
342.2083,-381.796875,-7.393347,0.000000,0
342.2235,-381.884766,-7.394897,-0.087891,0
342.2387,-381.972656,-7.396448,-0.087891,0
342.2539,-381.972656,-7.396448,0.000000,0
342.2693,-382.060547,-7.397998,-0.087891,0
342.2845,-382.148438,-7.399548,-0.087891,0
342.2997,-382.236328,-7.401099,-0.087891,0
342.3149,-382.236328,-7.401099,0.000000,0
342.3302,-382.324219,-7.402649,-0.087891,0
342.3454,-382.324219,-7.402649,0.000000,0
342.3607,-382.500000,-7.405750,-0.175781,0
342.3759,-382.500000,-7.405750,0.000000,0
342.3913,-382.587891,-7.407300,-0.087891,0
342.4065,-382.675781,-7.408850,-0.087891,0
342.4224,-382.763672,-7.410400,-0.087891,0
342.4376,-382.763672,-7.410400,0.000000,0
342.4529,-382.939453,-7.413501,-0.175781,0
342.4681,-382.939453,-7.413501,0.000000,0
342.4835,-383.027344,-7.415051,-0.087891,0
342.4987,-383.115234,-7.416602,-0.087891,0
342.5139,-383.203125,-7.418152,-0.087891,0
342.5291,-383.291016,-7.419702,-0.087891,0
342.5443,-383.378906,-7.421252,-0.087891,0
342.5596,-383.466797,-7.422803,-0.087891,0
342.5750,-383.554688,-7.424353,-0.087891,0
342.5902,-383.642578,-7.425903,-0.087891,0
342.6054,-383.642578,-7.425903,0.000000,0
342.6206,-383.818359,-7.429004,-0.175781,0
342.6358,-383.818359,-7.429004,0.000000,0
342.6511,-383.994141,-7.432104,-0.175781,0
342.6663,-384.082031,-7.433655,-0.087891,0
342.6816,-384.082031,-7.433655,0.000000,0
342.6968,-384.169922,-7.435205,-0.087891,0
342.7120,-384.257812,-7.436755,-0.087891,0
342.7273,-384.345703,-7.438306,-0.087891,0
342.7431,-384.345703,-7.438306,0.000000,0
342.7584,-384.433594,-7.439856,-0.087891,0
342.7736,-384.433594,-7.439856,0.000000,0
342.7888,-384.609375,-7.442957,-0.175781,0
342.8040,-384.609375,-7.442957,0.000000,0
342.8193,-384.697266,-7.444507,-0.087891,0
342.8345,-384.697266,-7.444507,0.000000,0
342.8497,-384.785156,-7.446057,-0.087891,0
342.8649,-384.873047,-7.447607,-0.087891,0
342.8802,-384.960938,-7.449158,-0.087891,0
342.8954,-385.048828,-7.450708,-0.087891,0
342.9106,-385.048828,-7.450708,0.000000,0
342.9258,-385.136719,-7.452258,-0.087891,0
342.9410,-385.224609,-7.453809,-0.087891,0
342.9563,-385.312500,-7.455359,-0.087891,0
342.9716,-385.400391,-7.456909,-0.087891,0
342.9869,-385.400391,-7.456909,0.000000,0
343.0021,-385.488281,-7.458459,-0.087891,0
343.0173,-385.576172,-7.460010,-0.087891,0
343.0325,-385.664062,-7.461560,-0.087891,0
343.0477,-385.664062,-7.461560,0.000000,0
343.0630,-385.751953,-7.463110,-0.087891,0
343.0782,-385.839844,-7.464661,-0.087891,0
343.0935,-385.927734,-7.466211,-0.087891,0
343.1087,-385.927734,-7.466211,0.000000,0
343.1239,-386.103516,-7.469312,-0.175781,0
343.1391,-386.103516,-7.469312,0.000000,0
343.1544,-386.191406,-7.470862,-0.087891,0
343.1697,-386.279297,-7.472412,-0.087891,0
343.1849,-386.367188,-7.473962,-0.087891,0
343.2001,-386.455078,-7.475513,-0.087891,0
343.2153,-386.542969,-7.477063,-0.087891,0
343.2306,-386.542969,-7.477063,0.000000,0
343.2458,-386.630859,-7.478613,-0.087891,0
343.2612,-386.718750,-7.480164,-0.087891,0
343.2766,-386.806641,-7.481714,-0.087891,0
343.2918,-386.894531,-7.483264,-0.087891,0
343.3070,-386.982422,-7.484814,-0.087891,0
343.3222,-387.070312,-7.486365,-0.087891,0
343.3374,-387.158203,-7.487915,-0.087891,0
343.3526,-387.246094,-7.489465,-0.087891,0
343.3681,-387.333984,-7.491016,-0.087891,0
343.3833,-387.333984,-7.491016,0.000000,0
343.3985,-387.509766,-7.494116,-0.175781,0
343.4137,-387.509766,-7.494116,0.000000,0
343.4290,-387.597656,-7.495667,-0.087891,0
343.4442,-387.685547,-7.497217,-0.087891,0
343.4595,-387.773438,-7.498767,-0.087891,0
343.4747,-387.773438,-7.498767,0.000000,0
343.4899,-387.861328,-7.500317,-0.087891,0
343.5052,-387.949219,-7.501868,-0.087891,0
343.5204,-387.949219,-7.501868,0.000000,0
343.5356,-388.037109,-7.503418,-0.087891,0
343.5508,-388.125000,-7.504968,-0.087891,0
343.5668,-388.212891,-7.506519,-0.087891,0
343.5821,-388.212891,-7.506519,0.000000,0
343.5973,-388.300781,-7.508069,-0.087891,0
343.6131,-388.388672,-7.509619,-0.087891,0
343.6283,-388.476562,-7.511169,-0.087891,0
343.6435,-388.476562,-7.511169,0.000000,0
343.6589,-388.652344,-7.514270,-0.175781,0
343.6741,-388.652344,-7.514270,0.000000,0
343.6893,-388.740234,-7.515820,-0.087891,0
343.7045,-388.828125,-7.517371,-0.087891,0
343.7198,-388.916016,-7.518921,-0.087891,0
343.7350,-389.003906,-7.520471,-0.087891,0
343.7503,-389.003906,-7.520471,0.000000,0
343.7656,-389.091797,-7.522021,-0.087891,0
343.7810,-389.179688,-7.523572,-0.087891,0
343.7963,-389.267578,-7.525122,-0.087891,0
343.8115,-389.355469,-7.526672,-0.087891,0
343.8267,-389.355469,-7.526672,0.000000,0
343.8421,-389.443359,-7.528223,-0.087891,0
343.8573,-389.531250,-7.529773,-0.087891,0
343.8726,-389.619141,-7.531323,-0.087891,0
343.8878,-389.707031,-7.532874,-0.087891,0
343.9030,-389.707031,-7.532874,0.000000,0
343.9182,-389.794922,-7.534424,-0.087891,0
343.9335,-389.882812,-7.535974,-0.087891,0
343.9487,-389.970703,-7.537524,-0.087891,0
343.9639,-390.058594,-7.539075,-0.087891,0
343.9791,-390.146484,-7.540625,-0.087891,0
343.9944,-390.234375,-7.542175,-0.087891,0
344.0096,-390.234375,-7.542175,0.000000,0
344.0248,-390.410156,-7.545276,-0.175781,0
344.0400,-390.498047,-7.546826,-0.087891,0
344.0553,-390.585938,-7.548376,-0.087891,0
344.0705,-390.673828,-7.549927,-0.087891,0
344.0858,-390.673828,-7.549927,0.000000,0
344.1011,-390.849609,-7.553027,-0.175781,0
344.1164,-390.849609,-7.553027,0.000000,0
344.1316,-390.937500,-7.554578,-0.087891,0
344.1468,-391.025391,-7.556128,-0.087891,0
344.1620,-391.025391,-7.556128,0.000000,0
344.1781,-391.113281,-7.557678,-0.087891,0
344.1933,-391.201172,-7.559229,-0.087891,0
344.2085,-391.201172,-7.559229,0.000000,0
344.2238,-391.289062,-7.560779,-0.087891,0
344.2390,-391.376953,-7.562329,-0.087891,0
344.2542,-391.464844,-7.563879,-0.087891,0
344.2694,-391.552734,-7.565430,-0.087891,0
344.2848,-391.552734,-7.565430,0.000000,0
344.2999,-391.640625,-7.566980,-0.087891,0
344.3152,-391.728516,-7.568530,-0.087891,0
344.3304,-391.816406,-7.570081,-0.087891,0
344.3456,-391.904297,-7.571631,-0.087891,0
344.3608,-391.904297,-7.571631,0.000000,0
344.3765,-391.992188,-7.573181,-0.087891,0
344.3917,-392.080078,-7.574731,-0.087891,0
344.4069,-392.080078,-7.574731,0.000000,0
344.4222,-392.167969,-7.576282,-0.087891,0
344.4374,-392.255859,-7.577832,-0.087891,0
344.4527,-392.343750,-7.579382,-0.087891,0
344.4680,-392.431641,-7.580933,-0.087891,0
344.4833,-392.431641,-7.580933,0.000000,0
344.4985,-392.607422,-7.584033,-0.175781,0
344.5137,-392.607422,-7.584033,0.000000,0
344.5289,-392.783203,-7.587134,-0.175781,0
344.5442,-392.783203,-7.587134,0.000000,0
344.5594,-392.871094,-7.588684,-0.087891,0
344.5746,-392.871094,-7.588684,0.000000,0
344.5898,-393.046875,-7.591785,-0.175781,0
344.6050,-393.046875,-7.591785,0.000000,0
344.6202,-393.134766,-7.593335,-0.087891,0
344.6355,-393.222656,-7.594885,-0.087891,0
344.6507,-393.310547,-7.596436,-0.087891,0
344.6659,-393.398438,-7.597986,-0.087891,0
344.6815,-393.486328,-7.599536,-0.087891,0
344.6967,-393.486328,-7.599536,0.000000,0
344.7119,-393.574219,-7.601086,-0.087891,0
344.7271,-393.662109,-7.602637,-0.087891,0
344.7423,-393.750000,-7.604187,-0.087891,0
344.7575,-393.925781,-7.607288,-0.175781,0
344.7728,-393.925781,-7.607288,0.000000,0
344.7880,-394.013672,-7.608838,-0.087891,0
344.8032,-394.101562,-7.610388,-0.087891,0
344.8185,-394.189453,-7.611938,-0.087891,0
344.8337,-394.277344,-7.613489,-0.087891,0
344.8489,-394.365234,-7.615039,-0.087891,0
344.8641,-394.453125,-7.616589,-0.087891,0
344.8794,-394.453125,-7.616589,0.000000,0
344.8946,-394.541016,-7.618140,-0.087891,0
344.9098,-394.541016,-7.618140,0.000000,0
344.9250,-394.628906,-7.619690,-0.087891,0
344.9404,-394.716797,-7.621240,-0.087891,0
344.9556,-394.804688,-7.622791,-0.087891,0
344.9708,-394.804688,-7.622791,0.000000,0
344.9860,-394.892578,-7.624341,-0.087891,0
345.0012,-394.980469,-7.625891,-0.087891,0
345.0164,-395.068359,-7.627441,-0.087891,0
345.0317,-395.156250,-7.628992,-0.087891,0
345.0469,-395.244141,-7.630542,-0.087891,0
345.0621,-395.244141,-7.630542,0.000000,0
345.0774,-395.332031,-7.632092,-0.087891,0
345.0926,-395.419922,-7.633643,-0.087891,0
345.1078,-395.419922,-7.633643,0.000000,0
345.1230,-395.507812,-7.635193,-0.087891,0
345.1383,-395.595703,-7.636743,-0.087891,0
345.1535,-395.683594,-7.638293,-0.087891,0
345.1687,-395.771484,-7.639844,-0.087891,0
345.1839,-395.771484,-7.639844,0.000000,0
345.1993,-395.947266,-7.642944,-0.175781,0
345.2145,-395.947266,-7.642944,0.000000,0
345.2297,-396.123047,-7.646045,-0.175781,0
345.2450,-396.123047,-7.646045,0.000000,0
345.2602,-396.123047,-7.646045,0.000000,0
345.2756,-396.210938,-7.647595,-0.087891,0
345.2909,-396.298828,-7.649146,-0.087891,0
345.3061,-396.386719,-7.650696,-0.087891,0
345.3213,-396.474609,-7.652246,-0.087891,0
345.3365,-396.562500,-7.653796,-0.087891,0
345.3519,-396.562500,-7.653796,0.000000,0
345.3675,-396.650391,-7.655347,-0.087891,0
345.3827,-396.738281,-7.656897,-0.087891,0
345.3979,-396.826172,-7.658447,-0.087891,0
345.4132,-396.914062,-7.659998,-0.087891,0
345.4284,-397.089844,-7.663098,-0.175781,0
345.4437,-397.089844,-7.663098,0.000000,0
345.4589,-397.177734,-7.664648,-0.087891,0
345.4741,-397.265625,-7.666199,-0.087891,0
345.4893,-397.353516,-7.667749,-0.087891,0
345.5045,-397.441406,-7.669299,-0.087891,0
345.5198,-397.441406,-7.669299,0.000000,0
345.5350,-397.617188,-7.672400,-0.175781,0
345.5503,-397.705078,-7.673950,-0.087891,0
345.5655,-397.792969,-7.675500,-0.087891,0
345.5807,-397.792969,-7.675500,0.000000,0
345.5959,-397.968750,-7.678601,-0.175781,0
345.6112,-397.968750,-7.678601,0.000000,0
345.6264,-397.968750,-7.678601,0.000000,0
345.6416,-398.056641,-7.680151,-0.087891,0
345.6568,-398.144531,-7.681702,-0.087891,0
345.6728,-398.232422,-7.683252,-0.087891,0
345.6881,-398.232422,-7.683252,0.000000,0
345.7033,-398.408203,-7.686353,-0.175781,0
345.7185,-398.408203,-7.686353,0.000000,0
345.7337,-398.496094,-7.687903,-0.087891,0
345.7490,-398.583984,-7.689453,-0.087891,0
345.7642,-398.671875,-7.691003,-0.087891,0
345.7798,-398.671875,-7.691003,0.000000,0
345.7950,-398.759766,-7.692554,-0.087891,0
345.8102,-398.847656,-7.694104,-0.087891,0
345.8254,-398.847656,-7.694104,0.000000,0
345.8407,-398.935547,-7.695654,-0.087891,0
345.8559,-399.023438,-7.697205,-0.087891,0
345.8711,-399.111328,-7.698755,-0.087891,0
345.8864,-399.199219,-7.700305,-0.087891,0
345.9016,-399.287109,-7.701855,-0.087891,0
345.9168,-399.287109,-7.701855,0.000000,0
345.9320,-399.375000,-7.703406,-0.087891,0
345.9473,-399.462891,-7.704956,-0.087891,0
345.9625,-399.550781,-7.706506,-0.087891,0
345.9783,-399.550781,-7.706506,0.000000,0
345.9935,-399.638672,-7.708057,-0.087891,0
346.0087,-399.726562,-7.709607,-0.087891,0
346.0239,-399.814453,-7.711157,-0.087891,0
346.0391,-399.902344,-7.712708,-0.087891,0
346.0543,-399.902344,-7.712708,0.000000,0
346.0695,-400.078125,-7.715808,-0.175781,0
346.0848,-400.078125,-7.715808,0.000000,0
346.1004,-400.166016,-7.717358,-0.087891,0
346.1156,-400.253906,-7.718909,-0.087891,0
346.1308,-400.341797,-7.720459,-0.087891,0
346.1460,-400.429688,-7.722009,-0.087891,0
346.1613,-400.517578,-7.723560,-0.087891,0
346.1765,-400.605469,-7.725110,-0.087891,0
346.1917,-400.693359,-7.726660,-0.087891,0
346.2072,-400.781250,-7.728210,-0.087891,0
346.2232,-400.869141,-7.729761,-0.087891,0
346.2384,-400.957031,-7.731311,-0.087891,0
346.2536,-400.957031,-7.731311,0.000000,0
346.2688,-401.132812,-7.734412,-0.175781,0
346.2842,-401.132812,-7.734412,0.000000,0
346.2994,-401.308594,-7.737512,-0.175781,0
346.3147,-401.308594,-7.737512,0.000000,0
346.3299,-401.396484,-7.739063,-0.087891,0
346.3451,-401.396484,-7.739063,0.000000,0
346.3603,-401.484375,-7.740613,-0.087891,0
346.3756,-401.572266,-7.742163,-0.087891,0
346.3909,-401.572266,-7.742163,0.000000,0
346.4061,-401.660156,-7.743713,-0.087891,0
346.4213,-401.748047,-7.745264,-0.087891,0
346.4365,-401.835938,-7.746814,-0.087891,0
346.4519,-401.835938,-7.746814,0.000000,0
346.4671,-401.923828,-7.748364,-0.087891,0
346.4823,-402.011719,-7.749915,-0.087891,0
346.4976,-402.099609,-7.751465,-0.087891,0
346.5128,-402.187500,-7.753015,-0.087891,0
346.5280,-402.187500,-7.753015,0.000000,0
346.5433,-402.275391,-7.754565,-0.087891,0
346.5585,-402.363281,-7.756116,-0.087891,0
346.5737,-402.451172,-7.757666,-0.087891,0
346.5890,-402.539062,-7.759216,-0.087891,0
346.6043,-402.626953,-7.760767,-0.087891,0
346.6203,-402.626953,-7.760767,0.000000,0
346.6356,-402.714844,-7.762317,-0.087891,0
346.6508,-402.802734,-7.763867,-0.087891,0
346.6661,-402.890625,-7.765417,-0.087891,0
346.6814,-402.978516,-7.766968,-0.087891,0
346.6970,-403.066406,-7.768518,-0.087891,0
346.7122,-403.154297,-7.770068,-0.087891,0
346.7274,-403.154297,-7.770068,0.000000,0
346.7428,-403.242188,-7.771619,-0.087891,0
346.7580,-403.330078,-7.773169,-0.087891,0
346.7732,-403.417969,-7.774719,-0.087891,0
346.7895,-403.417969,-7.774719,0.000000,0
346.8047,-403.505859,-7.776270,-0.087891,0
346.8199,-403.593750,-7.777820,-0.087891,0
346.8351,-403.681641,-7.779370,-0.087891,0
346.8503,-403.769531,-7.780920,-0.087891,0
346.8657,-403.857422,-7.782471,-0.087891,0
346.8809,-403.945312,-7.784021,-0.087891,0
346.8963,-404.033203,-7.785571,-0.087891,0
346.9116,-404.121094,-7.787122,-0.087891,0
346.9269,-404.208984,-7.788672,-0.087891,0
346.9427,-404.296875,-7.790222,-0.087891,0
346.9580,-404.296875,-7.790222,0.000000,0
346.9733,-404.472656,-7.793323,-0.175781,0
346.9885,-404.560547,-7.794873,-0.087891,0
347.0037,-404.648438,-7.796423,-0.087891,0
347.0190,-404.648438,-7.796423,0.000000,0
347.0342,-404.736328,-7.797974,-0.087891,0
347.0495,-404.736328,-7.797974,0.000000,0
347.0647,-404.824219,-7.799524,-0.087891,0
347.0802,-404.912109,-7.801074,-0.087891,0
347.0954,-405.000000,-7.802625,-0.087891,0
347.1106,-405.087891,-7.804175,-0.087891,0
347.1259,-405.175781,-7.805725,-0.087891,0
347.1412,-405.175781,-7.805725,0.000000,0
347.1567,-405.175781,-7.805725,0.000000,0
347.1719,-405.351562,-7.808826,-0.175781,0
347.1873,-405.351562,-7.808826,0.000000,0
347.2025,-405.439453,-7.810376,-0.087891,0
347.2177,-405.527344,-7.811926,-0.087891,0
347.2329,-405.615234,-7.813477,-0.087891,0
347.2484,-405.703125,-7.815027,-0.087891,0
347.2636,-405.703125,-7.815027,0.000000,0
347.2788,-405.791016,-7.816577,-0.087891,0
347.2940,-405.878906,-7.818127,-0.087891,0
347.3093,-405.966797,-7.819678,-0.087891,0
347.3245,-405.966797,-7.819678,0.000000,0
347.3399,-406.054688,-7.821228,-0.087891,0
347.3551,-406.142578,-7.822778,-0.087891,0
347.3711,-406.230469,-7.824329,-0.087891,0
347.3863,-406.230469,-7.824329,0.000000,0
347.4015,-406.406250,-7.827429,-0.175781,0
347.4167,-406.406250,-7.827429,0.000000,0
347.4319,-406.494141,-7.828979,-0.087891,0
347.4472,-406.582031,-7.830530,-0.087891,0
347.4624,-406.669922,-7.832080,-0.087891,0
347.4776,-406.669922,-7.832080,0.000000,0
347.4929,-406.757812,-7.833630,-0.087891,0
347.5082,-406.845703,-7.835181,-0.087891,0
347.5234,-406.933594,-7.836731,-0.087891,0
347.5386,-407.021484,-7.838281,-0.087891,0
347.5538,-407.109375,-7.839832,-0.087891,0
347.5690,-407.197266,-7.841382,-0.087891,0
347.5842,-407.197266,-7.841382,0.000000,0
347.5996,-407.373047,-7.844482,-0.175781,0
347.6148,-407.460938,-7.846033,-0.087891,0
347.6300,-407.548828,-7.847583,-0.087891,0
347.6452,-407.636719,-7.849133,-0.087891,0
347.6604,-407.724609,-7.850684,-0.087891,0
347.6756,-407.812500,-7.852234,-0.087891,0
347.6912,-407.812500,-7.852234,0.000000,0
347.7066,-407.988281,-7.855334,-0.175781,0
347.7221,-407.988281,-7.855334,0.000000,0
347.7377,-408.076172,-7.856885,-0.087891,0
347.7529,-408.164062,-7.858435,-0.087891,0
347.7682,-408.251953,-7.859985,-0.087891,0
347.7834,-408.251953,-7.859985,0.000000,0
347.7986,-408.339844,-7.861536,-0.087891,0
347.8138,-408.427734,-7.863086,-0.087891,0
347.8291,-408.427734,-7.863086,0.000000,0
347.8443,-408.515625,-7.864636,-0.087891,0
347.8595,-408.603516,-7.866187,-0.087891,0
347.8747,-408.691406,-7.867737,-0.087891,0
347.8899,-408.691406,-7.867737,0.000000,0
347.9051,-408.779297,-7.869287,-0.087891,0
347.9204,-408.867188,-7.870837,-0.087891,0
347.9356,-408.955078,-7.872388,-0.087891,0
347.9508,-409.042969,-7.873938,-0.087891,0
347.9660,-409.130859,-7.875488,-0.087891,0
347.9813,-409.130859,-7.875488,0.000000,0
347.9965,-409.218750,-7.877039,-0.087891,0
348.0118,-409.218750,-7.877039,0.000000,0
348.0271,-409.394531,-7.880139,-0.175781,0
348.0423,-409.394531,-7.880139,0.000000,0
348.0575,-409.482422,-7.881689,-0.087891,0
348.0727,-409.570312,-7.883240,-0.087891,0
348.0880,-409.570312,-7.883240,0.000000,0
348.1033,-409.746094,-7.886340,-0.175781,0
348.1187,-409.746094,-7.886340,0.000000,0
348.1339,-409.833984,-7.887891,-0.087891,0
348.1492,-409.921875,-7.889441,-0.087891,0
348.1644,-410.009766,-7.890991,-0.087891,0
348.1796,-410.009766,-7.890991,0.000000,0
348.1948,-410.097656,-7.892542,-0.087891,0
348.2106,-410.185547,-7.894092,-0.087891,0
348.2259,-410.273438,-7.895642,-0.087891,0
348.2411,-410.273438,-7.895642,0.000000,0
348.2563,-410.361328,-7.897192,-0.087891,0
348.2715,-410.449219,-7.898743,-0.087891,0
348.2867,-410.537109,-7.900293,-0.087891,0
348.3019,-410.625000,-7.901843,-0.087891,0
348.3178,-410.712891,-7.903394,-0.087891,0
348.3330,-410.800781,-7.904944,-0.087891,0
348.3482,-410.888672,-7.906494,-0.087891,0
348.3634,-410.976562,-7.908044,-0.087891,0
348.3787,-411.064453,-7.909595,-0.087891,0
348.3939,-411.152344,-7.911145,-0.087891,0
348.4092,-411.240234,-7.912695,-0.087891,0
348.4247,-411.240234,-7.912695,0.000000,0
348.4399,-411.416016,-7.915796,-0.175781,0
348.4552,-411.416016,-7.915796,0.000000,0
348.4709,-411.503906,-7.917346,-0.087891,0
348.4862,-411.591797,-7.918896,-0.087891,0
348.5014,-411.679688,-7.920447,-0.087891,0
348.5167,-411.679688,-7.920447,0.000000,0
348.5320,-411.767578,-7.921997,-0.087891,0
348.5473,-411.855469,-7.923547,-0.087891,0
348.5625,-411.943359,-7.925098,-0.087891,0
348.5779,-412.031250,-7.926648,-0.087891,0
348.5931,-412.119141,-7.928198,-0.087891,0
348.6083,-412.119141,-7.928198,0.000000,0
348.6236,-412.119141,-7.928198,0.000000,0
348.6388,-412.294922,-7.931299,-0.175781,0
348.6540,-412.294922,-7.931299,0.000000,0
348.6692,-412.382812,-7.932849,-0.087891,0
348.6845,-412.470703,-7.934399,-0.087891,0
348.6997,-412.558594,-7.935950,-0.087891,0
348.7149,-412.646484,-7.937500,-0.087891,0
348.7303,-412.646484,-7.937500,0.000000,0
348.7455,-412.734375,-7.939050,-0.087891,0
348.7608,-412.822266,-7.940601,-0.087891,0
348.7760,-412.822266,-7.940601,0.000000,0
348.7912,-412.910156,-7.942151,-0.087891,0
348.8065,-412.998047,-7.943701,-0.087891,0
348.8217,-413.085938,-7.945251,-0.087891,0
348.8370,-413.173828,-7.946802,-0.087891,0
348.8522,-413.173828,-7.946802,0.000000,0
348.8675,-413.349609,-7.949902,-0.175781,0
348.8827,-413.437500,-7.951453,-0.087891,0
348.8979,-413.437500,-7.951453,0.000000,0
348.9131,-413.525391,-7.953003,-0.087891,0
348.9283,-413.613281,-7.954553,-0.087891,0
348.9437,-413.613281,-7.954553,0.000000,0
348.9589,-413.701172,-7.956104,-0.087891,0
348.9741,-413.789062,-7.957654,-0.087891,0
348.9893,-413.789062,-7.957654,0.000000,0
349.0045,-413.964844,-7.960754,-0.175781,0
349.0198,-413.964844,-7.960754,0.000000,0
349.0350,-414.140625,-7.963855,-0.175781,0
349.0502,-414.140625,-7.963855,0.000000,0
349.0656,-414.316406,-7.966956,-0.175781,0
349.0808,-414.316406,-7.966956,0.000000,0
349.0960,-414.492188,-7.970056,-0.175781,0
349.1113,-414.492188,-7.970056,0.000000,0
349.1266,-414.580078,-7.971606,-0.087891,0
349.1419,-414.667969,-7.973157,-0.087891,0
349.1571,-414.755859,-7.974707,-0.087891,0
349.1723,-414.843750,-7.976257,-0.087891,0
349.1875,-414.931641,-7.977808,-0.087891,0
349.2028,-415.019531,-7.979358,-0.087891,0
349.2181,-415.107422,-7.980908,-0.087891,0
349.2333,-415.195312,-7.982458,-0.087891,0
349.2485,-415.195312,-7.982458,0.000000,0
349.2637,-415.283203,-7.984009,-0.087891,0
349.2799,-415.283203,-7.984009,0.000000,0
349.2951,-415.458984,-7.987109,-0.175781,0
349.3103,-415.458984,-7.987109,0.000000,0
349.3256,-415.546875,-7.988660,-0.087891,0
349.3410,-415.634766,-7.990210,-0.087891,0
349.3562,-415.634766,-7.990210,0.000000,0
349.3715,-415.722656,-7.991760,-0.087891,0
349.3868,-415.810547,-7.993311,-0.087891,0
349.4021,-415.898438,-7.994861,-0.087891,0
349.4173,-415.898438,-7.994861,0.000000,0
349.4327,-416.074219,-7.997961,-0.175781,0
349.4479,-416.074219,-7.997961,0.000000,0
349.4632,-416.162109,-7.999512,-0.087891,0
349.4784,-416.162109,-7.999512,0.000000,0
349.4940,-416.250000,-8.001062,-0.087891,0
349.5092,-416.337891,-8.002612,-0.087891,0
349.5244,-416.337891,-8.002612,0.000000,0
349.5398,-416.513672,-8.005713,-0.175781,0
349.5550,-416.513672,-8.005713,0.000000,0
349.5702,-416.601562,-8.007263,-0.087891,0
349.5855,-416.689453,-8.008813,-0.087891,0
349.6009,-416.777344,-8.010364,-0.087891,0
349.6162,-416.865234,-8.011914,-0.087891,0
349.6316,-416.953125,-8.013464,-0.087891,0
349.6468,-416.953125,-8.013464,0.000000,0
349.6620,-417.041016,-8.015015,-0.087891,0
349.6772,-417.128906,-8.016565,-0.087891,0
349.6924,-417.128906,-8.016565,0.000000,0
349.7076,-417.216797,-8.018115,-0.087891,0
349.7228,-417.304688,-8.019666,-0.087891,0
349.7381,-417.392578,-8.021216,-0.087891,0
349.7533,-417.480469,-8.022766,-0.087891,0
349.7685,-417.568359,-8.024316,-0.087891,0
349.7837,-417.656250,-8.025867,-0.087891,0
349.7989,-417.744141,-8.027417,-0.087891,0
349.8142,-417.832031,-8.028967,-0.087891,0
349.8294,-417.919922,-8.030518,-0.087891,0
349.8447,-418.007812,-8.032068,-0.087891,0
349.8599,-418.007812,-8.032068,0.000000,0
349.8751,-418.183594,-8.035168,-0.175781,0
349.8904,-418.183594,-8.035168,0.000000,0
349.9059,-418.359375,-8.038269,-0.175781,0
349.9211,-418.359375,-8.038269,0.000000,0
349.9364,-418.447266,-8.039819,-0.087891,0
349.9516,-418.535156,-8.041370,-0.087891,0
349.9668,-418.623047,-8.042920,-0.087891,0
349.9820,-418.623047,-8.042920,0.000000,0
349.9973,-418.710938,-8.044470,-0.087891,0
350.0126,-418.798828,-8.046021,-0.087891,0
350.0279,-418.798828,-8.046021,0.000000,0
350.0432,-418.886719,-8.047571,-0.087891,0
350.0585,-418.974609,-8.049121,-0.087891,0
350.0737,-419.062500,-8.050671,-0.087891,0
350.0890,-419.150391,-8.052222,-0.087891,0
350.1042,-419.238281,-8.053772,-0.087891,0
350.1194,-419.238281,-8.053772,0.000000,0
350.1347,-419.414062,-8.056873,-0.175781,0
350.1500,-419.414062,-8.056873,0.000000,0
350.1652,-419.501953,-8.058423,-0.087891,0
350.1804,-419.501953,-8.058423,0.000000,0
350.1956,-419.501953,-8.058423,0.000000,0
350.2112,-419.501953,-8.058423,0.000000,0
350.2264,-419.501953,-8.058423,0.000000,0
350.2416,-419.501953,-8.058423,0.000000,0
350.2569,-419.501953,-8.058423,0.000000,0
350.2721,-419.501953,-8.058423,0.000000,0
350.2873,-419.501953,-8.058423,0.000000,0
350.3025,-419.501953,-8.058423,0.000000,0
350.3178,-419.501953,-8.058423,0.000000,0
350.3330,-419.501953,-8.058423,0.000000,0
350.3482,-419.501953,-8.058423,0.000000,0
350.3634,-419.501953,-8.058423,0.000000,0
350.3786,-419.501953,-8.058423,0.000000,0
350.3939,-419.501953,-8.058423,0.000000,0
350.4091,-419.501953,-8.058423,0.000000,0
350.4243,-419.501953,-8.058423,0.000000,0
350.4396,-419.501953,-8.058423,0.000000,0
350.4549,-419.501953,-8.058423,0.000000,0
350.4701,-419.501953,-8.058423,0.000000,0
350.4854,-419.501953,-8.058423,0.000000,0
350.5006,-419.501953,-8.058423,0.000000,0
350.5158,-419.501953,-8.058423,0.000000,0
350.5310,-419.501953,-8.058423,0.000000,0
350.5463,-419.501953,-8.058423,0.000000,0
350.5615,-419.501953,-8.058423,0.000000,0
350.5767,-419.501953,-8.058423,0.000000,0
350.5919,-419.501953,-8.058423,0.000000,0
350.6071,-419.501953,-8.058423,0.000000,0
350.6223,-419.501953,-8.058423,0.000000,0
350.6375,-419.501953,-8.058423,0.000000,0
350.6528,-419.501953,-8.058423,0.000000,0
350.6680,-419.501953,-8.058423,0.000000,0
350.6833,-419.501953,-8.058423,0.000000,0
350.6985,-419.501953,-8.058423,0.000000,0
350.7138,-419.501953,-8.058423,0.000000,0
350.7290,-419.501953,-8.058423,0.000000,0
350.7442,-419.501953,-8.058423,0.000000,0
350.7595,-419.501953,-8.058423,0.000000,0
350.7748,-419.501953,-8.058423,0.000000,0
350.7900,-419.501953,-8.058423,0.000000,0
350.8052,-419.501953,-8.058423,0.000000,0
350.8204,-419.501953,-8.058423,0.000000,0
350.8357,-419.501953,-8.058423,0.000000,0
350.8510,-419.501953,-8.058423,0.000000,0
350.8662,-419.414062,-8.056873,0.087891,0
350.8815,-419.501953,-8.058423,-0.087891,0
350.8968,-419.501953,-8.058423,0.000000,0
350.9121,-419.501953,-8.058423,0.000000,0
350.9273,-419.414062,-8.056873,0.087891,0
350.9427,-419.501953,-8.058423,-0.087891,0
350.9581,-419.414062,-8.056873,0.087891,0
350.9734,-419.501953,-8.058423,-0.087891,0
350.9886,-419.414062,-8.056873,0.087891,0
351.0038,-419.414062,-8.056873,0.000000,0
351.0191,-419.414062,-8.056873,0.000000,0
351.0346,-419.414062,-8.056873,0.000000,0
351.0498,-419.414062,-8.056873,0.000000,0
351.0651,-419.414062,-8.056873,0.000000,0
351.0803,-419.414062,-8.056873,0.000000,0
351.0955,-419.414062,-8.056873,0.000000,0
351.1110,-419.414062,-8.056873,0.000000,0
351.1262,-419.414062,-8.056873,0.000000,0
351.1414,-419.414062,-8.056873,0.000000,0
351.1568,-419.414062,-8.056873,0.000000,0
351.1720,-419.414062,-8.056873,0.000000,0
351.1873,-419.414062,-8.056873,0.000000,0
351.2025,-419.414062,-8.056873,0.000000,0
351.2177,-419.414062,-8.056873,0.000000,0
351.2329,-419.414062,-8.056873,0.000000,0
351.2481,-419.414062,-8.056873,0.000000,0
351.2634,-419.414062,-8.056873,0.000000,0
351.2786,-419.414062,-8.056873,0.000000,0
351.2938,-419.414062,-8.056873,0.000000,0
351.3090,-419.326172,-8.055322,0.087891,0
351.3242,-419.414062,-8.056873,-0.087891,0
351.3395,-419.414062,-8.056873,0.000000,0
351.3547,-419.326172,-8.055322,0.087891,0
351.3700,-419.326172,-8.055322,0.000000,0
351.3852,-419.326172,-8.055322,0.000000,0
351.4004,-419.326172,-8.055322,0.000000,0
351.4156,-419.326172,-8.055322,0.000000,0
351.4308,-419.326172,-8.055322,0.000000,0
351.4460,-419.326172,-8.055322,0.000000,0
351.4614,-419.326172,-8.055322,0.000000,0
351.4766,-419.326172,-8.055322,0.000000,0
351.4918,-419.326172,-8.055322,0.000000,0
351.5071,-419.326172,-8.055322,0.000000,0
351.5223,-419.326172,-8.055322,0.000000,0
351.5375,-419.326172,-8.055322,0.000000,0
351.5527,-419.326172,-8.055322,0.000000,0
351.5679,-419.326172,-8.055322,0.000000,0
351.5832,-419.326172,-8.055322,0.000000,0
351.5986,-419.326172,-8.055322,0.000000,0
351.6138,-419.326172,-8.055322,0.000000,0
351.6290,-419.326172,-8.055322,0.000000,0
351.6444,-419.326172,-8.055322,0.000000,0
351.6596,-419.326172,-8.055322,0.000000,0
351.6749,-419.326172,-8.055322,0.000000,0
351.6902,-419.326172,-8.055322,0.000000,0
351.7057,-419.326172,-8.055322,0.000000,0
351.7209,-419.326172,-8.055322,0.000000,0
351.7362,-419.326172,-8.055322,0.000000,0
351.7515,-419.326172,-8.055322,0.000000,0
351.7670,-419.326172,-8.055322,0.000000,0
351.7824,-419.326172,-8.055322,0.000000,0
351.7976,-419.326172,-8.055322,0.000000,0
351.8128,-419.326172,-8.055322,0.000000,0
351.8280,-419.326172,-8.055322,0.000000,0
351.8434,-419.238281,-8.053772,0.087891,0
351.8588,-419.238281,-8.053772,0.000000,0
351.8740,-419.238281,-8.053772,0.000000,0
351.8893,-419.238281,-8.053772,0.000000,0
351.9045,-419.238281,-8.053772,0.000000,0
351.9197,-419.238281,-8.053772,0.000000,0
351.9349,-419.238281,-8.053772,0.000000,0
351.9502,-419.238281,-8.053772,0.000000,0
351.9655,-419.238281,-8.053772,0.000000,0
351.9807,-419.238281,-8.053772,0.000000,0
351.9959,-419.238281,-8.053772,0.000000,0
352.0112,-419.238281,-8.053772,0.000000,0
352.0264,-419.238281,-8.053772,0.000000,0
352.0416,-419.238281,-8.053772,0.000000,0
352.0568,-419.238281,-8.053772,0.000000,0
352.0721,-419.238281,-8.053772,0.000000,0
352.0873,-419.238281,-8.053772,0.000000,0
352.1025,-419.238281,-8.053772,0.000000,0
352.1178,-419.238281,-8.053772,0.000000,0
352.1330,-419.238281,-8.053772,0.000000,0
352.1482,-419.238281,-8.053772,0.000000,0
352.1634,-419.238281,-8.053772,0.000000,0
352.1787,-419.238281,-8.053772,0.000000,0
352.1939,-419.238281,-8.053772,0.000000,0
352.2092,-419.238281,-8.053772,0.000000,0
352.2244,-419.238281,-8.053772,0.000000,0
352.2396,-419.238281,-8.053772,0.000000,0
352.2548,-419.238281,-8.053772,0.000000,0
352.2706,-419.238281,-8.053772,0.000000,0
352.2858,-419.238281,-8.053772,0.000000,0
352.3010,-419.238281,-8.053772,0.000000,0
352.3162,-419.238281,-8.053772,0.000000,0
352.3314,-419.238281,-8.053772,0.000000,0
352.3467,-419.238281,-8.053772,0.000000,0
352.3619,-419.238281,-8.053772,0.000000,0
352.3771,-419.238281,-8.053772,0.000000,0
352.3924,-419.238281,-8.053772,0.000000,0
352.4095,-419.238281,-8.053772,0.000000,0
352.4249,-419.238281,-8.053772,0.000000,0
352.4401,-419.238281,-8.053772,0.000000,0
352.4555,-419.238281,-8.053772,0.000000,0
352.4714,-419.238281,-8.053772,0.000000,0
352.4866,-419.238281,-8.053772,0.000000,0
352.5018,-419.238281,-8.053772,0.000000,0
352.5171,-419.238281,-8.053772,0.000000,0
352.5361,-419.238281,-8.053772,0.000000,0
352.5516,-419.238281,-8.053772,0.000000,0
352.5722,-419.238281,-8.053772,0.000000,0
352.5874,-419.238281,-8.053772,0.000000,0
352.6046,-419.150391,-8.052222,0.087891,0
352.6198,-419.238281,-8.053772,-0.087891,0
352.6396,-419.238281,-8.053772,0.000000,0
352.6572,-419.238281,-8.053772,0.000000,0
352.6761,-419.150391,-8.052222,0.087891,0
352.6916,-419.150391,-8.052222,0.000000,0
352.7068,-419.238281,-8.053772,-0.087891,0
352.7220,-419.150391,-8.052222,0.087891,0
352.7372,-419.150391,-8.052222,0.000000,0
352.7524,-419.150391,-8.052222,0.000000,0
352.7677,-419.150391,-8.052222,0.000000,0
352.7830,-419.150391,-8.052222,0.000000,0
352.7983,-419.150391,-8.052222,0.000000,0
352.8135,-419.150391,-8.052222,0.000000,0
352.8287,-419.150391,-8.052222,0.000000,0
352.8439,-419.150391,-8.052222,0.000000,0
352.8591,-419.150391,-8.052222,0.000000,0
352.8744,-419.150391,-8.052222,0.000000,0
352.8896,-419.150391,-8.052222,0.000000,0
352.9048,-419.150391,-8.052222,0.000000,0
352.9201,-419.150391,-8.052222,0.000000,0
352.9353,-419.150391,-8.052222,0.000000,0
352.9506,-419.150391,-8.052222,0.000000,0
352.9658,-419.150391,-8.052222,0.000000,0
352.9810,-419.150391,-8.052222,0.000000,0
352.9962,-419.150391,-8.052222,0.000000,0
353.0114,-419.150391,-8.052222,0.000000,0
353.0266,-419.150391,-8.052222,0.000000,0
353.0419,-419.150391,-8.052222,0.000000,0
353.0571,-419.150391,-8.052222,0.000000,0
353.0723,-419.150391,-8.052222,0.000000,0
353.0875,-419.150391,-8.052222,0.000000,0
353.1027,-419.150391,-8.052222,0.000000,0
353.1179,-419.150391,-8.052222,0.000000,0
353.1332,-419.150391,-8.052222,0.000000,0
353.1484,-419.150391,-8.052222,0.000000,0
353.1637,-419.150391,-8.052222,0.000000,0
353.1789,-419.150391,-8.052222,0.000000,0
353.1944,-419.150391,-8.052222,0.000000,0
353.2096,-419.150391,-8.052222,0.000000,0
353.2248,-419.150391,-8.052222,0.000000,0
353.2400,-419.150391,-8.052222,0.000000,0
353.2553,-419.150391,-8.052222,0.000000,0
353.2706,-419.150391,-8.052222,0.000000,0
353.2859,-419.150391,-8.052222,0.000000,0
353.3012,-419.150391,-8.052222,0.000000,0
353.3167,-419.150391,-8.052222,0.000000,0
353.3319,-419.150391,-8.052222,0.000000,0
353.3471,-419.150391,-8.052222,0.000000,0
353.3623,-419.150391,-8.052222,0.000000,0
353.3776,-419.150391,-8.052222,0.000000,0
353.3929,-419.150391,-8.052222,0.000000,0
353.4081,-419.150391,-8.052222,0.000000,0
353.4233,-419.150391,-8.052222,0.000000,0
353.4386,-419.150391,-8.052222,0.000000,0
353.4539,-419.150391,-8.052222,0.000000,0
353.4699,-419.150391,-8.052222,0.000000,0
353.4851,-419.150391,-8.052222,0.000000,0
353.5004,-419.150391,-8.052222,0.000000,0
353.5156,-419.150391,-8.052222,0.000000,0
353.5310,-419.150391,-8.052222,0.000000,0
353.5462,-419.150391,-8.052222,0.000000,0
353.5614,-419.150391,-8.052222,0.000000,0
353.5766,-419.150391,-8.052222,0.000000,0
353.5919,-419.150391,-8.052222,0.000000,0
353.6071,-419.150391,-8.052222,0.000000,0
353.6224,-419.150391,-8.052222,0.000000,0
353.6376,-419.150391,-8.052222,0.000000,0
353.6529,-419.150391,-8.052222,0.000000,0
353.6681,-419.150391,-8.052222,0.000000,0
353.6834,-419.150391,-8.052222,0.000000,0
353.6986,-419.150391,-8.052222,0.000000,0
353.7138,-419.150391,-8.052222,0.000000,0
353.7290,-419.150391,-8.052222,0.000000,0
353.7442,-419.150391,-8.052222,0.000000,0
353.7595,-419.150391,-8.052222,0.000000,0
353.7747,-419.150391,-8.052222,0.000000,0
353.7899,-419.150391,-8.052222,0.000000,0
353.8052,-419.150391,-8.052222,0.000000,0
353.8204,-419.150391,-8.052222,0.000000,0
353.8356,-419.150391,-8.052222,0.000000,0
353.8508,-419.150391,-8.052222,0.000000,0
353.8660,-419.150391,-8.052222,0.000000,0
353.8813,-419.150391,-8.052222,0.000000,0
353.8965,-419.150391,-8.052222,0.000000,0
353.9117,-419.150391,-8.052222,0.000000,0
353.9269,-419.150391,-8.052222,0.000000,0
353.9422,-419.150391,-8.052222,0.000000,0
353.9574,-419.150391,-8.052222,0.000000,0
353.9726,-419.150391,-8.052222,0.000000,0
353.9878,-419.150391,-8.052222,0.000000,0
354.0031,-419.150391,-8.052222,0.000000,0
354.0183,-419.150391,-8.052222,0.000000,0
354.0335,-419.150391,-8.052222,0.000000,0
354.0487,-419.150391,-8.052222,0.000000,0
354.0640,-419.150391,-8.052222,0.000000,0
354.0793,-419.150391,-8.052222,0.000000,0
354.0946,-419.150391,-8.052222,0.000000,0
354.1098,-419.150391,-8.052222,0.000000,0
354.1250,-419.150391,-8.052222,0.000000,0
354.1402,-419.150391,-8.052222,0.000000,0
354.1559,-419.150391,-8.052222,0.000000,0
354.1711,-419.150391,-8.052222,0.000000,0
354.1864,-419.150391,-8.052222,0.000000,0
354.2019,-419.150391,-8.052222,0.000000,0
354.2171,-419.150391,-8.052222,0.000000,0
354.2323,-419.150391,-8.052222,0.000000,0
354.2475,-419.150391,-8.052222,0.000000,0
354.2628,-419.150391,-8.052222,0.000000,0
354.2780,-419.150391,-8.052222,0.000000,0
354.2933,-419.150391,-8.052222,0.000000,0
354.3085,-419.150391,-8.052222,0.000000,0
354.3237,-419.150391,-8.052222,0.000000,0
354.3390,-419.150391,-8.052222,0.000000,0
354.3542,-419.150391,-8.052222,0.000000,0
354.3695,-419.150391,-8.052222,0.000000,0
354.3847,-419.150391,-8.052222,0.000000,0
354.3999,-419.150391,-8.052222,0.000000,0
354.4151,-419.150391,-8.052222,0.000000,0
354.4303,-419.150391,-8.052222,0.000000,0
354.4456,-419.150391,-8.052222,0.000000,0
354.4608,-419.150391,-8.052222,0.000000,0
354.4760,-419.150391,-8.052222,0.000000,0
354.4912,-419.150391,-8.052222,0.000000,0
354.5065,-419.150391,-8.052222,0.000000,0
354.5217,-419.150391,-8.052222,0.000000,0
354.5369,-419.150391,-8.052222,0.000000,0
354.5521,-419.150391,-8.052222,0.000000,0
354.5674,-419.150391,-8.052222,0.000000,0
354.5826,-419.150391,-8.052222,0.000000,0
354.5979,-419.150391,-8.052222,0.000000,0
354.6131,-419.150391,-8.052222,0.000000,0
354.6283,-419.062500,-8.050671,0.087891,0
354.6435,-419.150391,-8.052222,-0.087891,0
354.6588,-419.062500,-8.050671,0.087891,0
354.6740,-419.150391,-8.052222,-0.087891,0
354.6895,-419.150391,-8.052222,0.000000,0
354.7047,-419.062500,-8.050671,0.087891,0
354.7199,-419.062500,-8.050671,0.000000,0
354.7351,-419.062500,-8.050671,0.000000,0
354.7503,-419.062500,-8.050671,0.000000,0
354.7656,-419.150391,-8.052222,-0.087891,0
354.7808,-419.062500,-8.050671,0.087891,0
354.7961,-419.062500,-8.050671,0.000000,0
354.8114,-419.062500,-8.050671,0.000000,0
354.8267,-419.062500,-8.050671,0.000000,0
354.8420,-419.062500,-8.050671,0.000000,0
354.8574,-419.062500,-8.050671,0.000000,0
354.8726,-419.062500,-8.050671,0.000000,0
354.8879,-419.150391,-8.052222,-0.087891,0
354.9039,-419.062500,-8.050671,0.087891,0
354.9191,-419.062500,-8.050671,0.000000,0
354.9344,-419.150391,-8.052222,-0.087891,0
354.9496,-419.062500,-8.050671,0.087891,0
354.9649,-419.062500,-8.050671,0.000000,0
354.9802,-419.062500,-8.050671,0.000000,0
354.9954,-419.062500,-8.050671,0.000000,0
355.0107,-419.062500,-8.050671,0.000000,0
355.0259,-419.062500,-8.050671,0.000000,0
355.0411,-419.150391,-8.052222,-0.087891,0
355.0563,-419.062500,-8.050671,0.087891,0
355.0715,-419.062500,-8.050671,0.000000,0
355.0867,-419.062500,-8.050671,0.000000,0
355.1020,-419.150391,-8.052222,-0.087891,0
355.1173,-419.062500,-8.050671,0.087891,0
355.1325,-419.062500,-8.050671,0.000000,0
355.1477,-419.062500,-8.050671,0.000000,0
355.1630,-419.150391,-8.052222,-0.087891,0
355.1790,-419.062500,-8.050671,0.087891,0
355.1944,-419.062500,-8.050671,0.000000,0
355.2097,-419.062500,-8.050671,0.000000,0
355.2249,-419.062500,-8.050671,0.000000,0
355.2401,-419.062500,-8.050671,0.000000,0
355.2558,-419.062500,-8.050671,0.000000,0
355.2710,-419.062500,-8.050671,0.000000,0
355.2863,-419.062500,-8.050671,0.000000,0
355.3016,-419.062500,-8.050671,0.000000,0
355.3169,-419.062500,-8.050671,0.000000,0
355.3321,-419.062500,-8.050671,0.000000,0
355.3473,-419.062500,-8.050671,0.000000,0
355.3626,-419.062500,-8.050671,0.000000,0
355.3778,-419.062500,-8.050671,0.000000,0
355.3933,-419.062500,-8.050671,0.000000,0
355.4086,-419.150391,-8.052222,-0.087891,0
355.4238,-419.062500,-8.050671,0.087891,0
355.4391,-419.062500,-8.050671,0.000000,0
355.4543,-419.150391,-8.052222,-0.087891,0
355.4695,-419.062500,-8.050671,0.087891,0
355.4848,-419.062500,-8.050671,0.000000,0
355.5001,-419.062500,-8.050671,0.000000,0
355.5154,-419.062500,-8.050671,0.000000,0
355.5306,-419.062500,-8.050671,0.000000,0
355.5458,-419.062500,-8.050671,0.000000,0
355.5610,-419.150391,-8.052222,-0.087891,0
355.5763,-419.062500,-8.050671,0.087891,0
355.5918,-419.062500,-8.050671,0.000000,0
355.6071,-419.062500,-8.050671,0.000000,0
355.6224,-419.062500,-8.050671,0.000000,0
355.6376,-419.062500,-8.050671,0.000000,0
355.6529,-419.062500,-8.050671,0.000000,0
355.6682,-419.150391,-8.052222,-0.087891,0
355.6834,-419.150391,-8.052222,0.000000,0
355.6987,-419.150391,-8.052222,0.000000,0
355.7139,-419.150391,-8.052222,0.000000,0
355.7291,-419.150391,-8.052222,0.000000,0
355.7443,-419.150391,-8.052222,0.000000,0
355.7596,-419.062500,-8.050671,0.087891,0
355.7748,-419.150391,-8.052222,-0.087891,0
355.7901,-419.150391,-8.052222,0.000000,0
355.8054,-419.062500,-8.050671,0.087891,0
355.8210,-419.062500,-8.050671,0.000000,0
355.8366,-419.062500,-8.050671,0.000000,0
355.8519,-419.062500,-8.050671,0.000000,0
355.8671,-419.062500,-8.050671,0.000000,0
355.8823,-419.150391,-8.052222,-0.087891,0
355.8975,-419.062500,-8.050671,0.087891,0
355.9128,-419.062500,-8.050671,0.000000,0
355.9281,-419.150391,-8.052222,-0.087891,0
355.9434,-419.062500,-8.050671,0.087891,0
355.9586,-419.062500,-8.050671,0.000000,0
355.9739,-419.062500,-8.050671,0.000000,0
355.9890,-419.062500,-8.050671,0.000000,0
356.0043,-419.062500,-8.050671,0.000000,0
356.0196,-419.062500,-8.050671,0.000000,0
